10970,[2432.]
10971,[2510.]
10972,[2995.]
11109,[2930.]
11110,[3196.]
11111,[2761.]
11112,[2704.]
11113,[2636.]
11249,[2438.]
11250,[2727.]
11251,[2766.]
11252,[3154.]
11253,[2604.]
11388,[2995.]
11389,[2390.]
11390,[2755.]
11391,[2939.]
11392,[2548.]
11528,[2297.]
11529,[2295.]
11530,[2223.]
11531,[2032.]
11532,[2854.]
11667,[2939.]
11668,[2714.]
11669,[2680.]
11670,[2250.]
11671,[2442.]
11672,[2456.]
11807,[2994.]
11808,[2877.]
11809,[2566.]
11810,[2168.]
11811,[2629.]
11812,[2274.]
11946,[2486.]
11947,[3142.]
11948,[2888.]
11949,[2490.]
11950,[3176.]
11951,[2598.]
11952,[2443.]
12085,[2807.]
12086,[2949.]
12087,[2821.]
12088,[2228.]
12089,[2449.]
12090,[2589.]
12091,[2417.]
12092,[3161.]
12093,[2937.]
12225,[2797.]
12226,[3358.]
12227,[2614.]
12228,[2722.]
12229,[3100.]
12230,[2868.]
12231,[3100.]
12232,[2707.]
12233,[2991.]
12365,[2637.]
12366,[2781.]
12367,[3137.]
12368,[2756.]
12369,[2746.]
12370,[2712.]
12371,[2582.]
12372,[3834.]
12506,[3126.]
12507,[3058.]
12508,[3316.]
12509,[3147.]
8078,[3599.]
8079,[3854.]
8080,[2690.]
8081,[3078.]
8082,[3034.]
8217,[3906.]
8218,[3024.]
8219,[3084.]
8220,[3120.]
8221,[3138.]
8222,[3127.]
8356,[3634.]
8357,[3616.]
8358,[3109.]
8359,[3527.]
8360,[3294.]
8361,[3742.]
8362,[3606.]
8496,[3503.]
8497,[3229.]
8498,[3660.]
8499,[3672.]
8500,[3965.]
8501,[3789.]
8502,[3207.]
8635,[3677.]
8636,[3155.]
8637,[3353.]
8638,[3180.]
8639,[3139.]
8640,[3250.]
8641,[3569.]
8642,[2849.]
8643,[2852.]
8644,[3536.]
8645,[3673.]
8774,[3226.]
8775,[3507.]
8776,[3881.]
8777,[3768.]
8778,[3545.]
8779,[2883.]
8780,[3367.]
8781,[3379.]
8782,[3100.]
8783,[3884.]
8784,[4115.]
8914,[3536.]
8915,[3870.]
8916,[3504.]
8917,[3434.]
8918,[3770.]
8919,[3909.]
8920,[3669.]
8921,[3975.]
8922,[3651.]
9057,[3756.]
9058,[4175.]
9059,[3905.]
9060,[4201.]
9061,[3629.]
9199,[4158.]
9200,[4000.]
9201,[4389.]
9340,[3981.]
9349,[3667.]
9488,[3553.]
9489,[3181.]
9627,[3180.]
9628,[3799.]
9629,[3080.]
9630,[3568.]
9767,[3513.]
9768,[3745.]
9769,[3507.]
9770,[3616.]
9771,[3848.]
9772,[3383.]
9773,[3125.]
9774,[3489.]
9775,[3788.]
9776,[3793.]
9907,[3177.]
9908,[3500.]
9909,[3905.]
9910,[3713.]
9911,[3591.]
9912,[3053.]
9913,[3904.]
9914,[4410.]
9915,[3643.]
9916,[3969.]
10047,[4273.]
10048,[3582.]
10049,[4095.]
10050,[3881.]
10051,[3941.]
10052,[3336.]
10053,[3344.]
10054,[3425.]
10055,[3638.]
10191,[4259.]
10192,[4180.]
10193,[3784.]
10194,[3263.]
10195,[3646.]
10333,[3178.]
6510,[2669.]
6649,[3508.]
6650,[3194.]
6651,[3173.]
6652,[3407.]
6653,[3741.]
6787,[3179.]
6788,[2466.]
6789,[3420.]
6790,[2679.]
6791,[3050.]
6792,[3315.]
6793,[3450.]
6794,[3334.]
6795,[3439.]
6928,[2527.]
6929,[2971.]
6930,[3148.]
6931,[3393.]
6932,[2974.]
6933,[3039.]
7068,[2406.]
7069,[2639.]
7070,[2474.]
7071,[3148.]
7072,[3095.]
7209,[2573.]
7210,[2605.]
7211,[2779.]
8073,[3615.]
8074,[3875.]
8213,[3633.]
8214,[3111.]
8353,[2933.]
8354,[3645.]
8355,[3487.]
8493,[3033.]
8494,[2617.]
8495,[2842.]
8633,[3644.]
8634,[3844.]
8773,[3134.]
8913,[4052.]
7653,[2518.]
7654,[2818.]
7792,[2620.]
7793,[3377.]
7931,[2995.]
7932,[2407.]
7933,[3225.]
8068,[2442.]
8069,[2235.]
8070,[3072.]
8071,[3047.]
8072,[3385.]
8207,[2503.]
8208,[2904.]
8209,[3547.]
8210,[3872.]
8211,[3206.]
8212,[3383.]
8345,[2723.]
8346,[2340.]
8347,[3168.]
8348,[3465.]
8349,[2946.]
8350,[2934.]
8351,[3079.]
8352,[3132.]
8485,[3599.]
8486,[3221.]
8487,[2718.]
8488,[2864.]
8489,[3158.]
8490,[2707.]
8491,[3099.]
8492,[3307.]
8624,[3162.]
8625,[3937.]
8626,[2582.]
8627,[2582.]
8628,[4101.]
8629,[3069.]
8630,[2399.]
8631,[2927.]
8632,[2931.]
8770,[2597.]
8771,[3385.]
8772,[2819.]
8910,[3496.]
8911,[4006.]
7872,[2782.]
7873,[2385.]
7874,[2849.]
8009,[2208.]
8010,[2225.]
8011,[2428.]
8012,[2802.]
8013,[2664.]
8014,[3013.]
8015,[2816.]
8148,[2867.]
8149,[2150.]
8150,[2628.]
8151,[2588.]
8152,[2815.]
8153,[2947.]
8154,[3309.]
8155,[2808.]
8156,[2379.]
8157,[2427.]
8286,[2577.]
8287,[2204.]
8288,[2677.]
8289,[2339.]
8290,[2896.]
8291,[2838.]
8292,[2787.]
8293,[3060.]
8294,[2306.]
8295,[3163.]
8296,[3563.]
8297,[2460.]
8426,[2933.]
8427,[2683.]
8428,[2733.]
8429,[2650.]
8430,[2743.]
8431,[2442.]
8432,[2395.]
8433,[3009.]
8434,[3149.]
8435,[3002.]
8436,[3196.]
8437,[2660.]
8438,[3359.]
8566,[2392.]
8567,[2965.]
8568,[2944.]
8569,[2996.]
8570,[3026.]
8571,[2789.]
8572,[2831.]
8573,[2679.]
8574,[2531.]
8575,[3801.]
8576,[3578.]
8577,[3407.]
8578,[3560.]
8579,[2289.]
8706,[2750.]
8707,[2566.]
8708,[2393.]
8709,[3342.]
8710,[3230.]
8711,[1778.]
8712,[2464.]
8713,[3184.]
8714,[3363.]
8715,[2861.]
8716,[3117.]
8717,[3131.]
8718,[3032.]
8719,[2717.]
8847,[2983.]
8848,[3123.]
8849,[2472.]
8850,[2309.]
8851,[2622.]
8852,[2960.]
8853,[3561.]
8854,[2876.]
8855,[3128.]
8856,[3018.]
8857,[2923.]
8858,[2118.]
8859,[2358.]
8987,[2744.]
8988,[2910.]
8989,[2890.]
8990,[3087.]
8991,[2658.]
8992,[2581.]
8993,[2980.]
8994,[3336.]
8995,[2304.]
8996,[2656.]
8997,[2883.]
8998,[2296.]
8999,[2313.]
9000,[2319.]
9127,[2591.]
9128,[2904.]
9129,[2691.]
9130,[3058.]
9131,[3614.]
9132,[3543.]
9133,[2755.]
9134,[3107.]
9135,[2757.]
9136,[2262.]
9137,[2043.]
9138,[2583.]
9139,[2380.]
9140,[2479.]
9141,[2648.]
9267,[3262.]
9268,[3670.]
9269,[3705.]
9270,[3152.]
9271,[2864.]
9272,[3763.]
9273,[2875.]
9274,[2868.]
9275,[2259.]
9276,[2271.]
9277,[2356.]
9278,[2463.]
9279,[2540.]
9280,[2056.]
9281,[2148.]
9282,[2309.]
9407,[3313.]
9408,[3688.]
9409,[3102.]
9410,[3303.]
9411,[3113.]
9412,[3171.]
9413,[3123.]
9414,[2725.]
9415,[2732.]
9416,[2260.]
9417,[2151.]
9418,[2064.]
9419,[2397.]
9420,[2480.]
9421,[1992.]
9422,[2175.]
9548,[3177.]
9549,[2693.]
9550,[2930.]
9551,[2768.]
9552,[3236.]
9553,[3200.]
9554,[2313.]
9555,[2275.]
9556,[2088.]
9557,[2108.]
9558,[2265.]
9559,[2443.]
9560,[2736.]
9561,[2518.]
9562,[2269.]
9563,[2442.]
9689,[2788.]
9690,[2931.]
9691,[3497.]
9692,[2963.]
9693,[552.]
9694,[-126.5]
22037,[3003.]
22177,[2963.]
22178,[2744.]
22179,[2686.]
22180,[3008.]
22181,[3580.]
22182,[3375.]
22183,[3024.]
22184,[3999.]
22185,[4052.]
22317,[2865.]
22318,[3138.]
22319,[3173.]
22320,[3236.]
22321,[3324.]
22322,[3327.]
22323,[3390.]
22324,[3516.]
22325,[3394.]
22457,[2968.]
22458,[3393.]
22459,[2781.]
22460,[3133.]
22461,[2334.]
22462,[2548.]
22463,[2992.]
22464,[4207.]
22465,[3887.]
22466,[3693.]
22467,[3536.]
22597,[2989.]
22598,[2552.]
22599,[2944.]
22600,[2921.]
22601,[1764.]
22602,[3565.]
22603,[3879.]
22604,[3594.]
22605,[3813.]
22606,[3480.]
22607,[3534.]
22737,[2807.]
22738,[2605.]
22739,[2825.]
22740,[3516.]
22741,[3869.]
22742,[3833.]
22743,[3857.]
22744,[2939.]
22745,[3945.]
22746,[3033.]
22878,[3134.]
22879,[3414.]
22880,[3150.]
22881,[4312.]
22882,[4624.]
22883,[3881.]
22884,[3137.]
22885,[3118.]
22886,[3128.]
23018,[3622.]
23019,[4583.]
23020,[4304.]
23021,[4462.]
23022,[4850.]
23023,[3873.]
23024,[2705.]
23025,[2493.]
23158,[4146.]
23159,[4522.]
23160,[2985.]
23161,[2219.]
23162,[3214.]
23163,[2824.]
23298,[3058.]
23439,[2862.]
13635,[3495.]
13774,[4132.]
13775,[3550.]
13776,[4236.]
13777,[4562.]
13914,[3767.]
13915,[3523.]
13916,[4423.]
13917,[4331.]
13918,[4413.]
13919,[3433.]
13920,[3904.]
14054,[3999.]
14055,[3975.]
14056,[4570.]
14057,[4978.]
14058,[4273.]
14059,[3891.]
14060,[4082.]
14061,[3617.]
14062,[3505.]
14194,[3659.]
14195,[3777.]
14196,[4093.]
14197,[4028.]
14198,[3461.]
14199,[4323.]
14200,[4429.]
14201,[3454.]
14202,[4547.]
14333,[3439.]
14334,[3286.]
14335,[3261.]
14336,[3519.]
14337,[3447.]
14338,[4916.]
14339,[4605.]
14340,[4143.]
14341,[4037.]
14473,[3527.]
14474,[3845.]
14475,[3705.]
14476,[2917.]
14477,[4250.]
14478,[4302.]
14479,[3574.]
14480,[4285.]
14481,[2982.]
14614,[4031.]
14615,[3850.]
14616,[3621.]
14617,[4025.]
14618,[3122.]
14619,[3430.]
14620,[2423.]
14621,[3273.]
14755,[3592.]
14756,[3519.]
14757,[3903.]
14758,[4008.]
14759,[3032.]
14760,[3974.]
14897,[4108.]
14898,[2943.]
14900,[3862.]
14901,[3637.]
15040,[4150.]
15041,[3469.]
15180,[3595.]
23137,[2343.]
23138,[2418.]
23277,[2124.]
23278,[2550.]
23279,[2019.]
23280,[2208.]
23281,[3119.]
23417,[2211.]
23418,[2054.]
23419,[2188.]
23420,[2291.]
23421,[2908.]
23422,[3005.]
23423,[2904.]
23424,[2554.]
23557,[1732.]
23558,[1864.]
23559,[2084.]
23560,[2321.]
23561,[2178.]
23562,[2761.]
23563,[3229.]
23564,[2175.]
23697,[1976.]
23698,[2229.]
23699,[2192.]
23700,[2191.]
23701,[2221.]
23702,[2968.]
23703,[2620.]
23704,[2565.]
23837,[2389.]
23838,[2255.]
23839,[2987.]
23840,[2633.]
23841,[2154.]
23842,[2342.]
23843,[2753.]
23844,[2612.]
23845,[3013.]
23978,[2026.]
23979,[3123.]
23980,[2941.]
23981,[2073.]
23982,[2515.]
23983,[2560.]
23984,[2953.]
23985,[2937.]
23986,[3047.]
24120,[2543.]
24121,[2436.]
24122,[2241.]
24123,[3007.]
24124,[2900.]
24125,[2560.]
24126,[2513.]
24262,[2486.]
24263,[2541.]
24264,[3067.]
24265,[2256.]
24402,[2608.]
24403,[3618.]
24404,[2991.]
24542,[3490.]
24543,[2531.]
24544,[2789.]
6424,[3803.]
6564,[3809.]
6702,[4149.]
6703,[3822.]
6704,[4034.]
6842,[3783.]
6843,[3467.]
6844,[3272.]
6981,[3957.]
6982,[3563.]
6983,[3613.]
6984,[3570.]
6985,[3564.]
7120,[3111.]
7121,[3748.]
7122,[3253.]
7123,[3948.]
7124,[3632.]
7260,[3563.]
7261,[2885.]
7262,[3156.]
7263,[3785.]
7264,[3056.]
7265,[2227.]
7401,[3368.]
7402,[3709.]
7403,[3272.]
7404,[3416.]
7542,[3310.]
7543,[3466.]
7544,[3292.]
7545,[3575.]
7546,[3129.]
7684,[2635.]
7685,[3287.]
7686,[3309.]
7824,[2980.]
7825,[3191.]
12122,[4817.]
12261,[4266.]
12262,[4624.]
12402,[4695.]
12403,[4418.]
12404,[4152.]
12541,[4512.]
12542,[4543.]
12543,[3699.]
12544,[3976.]
12545,[4129.]
12682,[4324.]
12683,[3452.]
12684,[3447.]
12685,[3747.]
12823,[3477.]
12824,[3639.]
12825,[3368.]
12826,[2696.]
12827,[4094.]
12828,[843.5]
12964,[3685.]
12965,[3668.]
12966,[2753.]
12967,[4789.]
12968,[4519.]
13104,[3794.]
13105,[2190.]
13106,[3590.]
13107,[3892.]
13246,[2585.]
13247,[2625.]
6511,[3410.]
6512,[3452.]
6513,[3823.]
6514,[3608.]
6515,[3833.]
6516,[3324.]
6654,[3210.]
6655,[3426.]
6656,[3219.]
6796,[2749.]
5122,[3939.]
5123,[3614.]
5124,[3514.]
5261,[4168.]
5262,[3452.]
5263,[3477.]
5264,[3600.]
5265,[3308.]
5396,[3706.]
5397,[3595.]
5398,[3589.]
5400,[3870.]
5401,[3486.]
5402,[3108.]
5403,[3432.]
5404,[3201.]
5536,[3466.]
5537,[3932.]
5538,[3279.]
5539,[3723.]
5540,[3830.]
5541,[3415.]
5542,[3328.]
5543,[2951.]
5676,[3475.]
5677,[3412.]
5678,[3394.]
5679,[3534.]
5680,[3704.]
5681,[3694.]
5682,[3156.]
5683,[3296.]
5684,[3069.]
5816,[3629.]
5817,[3931.]
5818,[3556.]
5819,[3517.]
5820,[3426.]
5821,[3526.]
5822,[3836.]
5823,[3278.]
5824,[3497.]
5825,[3346.]
5956,[3233.]
5957,[3545.]
5958,[3731.]
5959,[3392.]
5960,[3537.]
5961,[3533.]
5962,[3740.]
5963,[3809.]
5964,[3584.]
5965,[3309.]
5966,[3348.]
5967,[2941.]
6094,[2841.]
6095,[3562.]
6096,[3356.]
6097,[3260.]
6098,[3376.]
6099,[3717.]
6100,[3671.]
6101,[3806.]
6102,[3607.]
6103,[3416.]
6104,[3125.]
6105,[3644.]
6106,[3769.]
6234,[3767.]
6235,[3774.]
6236,[3136.]
6237,[3032.]
6238,[2860.]
6239,[3387.]
6240,[3409.]
6241,[3193.]
6242,[3059.]
6243,[3412.]
6244,[3740.]
6245,[3643.]
6373,[3400.]
6374,[3403.]
6375,[3592.]
6376,[3170.]
6377,[4025.]
6378,[3372.]
6379,[3496.]
6380,[3623.]
6381,[3822.]
6382,[3063.]
6383,[3324.]
6384,[3674.]
6385,[3224.]
6517,[3069.]
6518,[3452.]
6519,[3613.]
6520,[3804.]
6521,[3732.]
6522,[3129.]
6523,[3705.]
6524,[3587.]
6657,[3027.]
6658,[3205.]
6659,[3272.]
6660,[3927.]
6661,[3798.]
6662,[3781.]
6663,[3710.]
6664,[3256.]
6797,[3478.]
6798,[2726.]
6799,[3468.]
6800,[3226.]
6801,[3419.]
6802,[3684.]
6803,[4003.]
6937,[2933.]
6938,[3418.]
6939,[3337.]
18659,[3224.]
18660,[3248.]
18799,[2735.]
18800,[3332.]
18801,[2988.]
18802,[2867.]
18803,[3008.]
18938,[2932.]
18939,[3072.]
18940,[2970.]
18941,[2828.]
18942,[3410.]
18943,[3271.]
18944,[2769.]
18945,[2866.]
18947,[3142.]
18948,[3070.]
19077,[3106.]
19078,[3319.]
19079,[2967.]
19080,[3592.]
19081,[2918.]
19082,[3014.]
19083,[3031.]
19084,[2952.]
19085,[3020.]
19086,[3930.]
19087,[3243.]
19216,[3268.]
19217,[2704.]
19218,[2556.]
19219,[2887.]
19220,[3391.]
19221,[4148.]
19222,[3010.]
19223,[3397.]
19224,[3676.]
19225,[3126.]
19226,[3220.]
19227,[3505.]
19355,[2305.]
19356,[2824.]
19357,[3066.]
19358,[3344.]
19359,[4144.]
19360,[3275.]
19361,[3259.]
19362,[3044.]
19363,[3249.]
19364,[3527.]
19365,[3485.]
19366,[3259.]
19367,[3037.]
19496,[2830.]
19497,[3400.]
19498,[2750.]
19499,[2991.]
19500,[2983.]
19501,[3163.]
19502,[2779.]
19503,[3047.]
19504,[3104.]
19505,[2798.]
19506,[3001.]
19507,[2958.]
19508,[2966.]
19638,[2868.]
19639,[2819.]
19640,[2559.]
19641,[2696.]
19642,[2855.]
19779,[2875.]
19780,[2633.]
17422,[3269.]
17423,[2607.]
17424,[1699.]
17560,[3598.]
17561,[3137.]
17562,[4149.]
17563,[3503.]
17564,[2473.]
17700,[3225.]
17701,[2826.]
17702,[3840.]
17703,[3821.]
17704,[2797.]
17705,[1045.]
17706,[2272.]
17838,[3247.]
17839,[3455.]
17840,[3145.]
17841,[3744.]
17842,[3671.]
17843,[3036.]
17844,[3698.]
17845,[1035.]
17846,[763.]
17977,[3002.]
17978,[2928.]
17979,[3145.]
17980,[2601.]
17981,[3007.]
17982,[3412.]
17983,[3175.]
17984,[2949.]
17985,[2940.]
18118,[2823.]
18119,[2910.]
18120,[2700.]
18121,[2515.]
18122,[2879.]
18123,[2999.]
18124,[2571.]
18257,[3300.]
18258,[3608.]
18259,[2901.]
18260,[3310.]
18397,[3724.]
18398,[3619.]
18399,[4085.]
8064,[3435.]
8204,[2900.]
8205,[3106.]
8206,[3226.]
8344,[3443.]
8484,[2908.]
7639,[3713.]
7779,[3173.]
7780,[3413.]
7918,[3478.]
7919,[3225.]
7920,[3152.]
7921,[3129.]
8058,[3414.]
8059,[3848.]
8060,[2963.]
8061,[2852.]
8062,[3315.]
8063,[2938.]
8198,[3301.]
8199,[2963.]
8200,[2600.]
8201,[2605.]
8202,[2685.]
8203,[3326.]
8339,[3003.]
8340,[2848.]
8341,[2255.]
8342,[2648.]
8343,[2606.]
8480,[2821.]
8481,[2618.]
8482,[3238.]
8483,[3068.]
8619,[2968.]
8620,[3289.]
8621,[2862.]
8622,[2757.]
8623,[2646.]
8759,[3318.]
8760,[2628.]
8761,[2476.]
8762,[2293.]
8763,[2725.]
8898,[3218.]
8899,[3154.]
8900,[3092.]
8901,[3077.]
8902,[2927.]
9040,[3677.]
9041,[3196.]
15305,[3045.]
15306,[3188.]
15443,[4494.]
15444,[3010.]
15445,[3166.]
15446,[3578.]
15447,[4138.]
15583,[3467.]
15584,[3691.]
15585,[3413.]
15586,[3723.]
15587,[3805.]
15588,[2896.]
15724,[3119.]
15725,[3154.]
15726,[3533.]
15727,[3871.]
15728,[4194.]
15729,[4038.]
15864,[3485.]
15865,[2970.]
15866,[3767.]
15867,[3883.]
15868,[4269.]
15869,[4681.]
15870,[4319.]
15871,[4588.]
15873,[3815.]
16004,[4218.]
16005,[3783.]
16006,[4035.]
16007,[5067.]
16008,[4782.]
16009,[4705.]
16010,[4415.]
16011,[4261.]
16012,[4075.]
16013,[3985.]
16014,[2919.]
16146,[2589.]
16147,[3974.]
16148,[5233.]
16149,[5005.]
16150,[4486.]
16151,[4240.]
16152,[4077.]
16153,[4145.]
16154,[4075.]
16286,[3648.]
16287,[4524.]
16288,[4463.]
16289,[4004.]
16290,[4122.]
16291,[4095.]
16292,[3505.]
16293,[3741.]
16294,[3150.]
16426,[5799.]
16427,[5215.]
16428,[4517.]
16429,[3603.]
16430,[4538.]
16433,[3612.]
16565,[5038.]
16566,[4499.]
16567,[4868.]
16568,[4366.]
16569,[3643.]
16707,[4421.]
16708,[4318.]
16709,[4098.]
16848,[3999.]
14896,[3814.]
14899,[4130.]
15036,[3517.]
15037,[3045.]
15038,[3585.]
15039,[3821.]
15175,[3504.]
15176,[3181.]
15177,[3970.]
15178,[3274.]
15179,[3490.]
15315,[3721.]
15455,[4051.]
15595,[4509.]
15735,[4185.]
15316,[4311.]
15317,[3642.]
15318,[2899.]
15319,[3283.]
15320,[3897.]
15456,[3853.]
15457,[3914.]
15458,[3817.]
15459,[3784.]
15460,[3095.]
15461,[3703.]
15596,[4031.]
15597,[4508.]
15598,[3551.]
15599,[3655.]
15600,[3368.]
15601,[3182.]
15736,[4170.]
15737,[4448.]
15738,[4167.]
15739,[3641.]
15740,[3306.]
15741,[3276.]
15877,[4508.]
15878,[4520.]
15879,[4312.]
15880,[4262.]
15881,[3815.]
7649,[3050.]
7650,[2532.]
7651,[3098.]
7652,[3009.]
6525,[3598.]
6665,[3117.]
6666,[2778.]
6667,[3288.]
6804,[3834.]
6805,[3888.]
6806,[3936.]
6807,[3781.]
6940,[3404.]
6941,[3746.]
6942,[3028.]
6943,[3456.]
6944,[3629.]
6945,[3618.]
6946,[3477.]
6947,[3062.]
7077,[3351.]
7078,[3588.]
7079,[3564.]
7080,[3361.]
7081,[3502.]
7082,[3578.]
7083,[3366.]
7084,[3993.]
7085,[3817.]
7086,[3356.]
7087,[3110.]
6390,[3567.]
6391,[3652.]
6392,[3906.]
6528,[3437.]
6529,[3301.]
6530,[3129.]
6531,[3791.]
6532,[3601.]
6668,[3777.]
6669,[3516.]
6670,[2966.]
6671,[3488.]
6672,[3548.]
6673,[3669.]
6674,[3136.]
6808,[3208.]
6809,[2968.]
6810,[3072.]
6811,[3158.]
6812,[3445.]
6813,[3339.]
6814,[2953.]
6948,[2757.]
6949,[2934.]
6950,[3581.]
6951,[3055.]
6952,[3317.]
7088,[3047.]
7089,[3317.]
7090,[3450.]
7091,[3292.]
7092,[3608.]
7217,[3265.]
7218,[3471.]
7219,[3328.]
7220,[3355.]
7221,[3233.]
7222,[3717.]
7223,[3739.]
7224,[3535.]
7225,[3533.]
7226,[3234.]
7227,[3398.]
7228,[3299.]
7229,[3230.]
7230,[3888.]
7231,[3414.]
7232,[2827.]
7359,[3568.]
7363,[3745.]
7364,[3618.]
7365,[3722.]
7366,[2742.]
7367,[3301.]
7368,[2981.]
7369,[3127.]
7370,[3269.]
7371,[2677.]
7372,[3220.]
7506,[3317.]
7507,[3736.]
7508,[3204.]
7509,[2852.]
7510,[3059.]
7511,[2844.]
7512,[2945.]
24266,[2648.]
24405,[3085.]
24406,[4413.]
24545,[2982.]
24546,[3733.]
24407,[3096.]
24547,[3129.]
24685,[3035.]
24686,[3591.]
24687,[3811.]
24688,[2885.]
24824,[2876.]
24825,[3408.]
24826,[3065.]
24827,[4570.]
24828,[4240.]
24963,[2816.]
24964,[3434.]
24965,[3372.]
24966,[4207.]
25103,[3107.]
25104,[3235.]
25105,[3609.]
8083,[3052.]
8084,[3423.]
8085,[3170.]
8223,[3431.]
8224,[3809.]
8225,[3422.]
8363,[3370.]
8364,[3236.]
8365,[3500.]
8503,[3358.]
8504,[2921.]
8505,[3457.]
7109,[2545.]
7110,[3032.]
7247,[3420.]
7248,[3161.]
7249,[3014.]
7250,[2995.]
7251,[3836.]
7385,[2968.]
7386,[3267.]
7387,[2778.]
7388,[3443.]
7389,[3388.]
7390,[2970.]
7391,[3309.]
7524,[3391.]
7525,[3224.]
7526,[3276.]
7527,[3409.]
7528,[3222.]
7529,[3145.]
7530,[4841.]
7531,[3991.]
7664,[3929.]
7665,[3382.]
7666,[3267.]
7667,[3532.]
7668,[3671.]
7669,[3372.]
7670,[2519.]
7671,[3661.]
7804,[3272.]
7805,[3498.]
7806,[3820.]
7807,[3368.]
7808,[3388.]
7809,[3976.]
7810,[3636.]
7811,[3936.]
7943,[3729.]
7944,[3463.]
7945,[3063.]
7946,[3319.]
7947,[2998.]
7948,[3677.]
7949,[4068.]
7950,[4251.]
7951,[3922.]
8086,[2998.]
8087,[3342.]
8088,[3558.]
8089,[3924.]
8090,[4681.]
8226,[5053.]
8227,[3753.]
8228,[3291.]
8229,[4158.]
8230,[3354.]
8366,[3672.]
8367,[3799.]
8368,[3340.]
8369,[3350.]
8370,[4121.]
8371,[3636.]
8506,[3585.]
8507,[3781.]
8508,[4330.]
8509,[3935.]
8510,[3623.]
17986,[3374.]
17987,[2856.]
18125,[3421.]
18126,[3175.]
18261,[2124.]
18262,[3547.]
18263,[3514.]
18264,[3027.]
18265,[3485.]
18266,[3514.]
18400,[2639.]
18401,[3886.]
18402,[3990.]
18403,[3557.]
18404,[3025.]
18405,[3205.]
18406,[3539.]
18407,[3226.]
18537,[3322.]
18538,[3221.]
18539,[3832.]
18540,[3567.]
18541,[4105.]
18542,[4386.]
18543,[3720.]
18544,[3278.]
18545,[4221.]
18546,[4448.]
18547,[1518.]
18681,[3226.]
18682,[3934.]
18683,[3458.]
18684,[3144.]
18685,[3746.]
18821,[3525.]
18822,[3685.]
18823,[3118.]
18824,[3226.]
18961,[2994.]
7961,[4005.]
8098,[4488.]
8099,[3733.]
8100,[3730.]
8101,[4212.]
8102,[4306.]
8237,[3699.]
8238,[3275.]
8239,[2977.]
8240,[2657.]
8241,[3451.]
8242,[3265.]
8378,[3207.]
8379,[3352.]
8380,[3324.]
8381,[4249.]
8382,[3678.]
8383,[4130.]
8519,[3608.]
8520,[4186.]
8521,[3420.]
8522,[2518.]
8660,[4318.]
8661,[3637.]
8662,[3327.]
8799,[4620.]
8800,[4462.]
8801,[4464.]
8802,[4219.]
8803,[4357.]
8938,[4131.]
8939,[4680.]
8940,[4377.]
8941,[4743.]
9080,[4055.]
10187,[3457.]
10188,[3611.]
10189,[3242.]
10190,[3760.]
10328,[3102.]
10329,[3359.]
10330,[3651.]
10331,[4231.]
10332,[4241.]
10468,[2939.]
10469,[3199.]
10470,[3629.]
10471,[2999.]
10472,[3606.]
10473,[3852.]
10608,[3439.]
10609,[3148.]
10610,[3677.]
10611,[3967.]
10612,[4368.]
10613,[3602.]
10748,[3936.]
10749,[3178.]
10750,[3761.]
10751,[3917.]
10752,[4012.]
10753,[3938.]
10754,[3634.]
10889,[4069.]
10890,[3282.]
10891,[3483.]
10892,[4117.]
10893,[3959.]
10894,[3822.]
10895,[3968.]
11029,[3455.]
11030,[3504.]
11031,[3827.]
11032,[3642.]
11033,[3495.]
11034,[2959.]
11035,[3293.]
11168,[3256.]
11169,[3264.]
11170,[3590.]
11171,[3730.]
11172,[3763.]
11173,[2952.]
11309,[3034.]
11310,[3193.]
11311,[3870.]
11312,[2382.]
11450,[3604.]
8091,[4193.]
8231,[3506.]
8511,[3388.]
8377,[4069.]
8517,[3498.]
7672,[3834.]
7673,[3416.]
7812,[3445.]
7813,[3812.]
7814,[4307.]
7815,[3860.]
7952,[4587.]
7953,[4016.]
7954,[3869.]
7955,[3868.]
7956,[4284.]
8092,[4091.]
8093,[4370.]
8094,[4009.]
8095,[4124.]
8096,[4276.]
8232,[3934.]
8233,[4518.]
8234,[4186.]
8235,[4229.]
8236,[4415.]
8372,[3606.]
8373,[4238.]
8374,[4310.]
8375,[4085.]
8376,[4654.]
8512,[3990.]
8513,[3371.]
8514,[3562.]
8515,[3270.]
8516,[3317.]
8652,[3475.]
8653,[4101.]
5127,[2634.]
2897,[3148.]
2898,[2985.]
2899,[1939.]
3036,[3295.]
3037,[3085.]
3038,[2749.]
3039,[3838.]
3040,[2549.]
3176,[3573.]
3177,[2996.]
3178,[2340.]
3179,[2484.]
3180,[2697.]
3181,[2838.]
3315,[2626.]
3316,[3340.]
3317,[2277.]
3318,[2432.]
3319,[2700.]
3320,[3111.]
3321,[2018.]
3446,[4000.]
3454,[3594.]
3455,[2548.]
3456,[3034.]
3457,[3352.]
3458,[3041.]
3459,[3243.]
3460,[2975.]
3461,[2768.]
3586,[3474.]
3587,[2884.]
3588,[3043.]
3589,[4194.]
3590,[3686.]
3592,[3204.]
3593,[3443.]
3594,[2894.]
3595,[2644.]
3596,[3202.]
3597,[2860.]
3598,[2209.]
3599,[2525.]
3600,[2267.]
3601,[2321.]
3726,[3186.]
3727,[2895.]
3728,[2961.]
3729,[3102.]
3730,[3361.]
3731,[3573.]
3732,[3830.]
3733,[3449.]
3734,[2803.]
3735,[3203.]
3736,[2460.]
3737,[2193.]
3738,[2874.]
3739,[1792.]
3740,[2145.]
3741,[3041.]
3865,[3058.]
3866,[3077.]
3867,[3680.]
3868,[2649.]
3869,[3550.]
3870,[4113.]
3871,[3003.]
3872,[3461.]
3873,[3620.]
3874,[3187.]
3875,[2955.]
3876,[2948.]
3877,[2624.]
3878,[3063.]
3879,[2754.]
3880,[2532.]
3881,[2132.]
4005,[2804.]
4006,[3097.]
4007,[3374.]
4008,[3287.]
4009,[3680.]
4010,[3678.]
4011,[3273.]
4012,[3262.]
4013,[4003.]
4014,[3928.]
4015,[3145.]
4016,[3020.]
4017,[2646.]
4018,[2701.]
4019,[2477.]
4020,[2789.]
4021,[3297.]
4144,[3451.]
4145,[3250.]
4146,[3276.]
4147,[3459.]
4148,[3591.]
4149,[2602.]
4150,[3588.]
4151,[3445.]
4152,[3315.]
4153,[3429.]
4154,[3506.]
4155,[3183.]
4156,[2964.]
4157,[3039.]
4158,[3361.]
4159,[3157.]
4160,[2784.]
4284,[3572.]
4285,[3230.]
4286,[3577.]
4287,[3273.]
4288,[3257.]
4289,[2916.]
4290,[3336.]
4291,[3317.]
4292,[3261.]
4293,[3618.]
4294,[3326.]
4295,[3026.]
4296,[3209.]
4297,[2439.]
4298,[2840.]
4299,[2441.]
4423,[3376.]
4424,[3367.]
4425,[3220.]
4426,[3309.]
4427,[3102.]
4428,[3536.]
4429,[3520.]
4430,[3768.]
4431,[3512.]
4432,[2956.]
4433,[3232.]
4434,[2968.]
4435,[3300.]
4436,[3522.]
4563,[3508.]
4564,[3499.]
4565,[3342.]
4566,[3471.]
4567,[3073.]
4568,[3117.]
4569,[3653.]
4570,[3162.]
4571,[3430.]
4572,[2686.]
4573,[2503.]
4574,[2881.]
4575,[2993.]
4705,[3552.]
4706,[3125.]
4707,[3385.]
4708,[3737.]
4709,[3571.]
4710,[3369.]
4711,[3538.]
4712,[3056.]
4713,[2389.]
4714,[3586.]
4846,[3581.]
4847,[3016.]
4848,[3484.]
4849,[2729.]
4850,[3284.]
4851,[3415.]
4987,[3370.]
4988,[3359.]
4989,[3173.]
4990,[3187.]
9078,[4295.]
9079,[4576.]
9081,[4511.]
9217,[4232.]
9218,[4319.]
9219,[4886.]
9220,[4189.]
9221,[4505.]
9357,[4171.]
9358,[4097.]
9359,[3802.]
9360,[4001.]
9361,[4476.]
9497,[4041.]
9498,[3671.]
9499,[4139.]
9500,[4177.]
9501,[4217.]
9502,[4099.]
9503,[3830.]
9637,[4298.]
9638,[2902.]
9639,[3693.]
9640,[4216.]
9641,[3881.]
9642,[4036.]
9643,[3096.]
9777,[4096.]
9778,[4250.]
9779,[4738.]
9780,[4271.]
9781,[4575.]
9782,[3929.]
9918,[4753.]
9919,[3945.]
9920,[4144.]
9921,[3200.]
10059,[4323.]
10060,[3271.]
3421,[-14.5]
3422,[-19.]
3423,[22.]
3424,[3686.]
3425,[3031.]
3426,[3524.]
3427,[3621.]
3428,[3438.]
3561,[4.]
3562,[8.5]
3563,[1.]
3564,[3930.]
3565,[3140.]
3566,[3293.]
3567,[3626.]
3568,[3632.]
3700,[27.5]
3701,[-8.]
3702,[11.5]
3703,[15.]
3704,[3790.]
3705,[2552.]
3706,[3623.]
3707,[3184.]
3708,[3225.]
3840,[-23.5]
3841,[22.]
3842,[44.5]
3843,[78.]
3844,[3876.]
3845,[3829.]
3846,[3417.]
3847,[3350.]
3979,[-33.]
3980,[3.]
3981,[9.]
3982,[15.]
3983,[85.5]
3984,[3760.]
3985,[3439.]
3986,[3385.]
4119,[-5.]
4120,[15.]
4121,[26.]
4122,[77.]
4123,[3506.]
4124,[3504.]
4125,[3428.]
4126,[2912.]
4259,[-29.]
4260,[31.]
4261,[41.]
4262,[3688.]
4263,[3643.]
4264,[3246.]
4265,[3465.]
4266,[3343.]
4398,[-17.]
4399,[-41.]
4400,[14.5]
4401,[28.5]
4402,[3313.]
4403,[3582.]
4404,[3180.]
4405,[3254.]
4406,[3881.]
4538,[-21.]
4539,[24.]
4540,[-7.]
4541,[1065.]
4542,[3191.]
4543,[3369.]
4544,[3583.]
4545,[4004.]
4546,[3486.]
4679,[-6.]
4680,[-11.]
4681,[846.]
4682,[3516.]
4683,[3561.]
4684,[3834.]
4685,[3571.]
4686,[3768.]
4819,[-4.]
4820,[-16.]
4821,[129.]
4822,[3352.]
4823,[3605.]
4824,[2309.]
4825,[3126.]
4826,[3499.]
4959,[-35.5]
4960,[4.5]
4961,[85.]
4962,[3164.]
4963,[3537.]
4964,[4026.]
4965,[3591.]
4966,[3607.]
5100,[2.]
5101,[32.5]
5102,[7.]
5103,[3570.]
5104,[3675.]
5105,[2625.]
5240,[7.5]
5241,[20.]
5242,[88.]
5243,[3458.]
5244,[3335.]
5245,[3167.]
5380,[0.]
5381,[56.]
5382,[3940.]
5383,[4305.]
5384,[4015.]
5520,[12.]
5521,[34.]
5522,[3208.]
5523,[3955.]
5524,[2979.]
5660,[36.]
5661,[20.]
5662,[163.5]
5663,[3958.]
7758,[2110.]
7893,[2672.]
7894,[1971.]
7895,[2414.]
7896,[2721.]
7897,[2269.]
7898,[1959.]
8034,[2353.]
8035,[2399.]
8036,[1891.]
8037,[2257.]
8038,[2233.]
8039,[1818.]
8174,[2473.]
8175,[2667.]
8176,[2200.]
8177,[2266.]
8178,[2075.]
8179,[1523.]
8315,[2649.]
8316,[2699.]
8317,[2371.]
8318,[2159.]
8455,[2831.]
8456,[2832.]
8457,[2849.]
8595,[2522.]
8596,[3053.]
8736,[2787.]
3182,[2008.]
3322,[2260.]
3462,[2488.]
3602,[2875.]
3742,[3036.]
2494,[4037.]
2495,[4071.]
2632,[3553.]
2633,[3245.]
2634,[4535.]
2635,[3983.]
2767,[2385.]
2768,[3052.]
2769,[2012.]
2770,[3553.]
2771,[3570.]
2772,[3840.]
2773,[3481.]
2774,[4208.]
2905,[1843.]
2906,[2932.]
2907,[2768.]
2908,[2070.]
2909,[3053.]
2910,[3775.]
2911,[4476.]
2912,[4903.]
2913,[4420.]
2914,[4859.]
3043,[2411.]
3044,[3085.]
3045,[2061.]
3046,[3136.]
3047,[2250.]
3048,[3262.]
3049,[3914.]
3050,[3410.]
3051,[4158.]
3052,[4577.]
3053,[4457.]
3054,[4266.]
3183,[2122.]
3184,[2901.]
3185,[2336.]
3186,[2039.]
3187,[2760.]
3188,[3521.]
3189,[4165.]
3190,[3401.]
3191,[4137.]
3192,[3519.]
3193,[3441.]
3194,[4084.]
3323,[2532.]
3324,[2141.]
3325,[2403.]
3326,[2113.]
3327,[2757.]
3328,[2889.]
3329,[2606.]
3330,[2700.]
3331,[3874.]
3332,[4071.]
3333,[3859.]
3334,[4479.]
3335,[3751.]
3336,[4227.]
3337,[4056.]
3463,[2734.]
3464,[1671.]
3465,[2364.]
3466,[1988.]
3467,[3024.]
3468,[2859.]
3469,[2458.]
3470,[4488.]
3471,[3482.]
3472,[3109.]
3473,[3828.]
3474,[3036.]
3475,[4170.]
3476,[4786.]
3477,[4851.]
3478,[4059.]
3603,[2943.]
3604,[3105.]
3605,[2675.]
3606,[2702.]
3607,[2421.]
3608,[1789.]
3609,[3731.]
3610,[3427.]
3611,[3837.]
3612,[3545.]
3613,[3419.]
3614,[4349.]
3615,[4319.]
3616,[4485.]
3743,[2348.]
3744,[2712.]
3745,[2889.]
3746,[3056.]
3747,[3680.]
3748,[4631.]
3749,[2875.]
3750,[3895.]
3751,[3775.]
3752,[3760.]
3753,[3200.]
3754,[3456.]
3755,[4145.]
3885,[3280.]
3886,[3487.]
3888,[4179.]
3889,[3619.]
3890,[3378.]
3891,[3762.]
3892,[3587.]
3893,[3641.]
3894,[3896.]
4028,[3975.]
4029,[3475.]
4030,[4026.]
4031,[3764.]
4032,[2593.]
4033,[2936.]
4034,[3442.]
4170,[3713.]
4171,[2744.]
4172,[3212.]
22038,[2815.]
22039,[3174.]
22040,[2696.]
22041,[3383.]
22042,[2946.]
22043,[3135.]
22044,[3654.]
22045,[3861.]
19938,[3621.]
19939,[4021.]
19940,[3495.]
20077,[3557.]
20078,[4017.]
20079,[3628.]
20080,[3670.]
20081,[2775.]
20216,[2962.]
20217,[3494.]
20218,[3673.]
20219,[3330.]
20220,[3508.]
20221,[3341.]
20356,[2857.]
20357,[3443.]
20358,[3253.]
20359,[3669.]
20360,[3949.]
20361,[3833.]
20496,[2054.]
20497,[3249.]
20498,[3452.]
20499,[3421.]
20500,[4022.]
20501,[3421.]
20636,[3706.]
20637,[3270.]
20638,[2796.]
20639,[3575.]
20640,[3804.]
20775,[3197.]
20776,[3222.]
20777,[3015.]
20778,[3488.]
20779,[3511.]
20780,[4023.]
20781,[3796.]
20914,[3170.]
20915,[3173.]
20916,[2927.]
20917,[3400.]
20918,[3079.]
20919,[3507.]
20920,[3531.]
20921,[4110.]
20922,[3792.]
20923,[3820.]
20924,[3719.]
20925,[3739.]
21054,[2373.]
21055,[2871.]
21056,[3036.]
21057,[3150.]
21058,[3364.]
21059,[3341.]
21060,[3297.]
21061,[3609.]
21062,[3359.]
21063,[3840.]
21064,[4099.]
21065,[3653.]
21194,[2543.]
21195,[2427.]
21196,[2912.]
21197,[2855.]
21198,[3156.]
21199,[3492.]
21200,[3225.]
21201,[3080.]
21202,[3457.]
21203,[3593.]
21204,[3871.]
21205,[4321.]
21206,[3952.]
21335,[2624.]
21336,[2884.]
21337,[3225.]
21338,[3447.]
21339,[2674.]
21340,[3037.]
21341,[3639.]
21342,[3450.]
21343,[3276.]
21344,[3544.]
21345,[3343.]
21476,[2885.]
21477,[2643.]
21478,[2808.]
21479,[2984.]
21480,[2909.]
21481,[2955.]
21482,[3509.]
21483,[3775.]
21484,[3603.]
21485,[3954.]
21616,[2934.]
21617,[2566.]
21618,[2979.]
21619,[3064.]
21620,[2944.]
21621,[3271.]
21622,[3313.]
21623,[3054.]
21624,[3240.]
21625,[3640.]
21756,[2898.]
21757,[2304.]
21758,[2459.]
21759,[2874.]
21760,[2948.]
21761,[3505.]
21762,[3200.]
21763,[3277.]
21764,[3675.]
21765,[3304.]
21896,[2405.]
21897,[2390.]
21898,[2332.]
21899,[2860.]
21900,[2693.]
21901,[2853.]
21902,[3445.]
21903,[3442.]
21904,[3502.]
21905,[3492.]
3617,[4700.]
3618,[4292.]
3756,[3951.]
3757,[4355.]
3758,[5025.]
3895,[3740.]
3896,[3696.]
3897,[4517.]
3898,[4123.]
4035,[2843.]
4036,[4352.]
4037,[3774.]
3619,[3963.]
3620,[3790.]
3759,[3964.]
3760,[3175.]
3899,[3993.]
12121,[4297.]
12401,[4698.]
10848,[3919.]
10988,[3272.]
10989,[3039.]
11127,[3145.]
11128,[3203.]
11129,[3918.]
11130,[4212.]
11131,[4470.]
11133,[4527.]
11134,[5078.]
11135,[4365.]
11268,[4252.]
11269,[2800.]
11270,[3619.]
11271,[3718.]
11272,[4275.]
11273,[4676.]
11274,[4537.]
11275,[4105.]
11276,[4016.]
11277,[3984.]
11278,[4263.]
11409,[3373.]
11410,[4223.]
11411,[3600.]
11412,[3575.]
11413,[4184.]
11414,[3991.]
11415,[4223.]
11416,[4060.]
11417,[4104.]
11418,[4196.]
11549,[3006.]
11550,[3927.]
11551,[3635.]
11552,[4104.]
11553,[3379.]
11554,[3935.]
11555,[4203.]
11556,[3693.]
11557,[3877.]
11558,[3958.]
11559,[4279.]
11689,[4554.]
11690,[3675.]
11691,[4038.]
11692,[3346.]
11693,[4182.]
11694,[3752.]
11695,[4254.]
11696,[3914.]
11697,[3884.]
11698,[4230.]
11699,[4249.]
11829,[3134.]
11830,[3333.]
11831,[3399.]
11832,[3233.]
11833,[3101.]
11834,[4203.]
11835,[4299.]
11836,[4291.]
11837,[4242.]
11838,[4329.]
11839,[4033.]
11969,[4156.]
11970,[3241.]
11971,[3275.]
11972,[3370.]
11973,[3510.]
11974,[3911.]
11975,[3711.]
11976,[3768.]
11977,[4304.]
11978,[4396.]
11979,[4473.]
11980,[4195.]
12109,[5655.]
12110,[3296.]
12111,[4038.]
12112,[4036.]
12113,[3860.]
12114,[3802.]
12115,[4289.]
12116,[4228.]
12117,[4025.]
12118,[4054.]
12119,[4439.]
12120,[4565.]
12249,[5022.]
12250,[3808.]
12251,[4202.]
12252,[3389.]
12253,[3997.]
12254,[4157.]
12255,[4000.]
12256,[4182.]
12257,[4145.]
12258,[4083.]
12259,[4560.]
12260,[4557.]
12389,[4063.]
12390,[4451.]
12391,[4062.]
12392,[3729.]
12393,[4349.]
12394,[4443.]
12395,[4019.]
12396,[3549.]
12397,[4163.]
12398,[4136.]
12399,[4233.]
12400,[4518.]
12530,[3902.]
12531,[3659.]
12532,[3981.]
12533,[3870.]
12534,[3677.]
12535,[3880.]
12536,[3756.]
12537,[4251.]
12538,[4001.]
12539,[3724.]
12669,[4062.]
12670,[4012.]
12671,[3766.]
12672,[3692.]
12673,[3882.]
12674,[3942.]
12814,[3951.]
6953,[3189.]
6954,[3533.]
7093,[3174.]
7094,[3039.]
7233,[2723.]
7234,[3290.]
7373,[2850.]
7374,[3321.]
7513,[2185.]
7514,[2571.]
6398,[3848.]
6537,[3996.]
6538,[3800.]
6677,[3857.]
6678,[3607.]
6817,[3589.]
6818,[3715.]
6819,[4119.]
6955,[3650.]
6956,[3841.]
6957,[3858.]
6958,[3519.]
6959,[3821.]
7095,[2995.]
7096,[3443.]
7097,[3183.]
7098,[3694.]
7099,[3369.]
7100,[3807.]
7235,[3917.]
7236,[3326.]
7237,[2967.]
7238,[3393.]
7239,[3546.]
7240,[3686.]
7241,[3547.]
7375,[2791.]
7376,[3270.]
7377,[3447.]
7378,[3385.]
7379,[3405.]
7516,[3430.]
7517,[2897.]
8075,[3347.]
8076,[3588.]
8077,[3026.]
8215,[3248.]
8216,[2535.]
7655,[2855.]
7794,[3553.]
7795,[3109.]
7934,[3674.]
7935,[3276.]
7383,[3467.]
7384,[3856.]
7523,[3076.]
7663,[3560.]
7803,[3202.]
7380,[2715.]
7381,[3683.]
7515,[3691.]
7518,[3623.]
7519,[3683.]
7520,[3387.]
7521,[3409.]
7656,[2784.]
7657,[3155.]
7658,[3500.]
7659,[3408.]
7660,[3912.]
7661,[3355.]
7382,[3539.]
7522,[2577.]
7662,[3934.]
7796,[2942.]
7797,[3323.]
7798,[3280.]
7799,[3783.]
7800,[3695.]
7801,[3386.]
7802,[3045.]
7936,[3601.]
7937,[3800.]
7938,[4327.]
7939,[4206.]
7940,[3419.]
7941,[3254.]
7942,[3331.]
10973,[2630.]
9297,[3600.]
9298,[3198.]
9434,[3300.]
9435,[2641.]
9436,[3415.]
9437,[2851.]
9438,[3100.]
9574,[3535.]
9575,[3204.]
9576,[3743.]
9577,[3268.]
9578,[3054.]
9713,[2316.]
9714,[2480.]
9715,[3330.]
9716,[3755.]
9717,[3542.]
9718,[3219.]
9849,[4058.]
9850,[2259.]
9851,[2071.]
9852,[2631.]
9853,[2863.]
9854,[2893.]
9855,[2573.]
9856,[2637.]
9857,[3232.]
9989,[2213.]
9990,[2539.]
9991,[2378.]
9992,[2971.]
9993,[2764.]
9994,[2436.]
9995,[2578.]
9996,[2673.]
10128,[2467.]
10129,[2311.]
10130,[2703.]
10131,[2518.]
10132,[2820.]
10133,[2718.]
10134,[2815.]
10135,[2345.]
10136,[2478.]
10137,[3540.]
10269,[2061.]
10270,[2279.]
10271,[2564.]
10272,[2670.]
10273,[2895.]
10274,[2483.]
10275,[2603.]
10276,[2845.]
10277,[2568.]
10278,[2417.]
10410,[2191.]
10411,[1594.]
10412,[2175.]
10413,[2675.]
10414,[2353.]
10415,[2325.]
10416,[2483.]
10417,[2478.]
10418,[2983.]
10551,[2669.]
10552,[2633.]
10553,[2610.]
10554,[2575.]
10555,[2359.]
10556,[2162.]
10557,[2889.]
10558,[2354.]
10692,[2914.]
10693,[3105.]
10694,[3220.]
10695,[3210.]
10696,[2950.]
10697,[2649.]
10698,[2179.]
10832,[3186.]
10833,[3198.]
10834,[3025.]
10835,[3148.]
10974,[2666.]
10975,[3073.]
11114,[1997.]
8846,[2730.]
8986,[2931.]
9126,[3103.]
9266,[3373.]
9406,[3219.]
9546,[3159.]
9547,[3142.]
9686,[2686.]
9687,[3051.]
9688,[3086.]
8284,[2411.]
8285,[1778.]
8421,[2726.]
8422,[3330.]
8423,[2767.]
8424,[2816.]
8425,[2267.]
8558,[3225.]
8559,[2913.]
8560,[3264.]
8561,[3065.]
8562,[2885.]
8563,[2715.]
8564,[2895.]
8565,[3040.]
8696,[3860.]
8697,[3398.]
8698,[3081.]
8699,[3583.]
8700,[2878.]
8701,[3505.]
8702,[2912.]
8703,[2897.]
8704,[2828.]
8705,[2780.]
8834,[2674.]
8835,[3133.]
8836,[3422.]
8837,[3167.]
8838,[3003.]
8839,[3825.]
8840,[3227.]
8841,[3287.]
8842,[3578.]
8843,[3082.]
8844,[2748.]
8845,[2558.]
8974,[2819.]
8975,[3641.]
8976,[3230.]
8977,[3146.]
8978,[4023.]
8979,[3092.]
8980,[3334.]
8981,[3674.]
8982,[3419.]
8983,[3539.]
8984,[2719.]
8985,[2812.]
9114,[3194.]
9115,[2422.]
9116,[3524.]
9117,[3732.]
9118,[3972.]
9119,[3509.]
9120,[3738.]
9121,[3526.]
9122,[3224.]
9123,[3104.]
9124,[2915.]
9125,[2931.]
9255,[2939.]
9256,[3427.]
9257,[3613.]
9258,[3835.]
9259,[3390.]
9260,[3191.]
9261,[3120.]
9262,[3629.]
9263,[2939.]
9264,[3226.]
9265,[2760.]
9396,[3031.]
9397,[3668.]
9398,[3338.]
9399,[3183.]
9400,[3003.]
9401,[3061.]
9402,[2989.]
9403,[2982.]
9404,[3111.]
9405,[2901.]
9536,[2411.]
9537,[3199.]
9538,[2838.]
9539,[2798.]
9540,[3270.]
9541,[2664.]
9542,[3237.]
9543,[2799.]
9544,[3069.]
9545,[3561.]
9676,[2905.]
9677,[3076.]
9678,[3074.]
9679,[2435.]
9680,[2757.]
9681,[2354.]
9682,[3152.]
9683,[3211.]
9684,[2770.]
9685,[3125.]
9816,[2804.]
9817,[2570.]
9821,[650.]
9822,[2835.]
9823,[2802.]
9824,[2949.]
9825,[1309.]
7735,[2187.]
7736,[2417.]
7737,[2764.]
7738,[3423.]
7739,[3213.]
7740,[3797.]
7741,[3738.]
7742,[3367.]
7743,[3952.]
7875,[2423.]
7876,[2374.]
7877,[2914.]
7878,[3215.]
7879,[3128.]
7880,[3794.]
7881,[3196.]
7882,[3369.]
8016,[2882.]
8017,[2722.]
8018,[2908.]
8019,[3102.]
8020,[3886.]
8021,[3499.]
8022,[3224.]
8023,[3700.]
8158,[2845.]
8159,[2704.]
8160,[3060.]
8161,[3371.]
8162,[3255.]
8298,[2489.]
8299,[2700.]
8300,[2228.]
8301,[2775.]
8302,[3840.]
8303,[2577.]
8439,[2820.]
8440,[2106.]
8441,[2505.]
8442,[2317.]
8443,[2745.]
8580,[2343.]
8581,[2706.]
8582,[2237.]
8583,[1933.]
8720,[2228.]
8721,[2185.]
8722,[2549.]
8723,[2523.]
8860,[2455.]
8861,[1761.]
8862,[2361.]
8863,[2579.]
9001,[2197.]
9002,[1986.]
9003,[2102.]
9142,[2215.]
9143,[2571.]
7185,[2839.]
7323,[3137.]
7324,[2666.]
7325,[2938.]
7326,[2543.]
7460,[3889.]
7461,[3774.]
7462,[3243.]
7463,[3267.]
7464,[3271.]
7598,[2508.]
7599,[3159.]
7600,[3511.]
7601,[3751.]
7602,[3676.]
7603,[3810.]
7604,[3371.]
7744,[3840.]
8165,[3371.]
8304,[2517.]
8305,[3111.]
8444,[2748.]
8584,[2898.]
8724,[2258.]
8864,[2310.]
8865,[2507.]
9004,[3128.]
9005,[2706.]
22046,[3819.]
22047,[3479.]
22186,[3318.]
22187,[3151.]
22326,[3255.]
22327,[3626.]
22747,[3569.]
22887,[3501.]
22188,[3691.]
22328,[3036.]
22329,[3525.]
22330,[3268.]
22468,[3015.]
22469,[2981.]
22470,[3203.]
22608,[3378.]
22609,[3227.]
22610,[2888.]
22748,[3231.]
22749,[3165.]
11393,[2355.]
11533,[2410.]
11673,[2554.]
11813,[2525.]
11953,[2396.]
12373,[3165.]
11254,[3228.]
11255,[2878.]
11256,[2694.]
11394,[2919.]
11395,[2283.]
11396,[2492.]
11397,[2610.]
11398,[4043.]
11534,[3094.]
11535,[3264.]
11536,[2626.]
11537,[2416.]
11538,[2416.]
11539,[2375.]
11540,[3782.]
11674,[2614.]
11675,[2872.]
11676,[3045.]
11677,[2976.]
11678,[2282.]
11679,[2685.]
11680,[2315.]
11814,[3107.]
11815,[2502.]
11816,[3127.]
11817,[2578.]
11818,[2640.]
11954,[2807.]
11955,[3531.]
11956,[3627.]
11957,[3282.]
12094,[3385.]
12095,[2695.]
12096,[2897.]
12097,[3057.]
12234,[3587.]
12235,[3627.]
12236,[3812.]
12374,[3089.]
12375,[3714.]
12376,[4127.]
7823,[3228.]
7962,[4235.]
7963,[4043.]
8103,[3563.]
8243,[4404.]
7827,[3830.]
7964,[3807.]
7965,[3068.]
7966,[2411.]
7967,[2634.]
8104,[4060.]
8105,[2367.]
8106,[1932.]
8107,[3023.]
8244,[4025.]
8245,[3294.]
8246,[2839.]
14482,[4462.]
14622,[3871.]
14761,[3299.]
14762,[4235.]
14902,[4280.]
15042,[4672.]
15181,[3659.]
15182,[4329.]
14483,[4313.]
14623,[4133.]
14624,[4430.]
14625,[4367.]
14626,[4262.]
14627,[4283.]
14628,[4082.]
14629,[4423.]
14763,[4249.]
14764,[4216.]
14765,[4314.]
14766,[4141.]
14767,[4206.]
14768,[3977.]
14769,[4509.]
14770,[4757.]
14903,[4096.]
14904,[4461.]
14905,[4507.]
14906,[4289.]
14907,[4099.]
14908,[4098.]
14909,[4880.]
14910,[5010.]
14911,[2931.]
14912,[4111.]
15043,[3991.]
15044,[4719.]
15045,[4096.]
15046,[4302.]
15047,[4587.]
15048,[4419.]
15049,[4459.]
15050,[3200.]
15051,[3055.]
15052,[3078.]
15183,[4005.]
15184,[4197.]
15185,[4479.]
15186,[4070.]
15187,[3775.]
15188,[4421.]
15189,[4169.]
15190,[3140.]
15191,[4444.]
15192,[4251.]
15323,[3983.]
15324,[4317.]
15325,[4083.]
15326,[4267.]
15327,[4192.]
15328,[4255.]
15329,[3987.]
15330,[2694.]
15331,[3750.]
15464,[4168.]
15465,[3990.]
15466,[3896.]
15467,[4427.]
15468,[3540.]
15469,[3309.]
15470,[4163.]
15607,[4052.]
15608,[4031.]
15609,[3735.]
8338,[2625.]
8478,[2690.]
8479,[2586.]
8618,[2501.]
8758,[3256.]
9038,[3752.]
9039,[3469.]
7633,[2896.]
7634,[2921.]
7772,[2573.]
7773,[2681.]
7774,[2922.]
7775,[2623.]
7913,[2943.]
7914,[2449.]
7915,[2777.]
8054,[2642.]
8055,[2949.]
8056,[3365.]
8057,[3724.]
8195,[2608.]
8196,[3336.]
8197,[2739.]
8335,[3077.]
8336,[3256.]
8337,[2974.]
8475,[3091.]
8476,[2869.]
8477,[2962.]
8615,[3109.]
8616,[2629.]
8617,[2808.]
8754,[2079.]
8755,[2595.]
8756,[2302.]
8757,[3049.]
8894,[1412.]
8895,[2975.]
8896,[3366.]
8897,[3872.]
9034,[2185.]
9035,[2696.]
9036,[2989.]
9037,[3094.]
9174,[1565.]
9175,[2242.]
9176,[2991.]
9177,[2800.]
9178,[3031.]
9179,[3025.]
9315,[2807.]
9316,[2783.]
9317,[3017.]
9318,[3770.]
9319,[2791.]
6507,[3618.]
6508,[2647.]
6509,[2651.]
6647,[3251.]
6648,[2541.]
5951,[2249.]
6091,[2842.]
6092,[2781.]
6093,[3586.]
6231,[4097.]
6232,[3587.]
6233,[3935.]
6371,[3293.]
6372,[3288.]
5803,[3772.]
5805,[2547.]
5943,[3448.]
5944,[3813.]
5945,[2542.]
5946,[2957.]
5947,[2369.]
5948,[2666.]
5949,[2843.]
5950,[3660.]
6083,[3448.]
6084,[3840.]
6085,[3281.]
6086,[3224.]
6087,[3229.]
6088,[4669.]
6089,[2143.]
6090,[2935.]
6224,[3614.]
6225,[3706.]
6226,[3417.]
6227,[2828.]
6228,[2981.]
6229,[2603.]
6230,[2388.]
6364,[2742.]
6365,[3688.]
6366,[3847.]
6367,[2900.]
6368,[3217.]
6369,[2358.]
6370,[2333.]
6505,[3413.]
6506,[4101.]
6646,[3609.]
9352,[3729.]
9353,[3879.]
9354,[4171.]
9355,[3554.]
9356,[4175.]
9490,[3451.]
9491,[3233.]
9492,[3680.]
9493,[4090.]
9494,[4369.]
9495,[3420.]
9496,[4139.]
9631,[3381.]
9632,[3639.]
9633,[4031.]
9634,[4238.]
9635,[3733.]
9636,[3966.]
8518,[3656.]
8657,[3365.]
8658,[3923.]
8659,[2804.]
8797,[3954.]
8798,[4503.]
8937,[4106.]
9077,[3917.]
8654,[3178.]
8655,[3427.]
8656,[3531.]
8936,[3983.]
9076,[4004.]
9216,[4120.]
8794,[3398.]
8795,[3564.]
8796,[5240.]
8934,[3790.]
8935,[3524.]
9073,[3752.]
9074,[3817.]
9075,[4193.]
9213,[3650.]
9214,[3744.]
9215,[3691.]
15164,[3006.]
15165,[468.]
15166,[-37.]
15167,[3665.]
15304,[2920.]
15307,[3821.]
14045,[4192.]
14184,[4043.]
14185,[4026.]
14186,[3789.]
14187,[3867.]
14324,[4360.]
14325,[3656.]
14326,[4206.]
14327,[3952.]
14328,[3622.]
14465,[3498.]
14466,[3877.]
14467,[3731.]
14468,[3966.]
14604,[4020.]
14605,[3736.]
14606,[3271.]
14607,[3814.]
14608,[3717.]
14742,[3420.]
14743,[2854.]
14744,[3720.]
14745,[3389.]
14746,[3445.]
14747,[4178.]
14748,[3664.]
14882,[3631.]
14883,[2694.]
14884,[2553.]
14885,[2974.]
14886,[3705.]
14887,[3363.]
14888,[3010.]
15024,[3765.]
15025,[3150.]
15026,[3297.]
15027,[3312.]
15028,[2845.]
23026,[2448.]
23027,[2927.]
23164,[4179.]
23165,[4046.]
23166,[3038.]
23167,[2001.]
23299,[2640.]
23300,[1936.]
23301,[4033.]
23302,[3715.]
23303,[2890.]
23304,[3971.]
23305,[4108.]
23306,[4377.]
23307,[3580.]
23440,[3421.]
23441,[4327.]
23442,[1282.]
23443,[1550.]
23444,[3881.]
23445,[3967.]
23446,[1434.]
23030,[3192.]
23031,[2889.]
23169,[3321.]
23170,[3945.]
23308,[3528.]
23309,[3952.]
23448,[24.5]
23449,[3668.]
9602,[3461.]
9604,[4023.]
9743,[3825.]
9744,[3748.]
9745,[3367.]
9883,[3666.]
9884,[3636.]
9885,[3690.]
10023,[4249.]
10024,[3684.]
10025,[4469.]
10163,[4286.]
10164,[4211.]
10165,[3915.]
10166,[4028.]
10167,[3443.]
10304,[3888.]
10305,[4058.]
10306,[3858.]
10307,[3449.]
10447,[3749.]
9053,[3629.]
9054,[3600.]
9055,[3756.]
9193,[3845.]
9194,[3776.]
9195,[3817.]
9333,[3891.]
9334,[3990.]
8912,[3542.]
9049,[3619.]
9050,[2898.]
9051,[3409.]
9052,[3594.]
9190,[3688.]
9191,[3126.]
9192,[3153.]
9330,[4270.]
9331,[3212.]
9332,[3689.]
9470,[4071.]
9471,[4055.]
9472,[3748.]
9473,[3867.]
9474,[3649.]
9475,[4285.]
9476,[4271.]
9477,[4027.]
9609,[3999.]
9610,[4172.]
9611,[3961.]
9612,[4460.]
9613,[3740.]
9614,[2915.]
9615,[4195.]
9616,[4083.]
9617,[4311.]
9751,[3738.]
9752,[3764.]
9753,[3373.]
9754,[3351.]
9755,[4016.]
9756,[3529.]
9757,[4301.]
9891,[4138.]
9892,[3987.]
9893,[3190.]
9894,[3772.]
9895,[4027.]
9896,[3731.]
9897,[4254.]
10031,[4292.]
10032,[4315.]
10033,[3108.]
10034,[4022.]
10035,[4092.]
10036,[3278.]
10037,[4167.]
10038,[4302.]
10172,[3420.]
10173,[4204.]
10174,[3418.]
10175,[4217.]
10176,[4388.]
10177,[3295.]
10178,[4006.]
10314,[4075.]
10315,[4370.]
10316,[4202.]
10317,[4134.]
10454,[3619.]
10455,[4142.]
10456,[4478.]
10457,[4183.]
9283,[2362.]
9423,[2414.]
9288,[2370.]
9289,[2887.]
9290,[2812.]
9291,[3187.]
9292,[3173.]
9293,[3177.]
9294,[3734.]
9428,[2283.]
9429,[2463.]
9430,[2606.]
9431,[2018.]
9432,[3371.]
9433,[3640.]
9568,[2662.]
9569,[2757.]
9570,[2279.]
9571,[2412.]
9572,[2716.]
9573,[3056.]
9708,[2619.]
9709,[2604.]
9710,[2488.]
9711,[2313.]
9712,[2855.]
9848,[2507.]
9988,[2807.]
9006,[2558.]
9144,[3526.]
9145,[2794.]
9146,[2338.]
9284,[2130.]
9285,[2295.]
9286,[2751.]
8872,[3286.]
9007,[2888.]
9013,[3424.]
9147,[3399.]
9148,[2917.]
9149,[2671.]
9150,[2022.]
9152,[3986.]
9153,[3713.]
9154,[4299.]
9287,[2393.]
9424,[2359.]
9425,[2784.]
9426,[2497.]
9427,[2995.]
9564,[2347.]
9565,[2044.]
9566,[2990.]
9567,[2859.]
9704,[2503.]
9705,[2803.]
9706,[2442.]
9707,[2764.]
9846,[2620.]
9847,[2442.]
9987,[2739.]
17420,[3037.]
17421,[2949.]
15874,[3816.]
15875,[3580.]
16015,[3306.]
16155,[2986.]
15876,[4563.]
16016,[3732.]
16017,[3777.]
16018,[4847.]
16019,[4181.]
16020,[4244.]
16021,[3178.]
16022,[3977.]
16156,[3857.]
16157,[4096.]
16158,[3930.]
16159,[4295.]
16160,[4517.]
16161,[3378.]
16162,[3622.]
16163,[3377.]
16297,[3922.]
16298,[3730.]
16299,[3445.]
16300,[2069.]
16301,[3319.]
16302,[3531.]
16303,[3133.]
16436,[4014.]
16437,[3754.]
16438,[4118.]
16439,[3948.]
16440,[4146.]
16441,[2653.]
16442,[2727.]
16443,[3494.]
16576,[4030.]
16577,[4641.]
16578,[4238.]
16579,[4053.]
16580,[3807.]
16581,[2655.]
16582,[2942.]
16583,[1689.]
16716,[4391.]
16717,[3944.]
16718,[3468.]
16719,[3631.]
16720,[3436.]
16721,[2533.]
16722,[2840.]
16857,[4204.]
16858,[3738.]
16859,[3374.]
16860,[3517.]
16861,[3665.]
16862,[3908.]
16863,[3709.]
16998,[2522.]
16999,[3176.]
17000,[3747.]
17001,[3601.]
17002,[3589.]
17138,[3304.]
17139,[3811.]
17140,[3980.]
17141,[3436.]
17142,[3954.]
17143,[1917.]
17279,[3089.]
17280,[3758.]
17281,[2871.]
17283,[2936.]
9749,[4161.]
9750,[4232.]
9889,[4072.]
9890,[4979.]
10029,[3985.]
10030,[3907.]
10169,[3945.]
10170,[4471.]
10171,[3780.]
10309,[3523.]
10310,[4140.]
10311,[3863.]
10312,[3566.]
10313,[4070.]
10449,[3981.]
10450,[3808.]
10451,[3540.]
10452,[4234.]
10453,[4353.]
9608,[3654.]
9748,[4390.]
9888,[4143.]
10028,[3658.]
10168,[3322.]
10308,[3511.]
10448,[3208.]
10588,[3865.]
10589,[3693.]
10590,[3456.]
10591,[4006.]
10592,[4020.]
10593,[3817.]
10594,[3473.]
10595,[4334.]
10596,[4014.]
10728,[4011.]
10729,[3991.]
10730,[3742.]
10731,[3069.]
10732,[4194.]
10733,[3347.]
10734,[3585.]
10735,[4193.]
10736,[4204.]
10870,[4075.]
10871,[3957.]
10872,[3945.]
10873,[3504.]
10874,[4233.]
10875,[4467.]
10876,[4103.]
11011,[4450.]
11012,[4222.]
11013,[4078.]
11014,[4469.]
11015,[3992.]
11016,[4004.]
11153,[4412.]
11154,[4513.]
11155,[4053.]
12807,[3245.]
12525,[2633.]
12526,[3297.]
12664,[3768.]
12665,[3853.]
12666,[3583.]
12803,[2648.]
12804,[3379.]
12805,[3168.]
12806,[2727.]
12943,[3519.]
12944,[3518.]
12945,[3597.]
12946,[3016.]
12947,[3433.]
12948,[3744.]
12949,[4081.]
13084,[4189.]
13085,[3918.]
13086,[3398.]
13087,[3681.]
13088,[3643.]
13089,[4100.]
13090,[4315.]
13224,[5141.]
13225,[3794.]
13226,[3662.]
13227,[3170.]
13364,[4416.]
13365,[4521.]
13366,[3223.]
13504,[4889.]
13505,[3130.]
13244,[3283.]
13245,[2993.]
13384,[3636.]
13385,[3193.]
13524,[3935.]
13525,[2397.]
13664,[3623.]
16704,[4578.]
16705,[4926.]
16706,[4596.]
16844,[4405.]
16845,[4771.]
16846,[5120.]
16847,[5061.]
16849,[3541.]
16850,[3928.]
16984,[5241.]
16985,[3977.]
16986,[4776.]
16987,[4329.]
16988,[4111.]
16989,[3432.]
17123,[4038.]
17124,[4594.]
17125,[4569.]
17126,[4315.]
17127,[4532.]
17263,[4632.]
17264,[4225.]
17265,[4381.]
17266,[4549.]
17401,[3349.]
17402,[3947.]
17403,[4649.]
17404,[4001.]
17405,[4131.]
17406,[3925.]
17540,[3005.]
17541,[3313.]
17542,[4147.]
17543,[4789.]
17544,[3378.]
17545,[3102.]
17546,[3110.]
17681,[4291.]
17682,[4116.]
17683,[2233.]
17684,[3669.]
17685,[4090.]
17686,[2874.]
17821,[3327.]
3848,[2927.]
3987,[3167.]
3988,[3224.]
4127,[3443.]
4128,[3558.]
4267,[3646.]
4268,[3447.]
4407,[3041.]
4408,[3499.]
4547,[4037.]
4548,[3508.]
4687,[3740.]
4688,[3616.]
4827,[4243.]
4828,[3258.]
4967,[3629.]
4968,[3417.]
5106,[3491.]
5107,[3596.]
5108,[3414.]
5246,[3618.]
5247,[3787.]
5248,[3723.]
5385,[3254.]
5386,[3154.]
5387,[3086.]
5388,[2902.]
5525,[2963.]
5526,[3055.]
5527,[2787.]
5528,[2469.]
5664,[3172.]
5665,[4041.]
5666,[3295.]
5667,[3005.]
5668,[2562.]
5804,[4036.]
5806,[3207.]
5807,[2677.]
5808,[2480.]
3153,[2869.]
3154,[3136.]
3292,[3659.]
3293,[3139.]
3294,[2924.]
3295,[3371.]
3296,[2990.]
3429,[2927.]
3430,[3730.]
3431,[3213.]
3432,[3566.]
3433,[3138.]
3434,[3205.]
3435,[3178.]
3436,[3160.]
3437,[2646.]
3569,[3506.]
3570,[3167.]
3571,[3122.]
3572,[3577.]
3573,[3194.]
3574,[3167.]
3575,[3069.]
3576,[2945.]
3577,[2907.]
3578,[2741.]
3709,[3144.]
3710,[3463.]
3711,[3264.]
3712,[3336.]
3713,[2980.]
3714,[3341.]
3715,[2842.]
3716,[3038.]
3717,[2489.]
3849,[3198.]
3850,[3310.]
3851,[3371.]
3852,[3456.]
3853,[3180.]
3854,[3568.]
3855,[3254.]
3856,[3173.]
3989,[3446.]
3990,[3347.]
3991,[2844.]
3992,[3382.]
3993,[3328.]
3994,[3371.]
3995,[3444.]
3996,[3422.]
4129,[3436.]
4130,[3789.]
4131,[3294.]
4132,[3688.]
4133,[3723.]
4134,[3802.]
4135,[3125.]
4269,[3476.]
4270,[3575.]
4271,[3560.]
4272,[3370.]
4273,[3494.]
4274,[3263.]
4409,[4362.]
4410,[3613.]
4411,[3594.]
4412,[3485.]
4549,[3426.]
4550,[3039.]
4551,[3144.]
4689,[3231.]
4690,[3114.]
4691,[3457.]
4829,[2475.]
4830,[3293.]
4969,[2333.]
4970,[3529.]
5109,[2909.]
5249,[3335.]
5389,[3085.]
5529,[2231.]
14613,[3407.]
14753,[3476.]
14754,[3135.]
14893,[3561.]
14894,[3583.]
14895,[3641.]
15033,[3861.]
15034,[3853.]
15035,[4018.]
15173,[3609.]
15174,[3770.]
15168,[2992.]
15169,[2796.]
15170,[3350.]
15171,[4044.]
15172,[4192.]
15308,[3261.]
15309,[3644.]
15310,[3771.]
15311,[3541.]
15312,[4069.]
15313,[3898.]
15314,[3685.]
15448,[3099.]
15449,[3624.]
15450,[3846.]
15451,[4234.]
15452,[3786.]
15453,[4019.]
15454,[4263.]
15589,[3944.]
15590,[3776.]
15591,[3743.]
15592,[4038.]
15593,[4012.]
15594,[4075.]
15730,[3976.]
15731,[4078.]
15732,[4229.]
15733,[4637.]
15734,[3760.]
15872,[4158.]
14609,[2956.]
14610,[3473.]
14611,[3148.]
14612,[3302.]
14749,[3301.]
14750,[3028.]
14751,[3412.]
14752,[3484.]
14889,[3021.]
14890,[3271.]
14891,[3091.]
14892,[3528.]
15029,[3194.]
15030,[3511.]
15031,[3062.]
15032,[3855.]
22750,[3272.]
22888,[2329.]
22889,[2831.]
22890,[2571.]
23028,[3634.]
23029,[2774.]
23168,[3531.]
22472,[3096.]
22611,[2589.]
22612,[2884.]
22751,[2942.]
22752,[2498.]
22891,[2951.]
22892,[2983.]
8764,[2629.]
8765,[2959.]
8766,[2401.]
8767,[2511.]
8768,[2721.]
8769,[3216.]
8904,[3100.]
8905,[2885.]
8906,[3714.]
8907,[3009.]
8908,[3232.]
8909,[3598.]
8903,[3246.]
9042,[2963.]
9043,[3378.]
9044,[2794.]
9045,[3696.]
9046,[3113.]
9180,[3430.]
9462,[3846.]
9463,[3485.]
9464,[3467.]
9465,[3448.]
9466,[3303.]
9467,[3501.]
9603,[3936.]
9605,[3547.]
9606,[3542.]
9607,[3903.]
9746,[4339.]
9747,[3967.]
9886,[3635.]
9887,[3756.]
10026,[3818.]
10027,[3526.]
9189,[3334.]
9329,[4523.]
9469,[3663.]
9047,[3625.]
9048,[3461.]
9181,[3480.]
9182,[3701.]
9183,[2924.]
9184,[3010.]
9185,[3828.]
9186,[3269.]
9187,[3865.]
9188,[3813.]
9322,[3551.]
9323,[3385.]
9324,[3877.]
9325,[3478.]
9326,[4135.]
9327,[4540.]
9328,[4294.]
9468,[3227.]
9056,[3960.]
9196,[3995.]
9197,[3806.]
9198,[3802.]
9335,[3770.]
9336,[3812.]
9337,[3996.]
9338,[4161.]
9339,[3980.]
10046,[3372.]
10186,[4134.]
10326,[3942.]
10327,[3353.]
10467,[3166.]
9478,[4028.]
9618,[4105.]
9758,[3855.]
9898,[4292.]
10318,[4112.]
10458,[3679.]
10597,[3198.]
10737,[4382.]
10877,[4146.]
9479,[3658.]
9480,[3639.]
9481,[3892.]
9619,[4138.]
9620,[4309.]
9621,[4242.]
9622,[3736.]
9759,[4355.]
9760,[4508.]
9761,[4329.]
9762,[3847.]
9763,[3812.]
9764,[3358.]
9899,[3858.]
9900,[4119.]
9901,[3567.]
9902,[3916.]
9903,[4439.]
9904,[3623.]
9905,[4345.]
10039,[4510.]
10040,[3469.]
10041,[4254.]
10042,[3386.]
10043,[4028.]
10044,[3343.]
10045,[4383.]
10179,[4013.]
10180,[3861.]
10181,[3847.]
10182,[3566.]
10183,[3474.]
10184,[3334.]
10185,[4065.]
10319,[3921.]
10320,[3709.]
10321,[3548.]
10322,[3884.]
10323,[4265.]
10324,[3919.]
10325,[3850.]
10459,[3932.]
10460,[3900.]
10461,[3214.]
10462,[3999.]
10463,[4259.]
10464,[4103.]
10465,[4682.]
10598,[3907.]
10599,[4086.]
10600,[3781.]
10601,[4392.]
10602,[4418.]
10603,[4188.]
10738,[3835.]
10739,[3931.]
10740,[4393.]
10741,[4539.]
10742,[4311.]
10743,[3547.]
10878,[4300.]
10879,[4276.]
10880,[4193.]
12510,[3460.]
12511,[3291.]
12512,[3506.]
12513,[3947.]
13633,[3427.]
13634,[3178.]
13636,[3048.]
13637,[3374.]
13773,[3796.]
13913,[3565.]
14053,[3339.]
14193,[3622.]
12514,[4346.]
12515,[3570.]
12516,[3592.]
12647,[3854.]
12648,[3664.]
12649,[4016.]
12650,[3724.]
12651,[4043.]
12652,[3740.]
12653,[3537.]
12654,[3210.]
12655,[3647.]
12656,[3155.]
12787,[3885.]
12788,[3277.]
12789,[3189.]
12790,[4139.]
12791,[4063.]
12792,[3955.]
12793,[3234.]
12794,[3928.]
12795,[4021.]
12796,[3429.]
12928,[3786.]
12929,[3661.]
12930,[3691.]
12931,[3390.]
12932,[2947.]
12933,[3356.]
12934,[4306.]
12935,[3564.]
12936,[3845.]
13068,[3549.]
13069,[3736.]
13070,[3407.]
13071,[3661.]
13072,[3702.]
13073,[3378.]
13074,[3665.]
13075,[4057.]
13076,[3880.]
13208,[4080.]
13209,[3825.]
13210,[3639.]
13211,[3655.]
13212,[3244.]
13213,[3327.]
13214,[3412.]
13215,[3476.]
13216,[4225.]
13217,[4120.]
13349,[3672.]
13350,[3436.]
13351,[3797.]
13352,[3436.]
13353,[3447.]
13354,[3284.]
13355,[3312.]
13356,[3121.]
13357,[3983.]
13489,[3466.]
13490,[3834.]
13491,[3277.]
13492,[3317.]
13493,[3309.]
13494,[3543.]
13495,[2906.]
13496,[3336.]
13497,[3992.]
13629,[3620.]
13630,[3675.]
13631,[3253.]
13632,[3236.]
13769,[4217.]
13770,[3854.]
13771,[3587.]
13772,[3938.]
13909,[3648.]
13910,[3957.]
13911,[3424.]
13912,[3705.]
14050,[4109.]
14051,[3634.]
14052,[3515.]
14190,[4098.]
14191,[3637.]
14192,[3538.]
14330,[3656.]
14331,[3387.]
14332,[3505.]
14469,[3151.]
14470,[3813.]
14471,[4189.]
14472,[3357.]
5120,[3590.]
5121,[3823.]
5125,[3434.]
5126,[3721.]
3444,[3184.]
3445,[3456.]
3583,[3189.]
3584,[3430.]
3585,[3503.]
3723,[3282.]
3724,[3371.]
3725,[3283.]
3863,[3183.]
3864,[3962.]
4003,[3137.]
4004,[3345.]
4143,[3474.]
4283,[3574.]
4703,[3603.]
4704,[3620.]
4843,[3403.]
4844,[3505.]
4845,[3603.]
4983,[3074.]
4984,[3440.]
4985,[3459.]
4986,[3421.]
3718,[3062.]
3857,[2971.]
3858,[2972.]
3997,[3257.]
3998,[2876.]
4136,[3687.]
4137,[3121.]
4138,[2646.]
4275,[3377.]
4276,[3194.]
4277,[2874.]
4278,[3476.]
4415,[3491.]
4416,[3109.]
4417,[2896.]
4418,[2975.]
4555,[3526.]
4556,[3586.]
4557,[3191.]
4558,[3597.]
4695,[3581.]
4696,[3010.]
4697,[3615.]
4698,[3403.]
4835,[3538.]
4836,[2974.]
4837,[3471.]
4838,[3122.]
4975,[3897.]
4976,[3435.]
4977,[3567.]
4978,[2904.]
3579,[2480.]
3580,[3113.]
3719,[3361.]
3720,[2927.]
3721,[3582.]
3722,[2970.]
3859,[2812.]
3860,[3067.]
3861,[3376.]
3862,[3318.]
3999,[2908.]
4000,[3362.]
4001,[3550.]
4002,[3655.]
4139,[3050.]
4140,[3003.]
4141,[3801.]
4142,[3518.]
4279,[3078.]
4280,[3036.]
4281,[3560.]
4282,[3299.]
4419,[3030.]
4420,[3337.]
4421,[3215.]
4422,[3197.]
4559,[3368.]
4560,[3052.]
4561,[3366.]
4562,[3536.]
4699,[3414.]
4700,[3298.]
4701,[3634.]
4702,[3517.]
4839,[3285.]
4840,[3590.]
4841,[3343.]
4842,[3506.]
4979,[3284.]
4980,[3708.]
4981,[3366.]
4982,[3362.]
12681,[3889.]
12821,[4068.]
12822,[4194.]
12961,[3301.]
12962,[4043.]
12963,[3791.]
13101,[3906.]
13102,[4347.]
13103,[4268.]
13241,[4694.]
13242,[3784.]
13243,[3424.]
12540,[4135.]
12675,[3648.]
12676,[3791.]
12677,[4160.]
12678,[4395.]
12679,[3716.]
12680,[4396.]
12809,[4410.]
12810,[4017.]
12811,[4003.]
12812,[3936.]
12813,[3717.]
12815,[3625.]
12816,[4248.]
12817,[4479.]
12818,[4775.]
12819,[5072.]
12820,[4305.]
12950,[3816.]
12951,[3991.]
12952,[4298.]
12953,[3967.]
12954,[3956.]
12955,[4013.]
12956,[3995.]
12957,[4452.]
12958,[4696.]
12959,[4853.]
12960,[4029.]
13091,[3802.]
13092,[4141.]
13093,[4083.]
13094,[4081.]
13095,[4089.]
13096,[4530.]
13097,[4238.]
13098,[4187.]
13099,[3698.]
13100,[3605.]
13231,[2086.]
13232,[3381.]
13233,[4233.]
13234,[4027.]
13235,[4195.]
13236,[3781.]
13237,[3584.]
13238,[3613.]
13239,[3631.]
13240,[2544.]
13373,[4002.]
13374,[3741.]
13375,[4670.]
13376,[4956.]
13377,[4708.]
13378,[4370.]
13379,[3983.]
13380,[4528.]
13381,[4269.]
13382,[4205.]
13383,[3984.]
13516,[4367.]
13517,[4827.]
13518,[4487.]
13523,[3843.]
18686,[4305.]
18687,[3320.]
18825,[3057.]
18826,[3480.]
18827,[3586.]
18962,[3061.]
18963,[3321.]
18964,[3344.]
18965,[3217.]
18966,[3261.]
18967,[4625.]
19799,[3518.]
19800,[3954.]
19801,[3647.]
19802,[3126.]
18688,[4182.]
18828,[2799.]
18968,[3088.]
18969,[3260.]
19102,[3443.]
19103,[2976.]
19104,[3517.]
19105,[3282.]
19106,[4097.]
19107,[3587.]
19108,[3509.]
19109,[3782.]
19111,[3066.]
19242,[2903.]
19243,[2541.]
19244,[3616.]
19245,[3018.]
19246,[3288.]
19247,[3019.]
19248,[3576.]
19382,[2979.]
19383,[3658.]
19384,[3997.]
19385,[3518.]
19386,[3232.]
19387,[3513.]
19521,[2764.]
19522,[3832.]
19523,[3370.]
19524,[3245.]
19525,[3546.]
19526,[3697.]
19660,[3710.]
19661,[3273.]
19662,[2867.]
19663,[3142.]
12505,[2748.]
14046,[3998.]
14047,[3544.]
14048,[3583.]
14188,[3799.]
12927,[3107.]
13067,[3441.]
13207,[3889.]
13347,[3501.]
13348,[3699.]
13487,[3672.]
13488,[3888.]
13627,[3039.]
13628,[3620.]
13767,[3531.]
13768,[3624.]
13907,[3758.]
13908,[3887.]
14049,[3935.]
14189,[3371.]
14329,[3827.]
12644,[2844.]
12645,[3370.]
12646,[3555.]
12785,[3560.]
12786,[4328.]
12925,[3827.]
12926,[3702.]
13065,[3696.]
13066,[3872.]
13204,[3153.]
13205,[3812.]
13206,[4054.]
13344,[3774.]
13345,[3379.]
13346,[3542.]
13484,[3540.]
13485,[4462.]
13486,[3669.]
13625,[4543.]
13626,[3998.]
13765,[4662.]
13766,[4800.]
13905,[4410.]
13906,[3928.]
8523,[4425.]
8663,[3685.]
8942,[4272.]
8943,[4514.]
9082,[4613.]
9083,[4694.]
9222,[4949.]
9223,[5304.]
9362,[4347.]
9363,[4637.]
8247,[3576.]
8384,[3881.]
8385,[3708.]
8386,[3347.]
8387,[3757.]
8524,[3969.]
8525,[4623.]
8526,[2832.]
8664,[3425.]
8665,[3605.]
8666,[2273.]
8804,[4578.]
8805,[3697.]
8806,[3692.]
8944,[3505.]
9084,[3943.]
9085,[3154.]
9224,[4344.]
9225,[3452.]
9364,[4513.]
9504,[3686.]
24967,[4218.]
25106,[3683.]
25243,[2461.]
25244,[3157.]
25245,[3031.]
25384,[2732.]
25385,[3425.]
10860,[4766.]
10861,[4572.]
11001,[4513.]
10162,[4216.]
10302,[4112.]
10303,[4066.]
10442,[4202.]
10443,[4055.]
10444,[4101.]
10445,[3904.]
10446,[3830.]
10021,[3592.]
10160,[4003.]
10161,[3659.]
10300,[3865.]
10301,[4043.]
10439,[3977.]
10440,[4389.]
10441,[4156.]
10579,[4473.]
10580,[5395.]
10581,[5004.]
10582,[4204.]
10583,[4373.]
10584,[4551.]
10585,[4470.]
10586,[3939.]
10587,[4302.]
10720,[4908.]
10721,[5226.]
10722,[4803.]
10723,[5006.]
10724,[4599.]
10725,[4384.]
10726,[4219.]
10727,[4149.]
10862,[4598.]
10863,[4371.]
10864,[3906.]
10865,[4098.]
10866,[3609.]
10867,[4164.]
11002,[4062.]
11003,[4512.]
11004,[4540.]
11005,[4574.]
11006,[4229.]
11007,[4223.]
11143,[4377.]
11144,[4341.]
11145,[4358.]
11146,[4269.]
11286,[3560.]
11426,[3675.]
11819,[2733.]
11820,[2727.]
11958,[3513.]
11959,[3022.]
11960,[2947.]
12098,[4130.]
12099,[2951.]
12100,[3467.]
12239,[3576.]
12240,[3165.]
12379,[3197.]
12380,[2540.]
12383,[3823.]
12384,[3072.]
12385,[2750.]
12523,[3552.]
12524,[3594.]
12663,[3345.]
11681,[2483.]
11682,[2704.]
11683,[1378.]
11821,[3626.]
11822,[2842.]
11823,[2749.]
11824,[3330.]
11961,[2926.]
11962,[2782.]
11963,[2901.]
11964,[3425.]
12101,[2903.]
12102,[3222.]
12103,[3119.]
12104,[2478.]
12241,[3068.]
12242,[3284.]
12243,[3150.]
12244,[2902.]
12245,[3686.]
12381,[2367.]
12382,[2756.]
12521,[2896.]
12522,[3128.]
14342,[4193.]
14484,[4345.]
14485,[3784.]
14486,[4775.]
14487,[4902.]
14488,[4752.]
14489,[5020.]
14490,[5142.]
14491,[4278.]
14492,[4025.]
14493,[3725.]
14630,[4068.]
14631,[4089.]
14632,[4098.]
14633,[4436.]
14771,[3935.]
14772,[4473.]
14773,[3772.]
14913,[2658.]
13228,[3723.]
13229,[4250.]
13367,[5233.]
13368,[4855.]
13369,[4809.]
13506,[3880.]
13507,[5091.]
13508,[4625.]
13509,[5351.]
13645,[3973.]
13646,[4567.]
13647,[4077.]
13648,[5090.]
13649,[5108.]
13784,[3971.]
13785,[4553.]
13786,[3926.]
13787,[4618.]
13788,[4889.]
13789,[5185.]
13790,[4690.]
13923,[3569.]
13924,[4118.]
13925,[4046.]
13926,[4431.]
13927,[4422.]
13928,[4682.]
13929,[4883.]
13930,[5121.]
14063,[3963.]
14064,[4348.]
14065,[4232.]
14066,[4659.]
14067,[5043.]
14068,[4835.]
14069,[5091.]
14070,[4837.]
14203,[4391.]
14204,[4701.]
14205,[4322.]
14206,[4430.]
14207,[4267.]
14208,[5158.]
14209,[4186.]
14210,[4800.]
14211,[4329.]
14343,[5343.]
14344,[4140.]
14345,[4485.]
14346,[4655.]
14347,[4146.]
14348,[4732.]
14349,[4588.]
14350,[4353.]
14351,[4699.]
14352,[4486.]
14774,[3694.]
14914,[4081.]
8785,[3549.]
8925,[4088.]
9348,[4133.]
9350,[4009.]
9351,[4227.]
8651,[3385.]
8650,[3550.]
8790,[2748.]
8791,[2884.]
8792,[3063.]
8793,[4069.]
8930,[2962.]
8931,[2551.]
8932,[3438.]
8933,[3703.]
9070,[3435.]
9071,[3316.]
9072,[4189.]
9210,[3886.]
9211,[3692.]
9212,[4172.]
9066,[4198.]
9067,[4003.]
8646,[3223.]
8647,[3134.]
8648,[3392.]
8649,[2918.]
8786,[3216.]
8787,[4406.]
8788,[3819.]
8789,[4209.]
8926,[4507.]
8927,[4249.]
8928,[3245.]
8929,[3553.]
9068,[3414.]
9069,[3570.]
9208,[3644.]
9209,[3505.]
12127,[3840.]
12266,[4619.]
12267,[4214.]
12268,[1983.]
12405,[4481.]
12406,[4421.]
12407,[4539.]
12408,[4005.]
12409,[3659.]
12546,[4124.]
12547,[3629.]
12548,[3539.]
12549,[3887.]
12686,[3461.]
12687,[3378.]
12688,[3507.]
12689,[4095.]
12829,[4379.]
12690,[3996.]
15321,[4046.]
15322,[3769.]
15462,[3644.]
15463,[3927.]
15602,[3707.]
15603,[3781.]
15604,[4550.]
15605,[3767.]
15606,[3846.]
15882,[4416.]
15883,[3035.]
15884,[3368.]
16023,[3290.]
16024,[3218.]
15742,[2877.]
15743,[3113.]
15744,[3837.]
15745,[3718.]
15746,[3680.]
15747,[3144.]
15748,[3297.]
15885,[2683.]
15886,[3125.]
15887,[3169.]
16025,[2694.]
16026,[2302.]
16165,[3072.]
13638,[3594.]
13639,[3135.]
13640,[3406.]
13641,[3733.]
13642,[4483.]
13778,[4036.]
13779,[3994.]
13780,[3564.]
13781,[3572.]
13782,[3293.]
13921,[3460.]
13922,[3798.]
12237,[2941.]
12238,[3968.]
12377,[2900.]
12378,[3439.]
13083,[4021.]
13223,[3884.]
13363,[4611.]
13503,[4907.]
13643,[4182.]
13644,[3773.]
12517,[4221.]
12657,[3592.]
12797,[3700.]
12937,[3297.]
13077,[3623.]
12518,[2901.]
12519,[2912.]
12520,[3035.]
12658,[2827.]
12659,[3923.]
12660,[3139.]
12661,[3054.]
12662,[2866.]
13222,[3765.]
13362,[4211.]
13502,[3951.]
13783,[3044.]
12798,[2774.]
12799,[3067.]
12800,[3338.]
12801,[3295.]
12802,[2804.]
12938,[4348.]
12939,[4154.]
12940,[3546.]
12941,[3416.]
12942,[3515.]
13078,[3295.]
13079,[3482.]
13080,[4227.]
13081,[3672.]
13082,[3469.]
13218,[3413.]
13219,[3627.]
13220,[3814.]
13221,[3831.]
13358,[4383.]
13359,[3170.]
13360,[3935.]
13361,[4034.]
13498,[3031.]
13499,[4230.]
13500,[3492.]
13501,[3563.]
9695,[-101.]
9696,[-133.]
9697,[1562.]
9698,[1455.]
9699,[2207.]
9700,[2416.]
9701,[2391.]
9702,[2014.]
9703,[2235.]
9843,[2437.]
9844,[2545.]
9983,[1965.]
9984,[2640.]
10123,[2617.]
9834,[-108.5]
9835,[1237.]
9836,[106.]
9837,[2157.]
9838,[2355.]
9839,[2327.]
9840,[2370.]
9841,[2720.]
9842,[2475.]
9974,[27.]
9975,[2254.]
9976,[2410.]
9977,[2640.]
9978,[2613.]
9979,[2492.]
9980,[2357.]
9981,[2723.]
9982,[2374.]
10114,[2824.]
10115,[2348.]
10116,[2963.]
10117,[3184.]
10118,[2528.]
10119,[2510.]
10120,[2563.]
10121,[2587.]
10122,[2932.]
10254,[2436.]
10255,[2477.]
10256,[2915.]
10257,[3097.]
10258,[2864.]
10259,[2603.]
10260,[2603.]
10261,[3203.]
10262,[2352.]
10394,[2440.]
10395,[2027.]
10396,[2653.]
10397,[2820.]
10398,[2463.]
10399,[2734.]
10400,[2700.]
10401,[2794.]
10532,[2796.]
10533,[2778.]
10534,[2569.]
10535,[2557.]
10536,[2207.]
10537,[2402.]
10538,[2973.]
10539,[2066.]
10540,[2769.]
10541,[2237.]
10672,[2570.]
10673,[2100.]
10674,[2053.]
10675,[2893.]
10676,[2781.]
10677,[2273.]
10678,[2597.]
10679,[2724.]
10680,[2474.]
10681,[2495.]
10682,[2543.]
10813,[2183.]
10814,[2553.]
10815,[2260.]
10816,[2079.]
10817,[2340.]
10818,[2765.]
10819,[3535.]
10820,[3196.]
10821,[3450.]
10822,[2664.]
10953,[2649.]
10954,[2890.]
10955,[2286.]
10956,[2245.]
10957,[2547.]
10958,[2660.]
10959,[2485.]
10960,[3230.]
11099,[2908.]
11100,[3410.]
8319,[1854.]
8458,[2317.]
8459,[2243.]
8597,[2813.]
8598,[2747.]
8599,[1950.]
8737,[2945.]
8738,[2710.]
8739,[2376.]
8876,[2656.]
8877,[3422.]
8878,[3070.]
8879,[3345.]
9295,[3442.]
9296,[3387.]
9299,[3114.]
8320,[2363.]
8460,[2263.]
8600,[1713.]
8740,[2587.]
8880,[3085.]
9015,[3250.]
9016,[3442.]
9017,[3055.]
9018,[3130.]
9019,[3519.]
9020,[2343.]
9155,[2965.]
9156,[3618.]
9157,[3677.]
9158,[3566.]
9159,[3031.]
9160,[3375.]
17416,[3753.]
17417,[3622.]
17418,[3210.]
17419,[3240.]
17556,[2924.]
17557,[2927.]
17558,[3775.]
17559,[3006.]
17696,[3603.]
17697,[3322.]
17698,[3352.]
17699,[3360.]
17836,[3672.]
17837,[2935.]
17976,[3713.]
16295,[4096.]
16431,[3831.]
16432,[3957.]
16434,[3585.]
16435,[4394.]
16570,[4152.]
16571,[4059.]
16572,[3939.]
16573,[4027.]
16574,[3686.]
16575,[3862.]
16710,[3635.]
16711,[3491.]
16712,[3806.]
16713,[4152.]
16714,[4375.]
16715,[3721.]
16851,[3635.]
16852,[3959.]
16853,[4064.]
16854,[3520.]
16855,[3829.]
16296,[3653.]
16856,[3860.]
16994,[4332.]
16995,[4100.]
16996,[3127.]
16997,[4192.]
17134,[4337.]
17135,[3933.]
17136,[4072.]
17137,[3735.]
17274,[4229.]
17275,[3891.]
17276,[3925.]
17277,[3683.]
17278,[4150.]
17414,[4088.]
17415,[3774.]
16991,[2925.]
16992,[3253.]
16993,[4336.]
17131,[3669.]
17132,[3879.]
17133,[4268.]
17272,[4239.]
17273,[3965.]
17413,[4416.]
17554,[4202.]
17555,[3686.]
17695,[3451.]
17835,[3788.]
17975,[3464.]
7644,[2763.]
7645,[3224.]
7646,[3900.]
7647,[2967.]
7648,[3026.]
7784,[3213.]
7785,[3415.]
7786,[3051.]
7787,[2758.]
7788,[2896.]
7789,[3086.]
7790,[2727.]
7791,[2796.]
7924,[3282.]
7925,[2878.]
7926,[3280.]
7927,[3104.]
7928,[2757.]
7929,[3008.]
7930,[3234.]
8065,[2968.]
8066,[2770.]
8067,[3044.]
7640,[3484.]
7641,[3169.]
7642,[3571.]
7643,[3476.]
7781,[3064.]
7782,[3542.]
7783,[3155.]
7922,[2631.]
7923,[2776.]
7358,[4159.]
7360,[3417.]
7361,[3724.]
7362,[3742.]
7498,[3088.]
7499,[3592.]
7500,[3652.]
7501,[3247.]
7502,[3291.]
7503,[3344.]
7504,[3358.]
7505,[3156.]
18661,[2096.]
18662,[3079.]
18663,[3146.]
18664,[3331.]
18665,[3047.]
18666,[4442.]
18667,[3609.]
18668,[3831.]
18804,[3201.]
18805,[3022.]
18806,[3675.]
18807,[2838.]
18808,[1564.]
18946,[3018.]
18116,[2614.]
18117,[3296.]
18256,[3698.]
18396,[3714.]
16990,[3926.]
17128,[2963.]
17129,[3157.]
17130,[3321.]
17267,[3696.]
17268,[2906.]
17269,[3214.]
17270,[3412.]
17407,[2900.]
17408,[3070.]
17409,[2545.]
17410,[3402.]
17547,[3059.]
17548,[2673.]
17549,[3802.]
17550,[3624.]
17687,[3203.]
17688,[4330.]
17689,[3712.]
17690,[3979.]
17822,[2341.]
17823,[2959.]
17824,[3374.]
17825,[3161.]
17826,[4196.]
17827,[4058.]
17828,[3829.]
17829,[3814.]
17830,[3807.]
17271,[4198.]
17411,[3823.]
17412,[3644.]
17551,[3959.]
17552,[3631.]
17553,[4022.]
17691,[3905.]
17692,[3968.]
17693,[4423.]
17694,[3890.]
17831,[4201.]
17832,[4213.]
17833,[4106.]
17834,[3157.]
17970,[3987.]
17971,[4032.]
17972,[4298.]
17973,[3876.]
17974,[3620.]
17961,[2702.]
17962,[3721.]
17963,[2500.]
17964,[2677.]
17965,[4017.]
17966,[3934.]
17967,[4300.]
17968,[4447.]
17969,[4120.]
18100,[3410.]
18101,[3343.]
18102,[3464.]
18103,[2775.]
18104,[3768.]
18105,[3601.]
18106,[4352.]
18107,[4145.]
18108,[4362.]
18109,[3257.]
18110,[3960.]
18111,[3652.]
18112,[4044.]
18113,[3705.]
18114,[3362.]
18115,[2987.]
18240,[3198.]
18241,[2880.]
18242,[3592.]
18243,[3073.]
18244,[2995.]
18245,[4227.]
18246,[4254.]
18247,[4305.]
18248,[4654.]
18249,[4267.]
18250,[3962.]
18251,[3887.]
18252,[3256.]
18253,[3928.]
18254,[3277.]
18255,[2966.]
18380,[3191.]
18381,[3137.]
18382,[2967.]
18383,[3364.]
18384,[3416.]
18385,[3691.]
18386,[4528.]
18387,[4363.]
18388,[4171.]
18389,[4386.]
18390,[4573.]
18391,[3990.]
18392,[2811.]
18393,[2694.]
18394,[2960.]
18395,[3268.]
18520,[3084.]
18521,[3228.]
18522,[3449.]
18523,[3345.]
18524,[3718.]
18525,[4539.]
18526,[3936.]
18527,[3853.]
18528,[3761.]
18529,[3984.]
18530,[3841.]
18531,[3764.]
18532,[3877.]
18533,[4050.]
18534,[2656.]
18535,[2864.]
18669,[4019.]
18670,[3132.]
18809,[1559.]
10056,[4059.]
10196,[3299.]
10334,[3920.]
10335,[3824.]
10336,[3867.]
10197,[3360.]
10337,[3176.]
10474,[4000.]
10475,[3909.]
10476,[3574.]
10477,[3344.]
10614,[4172.]
10615,[3834.]
10616,[2238.]
10617,[2950.]
10755,[3620.]
10756,[2242.]
10757,[3173.]
9917,[3906.]
10057,[3919.]
10058,[4551.]
10198,[3303.]
10199,[3044.]
10338,[2856.]
10339,[1973.]
10478,[2650.]
19088,[3193.]
19228,[2935.]
19368,[2936.]
18677,[3939.]
18678,[4070.]
18679,[4072.]
18680,[3645.]
18817,[3944.]
18818,[3864.]
18819,[3573.]
18820,[3486.]
18957,[3904.]
18958,[3793.]
18959,[3348.]
18960,[3126.]
19793,[3471.]
19794,[3651.]
19795,[3060.]
19796,[3654.]
19797,[3262.]
19798,[3500.]
19933,[3214.]
19934,[3706.]
19935,[2989.]
19936,[3814.]
19937,[2941.]
20073,[3473.]
20074,[3099.]
20075,[3075.]
20076,[2979.]
20213,[2913.]
20214,[3328.]
20215,[3150.]
20353,[3196.]
20354,[2942.]
20355,[3533.]
20493,[2943.]
20494,[3141.]
20495,[3383.]
20633,[3365.]
20634,[2941.]
20635,[3323.]
20773,[2723.]
20774,[3247.]
20913,[2845.]
19099,[3850.]
19100,[3663.]
19101,[4018.]
19239,[3391.]
19240,[2977.]
19241,[3446.]
19379,[3880.]
19380,[3559.]
19381,[3311.]
19519,[3374.]
19520,[3634.]
19659,[3767.]
18536,[3380.]
18671,[3576.]
18672,[3604.]
18673,[2833.]
18674,[2977.]
18675,[2848.]
18676,[3185.]
18810,[3071.]
18811,[3717.]
18812,[2926.]
18813,[3334.]
18814,[3338.]
18815,[3651.]
18816,[3362.]
18949,[2982.]
18950,[3041.]
18951,[3261.]
18952,[3460.]
18953,[3231.]
18954,[3433.]
18955,[3491.]
18956,[4007.]
19089,[3251.]
19090,[3337.]
19091,[3073.]
19092,[3574.]
19093,[3563.]
19094,[3156.]
19095,[2804.]
19096,[4082.]
19097,[3388.]
19098,[3614.]
19229,[3061.]
19230,[2972.]
19231,[3056.]
19232,[3505.]
19233,[2971.]
19234,[3059.]
19235,[3335.]
19236,[3689.]
19237,[3547.]
19238,[2948.]
19369,[3229.]
19370,[2862.]
19371,[3125.]
19372,[3379.]
19373,[3542.]
19374,[3428.]
19375,[3785.]
19376,[3698.]
19377,[3722.]
19378,[3107.]
19509,[2647.]
19510,[2675.]
19511,[3553.]
19512,[3302.]
19513,[3228.]
19514,[3675.]
19515,[3389.]
19516,[3667.]
19517,[3808.]
19518,[3769.]
19650,[3077.]
19651,[3405.]
19652,[3180.]
19653,[3726.]
19654,[3576.]
19655,[3640.]
19656,[3806.]
19657,[3458.]
19658,[3711.]
19790,[3140.]
19791,[3043.]
19792,[3675.]
19930,[2795.]
19931,[3271.]
19932,[3519.]
20070,[3362.]
20071,[3501.]
20072,[3006.]
20210,[2668.]
20211,[3102.]
20212,[2884.]
20350,[2825.]
20351,[2977.]
20352,[2746.]
20490,[2558.]
20491,[2450.]
20492,[2587.]
20630,[2946.]
20631,[2410.]
20632,[2791.]
20771,[3141.]
20772,[2625.]
19803,[3074.]
19804,[3254.]
19805,[3393.]
19806,[3481.]
19942,[2490.]
19943,[2494.]
19944,[3170.]
19945,[3679.]
19946,[3529.]
20083,[3526.]
19249,[3999.]
19388,[4360.]
19389,[3912.]
19527,[3811.]
19528,[2935.]
19529,[3495.]
19664,[3413.]
19665,[2989.]
19666,[3147.]
19667,[3168.]
19668,[3638.]
19669,[4344.]
19670,[2421.]
19807,[3439.]
19808,[3838.]
19809,[2889.]
19810,[1580.]
19811,[2970.]
19947,[3716.]
19948,[3372.]
19949,[3222.]
19950,[3360.]
19951,[3536.]
19952,[3994.]
20087,[3813.]
20088,[3809.]
20089,[273.]
20090,[2802.]
20091,[4037.]
20092,[3859.]
20227,[4324.]
20228,[4202.]
20229,[3248.]
20230,[4076.]
20231,[3826.]
20232,[3474.]
20368,[3701.]
20369,[3519.]
20370,[3237.]
20371,[4577.]
20508,[3349.]
20509,[3648.]
20510,[3105.]
20511,[1914.]
20648,[3976.]
20649,[4083.]
20650,[4097.]
12128,[3883.]
12129,[3648.]
12269,[3244.]
11152,[4559.]
11156,[4348.]
12130,[4631.]
12270,[4240.]
12410,[4362.]
12550,[4481.]
11292,[4548.]
11293,[3886.]
11294,[4095.]
11295,[4249.]
11296,[4290.]
11432,[4698.]
11433,[4319.]
11434,[4328.]
11435,[4425.]
11436,[4344.]
11572,[3998.]
11573,[4515.]
11574,[4595.]
11575,[3539.]
11576,[4368.]
11711,[4398.]
11712,[4511.]
11713,[4630.]
11714,[4735.]
11715,[4581.]
11716,[4303.]
11717,[4296.]
11849,[4153.]
11850,[4327.]
11851,[4335.]
11852,[4589.]
11853,[4353.]
11854,[4308.]
11855,[4610.]
11856,[3882.]
11857,[3951.]
11989,[4477.]
11990,[4634.]
11991,[4517.]
11992,[4100.]
11993,[4706.]
11994,[4658.]
11995,[4386.]
11996,[3396.]
11997,[3361.]
12131,[4097.]
12132,[4155.]
12133,[4609.]
12134,[4477.]
12135,[3987.]
12136,[3262.]
12137,[2933.]
12138,[2731.]
12271,[4102.]
12272,[4307.]
12273,[4413.]
12274,[4397.]
12275,[4772.]
12276,[4142.]
12277,[4244.]
12411,[4079.]
12412,[3777.]
12413,[4323.]
12414,[4910.]
12415,[3311.]
12551,[4241.]
12552,[3920.]
12553,[4317.]
12691,[4875.]
7883,[3938.]
8163,[2516.]
8033,[2580.]
8173,[2662.]
8313,[2819.]
8314,[2979.]
8453,[3027.]
8454,[2955.]
8593,[2872.]
8594,[2935.]
8733,[3402.]
8734,[2752.]
8735,[3135.]
8873,[2862.]
8874,[3479.]
8875,[3277.]
7465,[3743.]
7466,[2881.]
7605,[3575.]
7606,[3183.]
7745,[3477.]
7746,[3873.]
7884,[3732.]
7885,[3436.]
7886,[3720.]
8024,[2843.]
8025,[3633.]
8026,[3593.]
8164,[3331.]
8166,[3891.]
8306,[3337.]
8445,[2288.]
8446,[3143.]
8585,[2553.]
8586,[2934.]
8725,[2301.]
8726,[3419.]
8866,[2493.]
8867,[2617.]
8868,[3131.]
8869,[3980.]
8870,[3680.]
8871,[3133.]
9008,[2733.]
9009,[2764.]
9010,[2549.]
9011,[2942.]
9012,[3129.]
9014,[3592.]
9151,[3817.]
7607,[2862.]
7747,[3363.]
7748,[3690.]
7887,[3712.]
7888,[3124.]
7889,[3475.]
8027,[3861.]
8028,[3283.]
8029,[3612.]
8031,[2828.]
8032,[2768.]
8167,[3640.]
8168,[4010.]
8169,[2823.]
8170,[2548.]
8171,[2597.]
8172,[2842.]
8307,[3907.]
8308,[3703.]
8309,[3761.]
8310,[2966.]
8311,[2940.]
8312,[2269.]
8447,[3069.]
8448,[3046.]
8449,[3288.]
8450,[2690.]
8451,[2865.]
8452,[2805.]
8587,[4067.]
8588,[2765.]
8589,[2938.]
8590,[2244.]
8591,[3216.]
8592,[3139.]
8727,[3020.]
8728,[3676.]
8729,[2451.]
8730,[3286.]
8731,[3178.]
8732,[2669.]
11687,[3736.]
12107,[2378.]
12108,[5142.]
12247,[2656.]
12248,[5238.]
12387,[3528.]
12388,[2713.]
12527,[3064.]
12528,[3135.]
12529,[4441.]
12667,[1315.]
12668,[3561.]
12808,[3647.]
10699,[2839.]
10836,[2541.]
10837,[2897.]
10838,[3003.]
10839,[2871.]
10976,[3018.]
10977,[2710.]
10978,[3432.]
10979,[3267.]
11115,[2617.]
11116,[3231.]
11117,[2558.]
11118,[2743.]
11119,[2902.]
11257,[3244.]
11258,[3764.]
11259,[2609.]
11260,[2231.]
11399,[2769.]
11400,[2753.]
12386,[3124.]
11541,[931.]
11542,[3266.]
11543,[2723.]
11544,[2239.]
11545,[3067.]
11684,[3046.]
11685,[2429.]
11825,[2868.]
11965,[2274.]
12105,[3629.]
10700,[2335.]
10840,[1962.]
10980,[2723.]
10981,[2974.]
11120,[2574.]
11121,[2517.]
11122,[2474.]
11261,[2301.]
11262,[2055.]
11263,[2159.]
11401,[2331.]
11402,[3388.]
11403,[2730.]
11404,[2038.]
11405,[3126.]
11546,[2564.]
11686,[2790.]
11966,[3978.]
12106,[4270.]
12246,[3422.]
10607,[4165.]
10747,[4152.]
10887,[4115.]
10888,[3622.]
11027,[4248.]
11028,[3703.]
11167,[4011.]
11307,[4559.]
11308,[3923.]
11447,[4218.]
11448,[4203.]
11449,[4067.]
11017,[4477.]
11157,[4369.]
10466,[3896.]
10604,[4392.]
10605,[4352.]
10606,[4644.]
10744,[4317.]
10745,[4292.]
10746,[4232.]
10881,[4283.]
10882,[4212.]
10883,[4152.]
10884,[4316.]
10885,[4308.]
10886,[4315.]
11158,[4466.]
11297,[4336.]
11298,[4471.]
11437,[4364.]
11438,[3941.]
11577,[4523.]
11578,[4369.]
11718,[4226.]
11858,[4005.]
11998,[3522.]
11018,[4330.]
11019,[4495.]
11020,[4667.]
11021,[4366.]
11022,[4439.]
11023,[4311.]
11024,[4453.]
11025,[4252.]
11026,[4184.]
11159,[4236.]
11160,[5031.]
11161,[4427.]
11162,[4389.]
11163,[4097.]
11164,[4321.]
11165,[4367.]
11166,[4520.]
11299,[4178.]
11300,[4444.]
11301,[4758.]
11302,[4498.]
11303,[4529.]
11304,[4205.]
11305,[4231.]
11306,[3843.]
11439,[4517.]
11440,[4513.]
11441,[4880.]
11442,[4051.]
11443,[3856.]
11444,[4141.]
11445,[4110.]
11446,[3785.]
11579,[4602.]
11580,[3842.]
11581,[4089.]
11582,[4316.]
11583,[4174.]
11584,[4349.]
11585,[4063.]
11586,[5007.]
11587,[3844.]
11588,[3933.]
11589,[3730.]
11719,[4269.]
11720,[3657.]
11721,[3534.]
11722,[4443.]
11723,[4125.]
11724,[3366.]
11725,[4689.]
11726,[3785.]
11727,[3151.]
11728,[3801.]
11859,[3632.]
11860,[3957.]
11861,[3866.]
11862,[4569.]
11863,[4621.]
11864,[3785.]
11865,[4111.]
11999,[3052.]
12000,[4646.]
12001,[4027.]
12139,[3112.]
13515,[3663.]
13519,[4622.]
13520,[4553.]
13521,[4979.]
13522,[4276.]
13655,[3374.]
13656,[4240.]
13657,[3862.]
13658,[4023.]
13659,[4613.]
13660,[4487.]
13661,[4142.]
13662,[3794.]
13663,[2937.]
13797,[4193.]
13798,[4384.]
13799,[4745.]
13800,[4683.]
13801,[4234.]
13802,[3863.]
13803,[4311.]
13938,[5064.]
13939,[4507.]
13940,[4119.]
13941,[4168.]
13942,[4412.]
14078,[4158.]
14079,[4496.]
14080,[4770.]
14081,[2862.]
14218,[4560.]
14219,[4536.]
14220,[3673.]
14221,[3843.]
14358,[4450.]
14359,[4130.]
14360,[3872.]
14499,[4334.]
14500,[4615.]
26083,[3650.]
26084,[4643.]
26087,[3133.]
26223,[3949.]
26224,[3831.]
26225,[3614.]
26227,[3854.]
26362,[3648.]
26363,[3797.]
26364,[3448.]
26366,[3189.]
26367,[3509.]
26500,[3056.]
26501,[3371.]
26502,[3702.]
26503,[3647.]
26504,[4064.]
26505,[4282.]
26506,[3235.]
26507,[4103.]
26640,[3081.]
26641,[3365.]
26642,[3831.]
26643,[3932.]
26644,[3266.]
26645,[4841.]
26646,[4000.]
26647,[3504.]
26780,[3462.]
26781,[3467.]
26782,[3230.]
26783,[3975.]
26784,[4385.]
26785,[3446.]
26786,[4619.]
26787,[1366.]
26920,[2715.]
26921,[3127.]
26922,[3826.]
26923,[3769.]
26924,[3533.]
26925,[4280.]
26926,[3922.]
26927,[4871.]
27060,[3481.]
27061,[3182.]
27062,[3652.]
27063,[3687.]
27064,[3511.]
27065,[4129.]
27066,[3178.]
27067,[3730.]
27200,[3177.]
27201,[3252.]
27202,[3721.]
27203,[4070.]
27204,[3572.]
27205,[3960.]
