10970,[1]
10971,[1]
10972,[1]
11109,[1]
11110,[1]
11111,[1]
11112,[1]
11113,[1]
11249,[1]
11250,[1]
11251,[1]
11252,[1]
11253,[1]
11388,[1]
11389,[1]
11390,[1]
11391,[1]
11392,[1]
11528,[1]
11529,[1]
11530,[1]
11531,[1]
11532,[1]
11667,[1]
11668,[1]
11669,[1]
11670,[1]
11671,[1]
11672,[1]
11807,[1]
11808,[1]
11809,[1]
11810,[1]
11811,[1]
11812,[1]
11946,[1]
11947,[1]
11948,[1]
11949,[1]
11950,[1]
11951,[1]
11952,[1]
12085,[1]
12086,[1]
12087,[1]
12088,[1]
12089,[1]
12090,[1]
12091,[1]
12092,[1]
12093,[1]
12225,[1]
12226,[1]
12227,[1]
12228,[1]
12229,[1]
12230,[1]
12231,[1]
12232,[1]
12233,[1]
12365,[1]
12366,[1]
12367,[1]
12368,[1]
12369,[1]
12370,[1]
12371,[1]
12372,[1]
12506,[1]
12507,[1]
12508,[1]
12509,[1]
8078,[1]
8079,[1]
8080,[1]
8081,[1]
8082,[2]
8217,[1]
8218,[1]
8219,[1]
8220,[1]
8221,[1]
8222,[1]
8356,[1]
8357,[1]
8358,[1]
8359,[1]
8360,[1]
8361,[1]
8362,[1]
8496,[1]
8497,[2]
8498,[1]
8499,[1]
8500,[1]
8501,[1]
8502,[1]
8635,[1]
8636,[2]
8637,[1]
8638,[2]
8639,[1]
8640,[1]
8641,[1]
8642,[1]
8643,[1]
8644,[1]
8645,[1]
8774,[1]
8775,[1]
8776,[1]
8777,[1]
8778,[1]
8779,[1]
8780,[1]
8781,[1]
8782,[1]
8783,[1]
8784,[1]
8914,[1]
8915,[1]
8916,[1]
8917,[1]
8918,[1]
8919,[1]
8920,[1]
8921,[1]
8922,[1]
9057,[1]
9058,[1]
9059,[1]
9060,[1]
9061,[1]
9199,[1]
9200,[1]
9201,[1]
9340,[1]
9349,[1]
9488,[1]
9489,[1]
9627,[1]
9628,[1]
9629,[1]
9630,[1]
9767,[1]
9768,[1]
9769,[1]
9770,[1]
9771,[1]
9772,[2]
9773,[1]
9774,[1]
9775,[1]
9776,[1]
9907,[1]
9908,[1]
9909,[1]
9910,[1]
9911,[1]
9912,[1]
9913,[1]
9914,[1]
9915,[1]
9916,[1]
10047,[1]
10048,[1]
10049,[1]
10050,[1]
10051,[1]
10052,[1]
10053,[1]
10054,[2]
10055,[1]
10191,[1]
10192,[1]
10193,[1]
10194,[1]
10195,[1]
10333,[1]
6510,[1]
6649,[1]
6650,[1]
6651,[1]
6652,[1]
6653,[1]
6787,[1]
6788,[1]
6789,[1]
6790,[1]
6791,[1]
6792,[1]
6793,[1]
6794,[1]
6795,[1]
6928,[2]
6929,[2]
6930,[1]
6931,[1]
6932,[1]
6933,[1]
7068,[1]
7069,[2]
7070,[1]
7071,[1]
7072,[1]
7209,[1]
7210,[2]
7211,[2]
8073,[1]
8074,[1]
8213,[1]
8214,[1]
8353,[1]
8354,[1]
8355,[1]
8493,[1]
8494,[1]
8495,[1]
8633,[1]
8634,[1]
8773,[1]
8913,[2]
7653,[1]
7654,[1]
7792,[1]
7793,[1]
7931,[1]
7932,[1]
7933,[1]
8068,[2]
8069,[1]
8070,[1]
8071,[1]
8072,[1]
8207,[2]
8208,[1]
8209,[1]
8210,[1]
8211,[1]
8212,[1]
8345,[1]
8346,[1]
8347,[1]
8348,[1]
8349,[1]
8350,[1]
8351,[1]
8352,[1]
8485,[1]
8486,[1]
8487,[1]
8488,[1]
8489,[1]
8490,[1]
8491,[1]
8492,[1]
8624,[1]
8625,[1]
8626,[1]
8627,[1]
8628,[1]
8629,[1]
8630,[1]
8631,[2]
8632,[1]
8770,[1]
8771,[1]
8772,[2]
8910,[1]
8911,[1]
7872,[2]
7873,[2]
7874,[2]
8009,[1]
8010,[1]
8011,[1]
8012,[1]
8013,[1]
8014,[1]
8015,[1]
8148,[1]
8149,[2]
8150,[1]
8151,[1]
8152,[1]
8153,[1]
8154,[1]
8155,[2]
8156,[1]
8157,[1]
8286,[2]
8287,[1]
8288,[1]
8289,[1]
8290,[1]
8291,[1]
8292,[1]
8293,[1]
8294,[1]
8295,[1]
8296,[1]
8297,[1]
8426,[1]
8427,[1]
8428,[1]
8429,[1]
8430,[1]
8431,[1]
8432,[1]
8433,[1]
8434,[1]
8435,[1]
8436,[1]
8437,[1]
8438,[1]
8566,[1]
8567,[1]
8568,[1]
8569,[1]
8570,[1]
8571,[1]
8572,[1]
8573,[1]
8574,[1]
8575,[1]
8576,[1]
8577,[1]
8578,[1]
8579,[1]
8706,[1]
8707,[1]
8708,[1]
8709,[1]
8710,[1]
8711,[1]
8712,[1]
8713,[1]
8714,[1]
8715,[1]
8716,[1]
8717,[1]
8718,[1]
8719,[1]
8847,[1]
8848,[1]
8849,[1]
8850,[1]
8851,[1]
8852,[1]
8853,[1]
8854,[1]
8855,[1]
8856,[1]
8857,[1]
8858,[1]
8859,[1]
8987,[1]
8988,[1]
8989,[1]
8990,[1]
8991,[1]
8992,[1]
8993,[1]
8994,[1]
8995,[1]
8996,[1]
8997,[1]
8998,[1]
8999,[1]
9000,[1]
9127,[1]
9128,[1]
9129,[1]
9130,[1]
9131,[1]
9132,[1]
9133,[1]
9134,[1]
9135,[1]
9136,[1]
9137,[1]
9138,[1]
9139,[1]
9140,[1]
9141,[1]
9267,[1]
9268,[1]
9269,[1]
9270,[1]
9271,[1]
9272,[1]
9273,[1]
9274,[1]
9275,[1]
9276,[1]
9277,[1]
9278,[1]
9279,[1]
9280,[1]
9281,[1]
9282,[1]
9407,[1]
9408,[1]
9409,[1]
9410,[1]
9411,[1]
9412,[1]
9413,[1]
9414,[1]
9415,[1]
9416,[1]
9417,[1]
9418,[1]
9419,[1]
9420,[1]
9421,[1]
9422,[1]
9548,[1]
9549,[1]
9550,[1]
9551,[1]
9552,[1]
9553,[1]
9554,[1]
9555,[1]
9556,[1]
9557,[1]
9558,[1]
9559,[1]
9560,[1]
9561,[1]
9562,[1]
9563,[1]
9689,[1]
9690,[1]
9691,[1]
9692,[1]
9693,[0]
9694,[0]
22037,[1]
22177,[1]
22178,[1]
22179,[1]
22180,[1]
22181,[1]
22182,[1]
22183,[1]
22184,[1]
22185,[1]
22317,[1]
22318,[1]
22319,[1]
22320,[1]
22321,[1]
22322,[1]
22323,[1]
22324,[1]
22325,[1]
22457,[1]
22458,[1]
22459,[1]
22460,[1]
22461,[1]
22462,[1]
22463,[1]
22464,[1]
22465,[1]
22466,[1]
22467,[1]
22597,[1]
22598,[1]
22599,[1]
22600,[1]
22601,[1]
22602,[1]
22603,[1]
22604,[1]
22605,[1]
22606,[2]
22607,[1]
22737,[1]
22738,[1]
22739,[1]
22740,[1]
22741,[1]
22742,[1]
22743,[1]
22744,[1]
22745,[1]
22746,[2]
22878,[1]
22879,[1]
22880,[1]
22881,[1]
22882,[1]
22883,[1]
22884,[1]
22885,[1]
22886,[2]
23018,[1]
23019,[1]
23020,[1]
23021,[1]
23022,[1]
23023,[1]
23024,[1]
23025,[1]
23158,[1]
23159,[1]
23160,[1]
23161,[1]
23162,[1]
23163,[1]
23298,[2]
23439,[1]
13635,[1]
13774,[1]
13775,[1]
13776,[1]
13777,[1]
13914,[1]
13915,[1]
13916,[1]
13917,[2]
13918,[1]
13919,[1]
13920,[1]
14054,[1]
14055,[1]
14056,[1]
14057,[2]
14058,[1]
14059,[1]
14060,[1]
14061,[1]
14062,[1]
14194,[1]
14195,[1]
14196,[2]
14197,[1]
14198,[1]
14199,[1]
14200,[1]
14201,[1]
14202,[1]
14333,[1]
14334,[1]
14335,[1]
14336,[2]
14337,[1]
14338,[1]
14339,[1]
14340,[1]
14341,[1]
14473,[1]
14474,[1]
14475,[1]
14476,[1]
14477,[1]
14478,[1]
14479,[1]
14480,[1]
14481,[1]
14614,[1]
14615,[1]
14616,[1]
14617,[1]
14618,[1]
14619,[1]
14620,[1]
14621,[1]
14755,[1]
14756,[1]
14757,[1]
14758,[1]
14759,[1]
14760,[1]
14897,[1]
14898,[1]
14900,[1]
14901,[1]
15040,[1]
15041,[1]
15180,[1]
23137,[1]
23138,[1]
23277,[1]
23278,[1]
23279,[1]
23280,[1]
23281,[1]
23417,[1]
23418,[1]
23419,[1]
23420,[1]
23421,[1]
23422,[1]
23423,[1]
23424,[1]
23557,[1]
23558,[1]
23559,[1]
23560,[1]
23561,[1]
23562,[1]
23563,[2]
23564,[2]
23697,[1]
23698,[1]
23699,[1]
23700,[1]
23701,[1]
23702,[1]
23703,[1]
23704,[1]
23837,[1]
23838,[1]
23839,[1]
23840,[1]
23841,[1]
23842,[1]
23843,[1]
23844,[1]
23845,[1]
23978,[1]
23979,[1]
23980,[1]
23981,[1]
23982,[1]
23983,[1]
23984,[1]
23985,[1]
23986,[1]
24120,[1]
24121,[1]
24122,[1]
24123,[1]
24124,[1]
24125,[1]
24126,[1]
24262,[1]
24263,[2]
24264,[1]
24265,[0]
24402,[1]
24403,[1]
24404,[1]
24542,[2]
24543,[1]
24544,[1]
6424,[1]
6564,[1]
6702,[1]
6703,[1]
6704,[1]
6842,[1]
6843,[1]
6844,[1]
6981,[1]
6982,[1]
6983,[1]
6984,[1]
6985,[1]
7120,[1]
7121,[1]
7122,[1]
7123,[1]
7124,[1]
7260,[1]
7261,[1]
7262,[1]
7263,[1]
7264,[1]
7265,[1]
7401,[1]
7402,[1]
7403,[1]
7404,[1]
7542,[1]
7543,[1]
7544,[1]
7545,[1]
7546,[1]
7684,[1]
7685,[1]
7686,[1]
7824,[1]
7825,[1]
12122,[1]
12261,[1]
12262,[1]
12402,[1]
12403,[1]
12404,[1]
12541,[1]
12542,[1]
12543,[1]
12544,[1]
12545,[1]
12682,[1]
12683,[2]
12684,[1]
12685,[1]
12823,[1]
12824,[1]
12825,[1]
12826,[2]
12827,[1]
12828,[0]
12964,[1]
12965,[1]
12966,[1]
12967,[1]
12968,[1]
13104,[1]
13105,[2]
13106,[1]
13107,[1]
13246,[1]
13247,[0]
6511,[1]
6512,[1]
6513,[1]
6514,[1]
6515,[1]
6516,[1]
6654,[1]
6655,[1]
6656,[1]
6796,[1]
5122,[1]
5123,[1]
5124,[1]
5261,[1]
5262,[1]
5263,[1]
5264,[1]
5265,[1]
5396,[1]
5397,[1]
5398,[1]
5400,[1]
5401,[1]
5402,[1]
5403,[1]
5404,[1]
5536,[1]
5537,[1]
5538,[1]
5539,[1]
5540,[1]
5541,[1]
5542,[1]
5543,[1]
5676,[1]
5677,[1]
5678,[1]
5679,[1]
5680,[1]
5681,[1]
5682,[1]
5683,[1]
5684,[1]
5816,[1]
5817,[1]
5818,[1]
5819,[1]
5820,[1]
5821,[1]
5822,[1]
5823,[1]
5824,[1]
5825,[1]
5956,[2]
5957,[1]
5958,[1]
5959,[1]
5960,[1]
5961,[1]
5962,[1]
5963,[1]
5964,[1]
5965,[1]
5966,[1]
5967,[1]
6094,[2]
6095,[1]
6096,[1]
6097,[1]
6098,[1]
6099,[1]
6100,[1]
6101,[1]
6102,[1]
6103,[2]
6104,[1]
6105,[1]
6106,[1]
6234,[1]
6235,[1]
6236,[1]
6237,[2]
6238,[1]
6239,[1]
6240,[1]
6241,[1]
6242,[1]
6243,[1]
6244,[1]
6245,[1]
6373,[1]
6374,[1]
6375,[1]
6376,[1]
6377,[1]
6378,[1]
6379,[1]
6380,[1]
6381,[1]
6382,[1]
6383,[1]
6384,[1]
6385,[1]
6517,[1]
6518,[1]
6519,[1]
6520,[1]
6521,[1]
6522,[1]
6523,[1]
6524,[1]
6657,[1]
6658,[1]
6659,[1]
6660,[1]
6661,[1]
6662,[1]
6663,[1]
6664,[1]
6797,[1]
6798,[1]
6799,[1]
6800,[1]
6801,[1]
6802,[1]
6803,[1]
6937,[1]
6938,[1]
6939,[1]
18659,[1]
18660,[1]
18799,[1]
18800,[1]
18801,[1]
18802,[1]
18803,[1]
18938,[1]
18939,[1]
18940,[1]
18941,[1]
18942,[1]
18943,[2]
18944,[1]
18945,[1]
18947,[1]
18948,[1]
19077,[1]
19078,[1]
19079,[1]
19080,[1]
19081,[1]
19082,[1]
19083,[1]
19084,[1]
19085,[1]
19086,[1]
19087,[1]
19216,[1]
19217,[1]
19218,[1]
19219,[1]
19220,[1]
19221,[1]
19222,[1]
19223,[1]
19224,[1]
19225,[1]
19226,[1]
19227,[1]
19355,[1]
19356,[1]
19357,[1]
19358,[1]
19359,[1]
19360,[1]
19361,[1]
19362,[1]
19363,[1]
19364,[1]
19365,[1]
19366,[1]
19367,[1]
19496,[1]
19497,[1]
19498,[1]
19499,[1]
19500,[1]
19501,[1]
19502,[1]
19503,[1]
19504,[1]
19505,[1]
19506,[1]
19507,[1]
19508,[1]
19638,[1]
19639,[1]
19640,[1]
19641,[1]
19642,[1]
19779,[1]
19780,[1]
17422,[1]
17423,[1]
17424,[1]
17560,[1]
17561,[1]
17562,[1]
17563,[1]
17564,[1]
17700,[1]
17701,[1]
17702,[1]
17703,[1]
17704,[1]
17705,[1]
17706,[1]
17838,[1]
17839,[1]
17840,[1]
17841,[1]
17842,[1]
17843,[1]
17844,[1]
17845,[1]
17846,[0]
17977,[1]
17978,[1]
17979,[1]
17980,[1]
17981,[1]
17982,[1]
17983,[1]
17984,[1]
17985,[1]
18118,[1]
18119,[1]
18120,[1]
18121,[1]
18122,[1]
18123,[1]
18124,[1]
18257,[1]
18258,[1]
18259,[1]
18260,[1]
18397,[1]
18398,[1]
18399,[1]
8064,[1]
8204,[1]
8205,[1]
8206,[1]
8344,[1]
8484,[2]
7639,[1]
7779,[1]
7780,[1]
7918,[1]
7919,[1]
7920,[1]
7921,[2]
8058,[1]
8059,[1]
8060,[2]
8061,[1]
8062,[1]
8063,[1]
8198,[1]
8199,[2]
8200,[2]
8201,[2]
8202,[1]
8203,[1]
8339,[1]
8340,[2]
8341,[1]
8342,[1]
8343,[2]
8480,[2]
8481,[1]
8482,[1]
8483,[1]
8619,[1]
8620,[1]
8621,[1]
8622,[1]
8623,[1]
8759,[1]
8760,[1]
8761,[1]
8762,[1]
8763,[1]
8898,[1]
8899,[1]
8900,[1]
8901,[1]
8902,[2]
9040,[1]
9041,[1]
15305,[1]
15306,[1]
15443,[1]
15444,[2]
15445,[1]
15446,[1]
15447,[1]
15583,[1]
15584,[1]
15585,[2]
15586,[1]
15587,[1]
15588,[2]
15724,[2]
15725,[1]
15726,[1]
15727,[1]
15728,[1]
15729,[1]
15864,[2]
15865,[1]
15866,[1]
15867,[1]
15868,[1]
15869,[1]
15870,[1]
15871,[1]
15873,[1]
16004,[1]
16005,[1]
16006,[1]
16007,[1]
16008,[1]
16009,[1]
16010,[1]
16011,[1]
16012,[1]
16013,[1]
16014,[2]
16146,[1]
16147,[1]
16148,[1]
16149,[1]
16150,[1]
16151,[1]
16152,[1]
16153,[1]
16154,[1]
16286,[1]
16287,[1]
16288,[1]
16289,[1]
16290,[1]
16291,[1]
16292,[1]
16293,[1]
16294,[1]
16426,[1]
16427,[1]
16428,[1]
16429,[1]
16430,[1]
16433,[1]
16565,[1]
16566,[1]
16567,[1]
16568,[1]
16569,[1]
16707,[1]
16708,[1]
16709,[1]
16848,[1]
14896,[1]
14899,[1]
15036,[1]
15037,[1]
15038,[2]
15039,[1]
15175,[1]
15176,[1]
15177,[1]
15178,[2]
15179,[1]
15315,[1]
15455,[1]
15595,[1]
15735,[2]
15316,[1]
15317,[2]
15318,[1]
15319,[1]
15320,[1]
15456,[1]
15457,[2]
15458,[2]
15459,[2]
15460,[1]
15461,[1]
15596,[1]
15597,[1]
15598,[1]
15599,[2]
15600,[1]
15601,[1]
15736,[1]
15737,[1]
15738,[1]
15739,[1]
15740,[1]
15741,[1]
15877,[2]
15878,[1]
15879,[1]
15880,[1]
15881,[1]
7649,[1]
7650,[1]
7651,[1]
7652,[1]
6525,[1]
6665,[1]
6666,[1]
6667,[1]
6804,[1]
6805,[1]
6806,[1]
6807,[1]
6940,[1]
6941,[1]
6942,[1]
6943,[1]
6944,[1]
6945,[1]
6946,[1]
6947,[1]
7077,[1]
7078,[1]
7079,[1]
7080,[1]
7081,[1]
7082,[1]
7083,[1]
7084,[1]
7085,[1]
7086,[1]
7087,[1]
6390,[1]
6391,[1]
6392,[1]
6528,[1]
6529,[1]
6530,[2]
6531,[1]
6532,[1]
6668,[1]
6669,[1]
6670,[1]
6671,[1]
6672,[1]
6673,[1]
6674,[1]
6808,[2]
6809,[1]
6810,[1]
6811,[1]
6812,[1]
6813,[1]
6814,[1]
6948,[1]
6949,[1]
6950,[1]
6951,[1]
6952,[1]
7088,[1]
7089,[1]
7090,[1]
7091,[1]
7092,[1]
7217,[1]
7218,[1]
7219,[1]
7220,[1]
7221,[1]
7222,[1]
7223,[1]
7224,[1]
7225,[1]
7226,[1]
7227,[1]
7228,[1]
7229,[1]
7230,[1]
7231,[1]
7232,[1]
7359,[1]
7363,[1]
7364,[1]
7365,[1]
7366,[1]
7367,[1]
7368,[1]
7369,[1]
7370,[1]
7371,[1]
7372,[1]
7506,[1]
7507,[1]
7508,[1]
7509,[1]
7510,[1]
7511,[1]
7512,[1]
24266,[0]
24405,[2]
24406,[2]
24545,[1]
24546,[1]
24407,[1]
24547,[2]
24685,[1]
24686,[1]
24687,[1]
24688,[1]
24824,[1]
24825,[1]
24826,[1]
24827,[1]
24828,[1]
24963,[1]
24964,[1]
24965,[2]
24966,[2]
25103,[1]
25104,[2]
25105,[1]
8083,[1]
8084,[1]
8085,[2]
8223,[1]
8224,[1]
8225,[1]
8363,[1]
8364,[1]
8365,[1]
8503,[1]
8504,[2]
8505,[2]
7109,[1]
7110,[1]
7247,[1]
7248,[1]
7249,[1]
7250,[1]
7251,[1]
7385,[1]
7386,[1]
7387,[1]
7388,[1]
7389,[1]
7390,[2]
7391,[1]
7524,[1]
7525,[2]
7526,[1]
7527,[1]
7528,[1]
7529,[1]
7530,[1]
7531,[1]
7664,[1]
7665,[1]
7666,[1]
7667,[1]
7668,[1]
7669,[1]
7670,[1]
7671,[1]
7804,[1]
7805,[1]
7806,[1]
7807,[1]
7808,[1]
7809,[1]
7810,[1]
7811,[1]
7943,[1]
7944,[1]
7945,[1]
7946,[1]
7947,[2]
7948,[1]
7949,[1]
7950,[1]
7951,[1]
8086,[1]
8087,[1]
8088,[1]
8089,[1]
8090,[1]
8226,[2]
8227,[1]
8228,[1]
8229,[1]
8230,[1]
8366,[1]
8367,[1]
8368,[2]
8369,[1]
8370,[1]
8371,[1]
8506,[2]
8507,[1]
8508,[1]
8509,[1]
8510,[2]
17986,[1]
17987,[1]
18125,[1]
18126,[1]
18261,[0]
18262,[1]
18263,[1]
18264,[1]
18265,[1]
18266,[1]
18400,[0]
18401,[1]
18402,[1]
18403,[1]
18404,[1]
18405,[1]
18406,[1]
18407,[1]
18537,[1]
18538,[1]
18539,[1]
18540,[1]
18541,[1]
18542,[1]
18543,[1]
18544,[1]
18545,[2]
18546,[1]
18547,[1]
18681,[1]
18682,[1]
18683,[1]
18684,[1]
18685,[1]
18821,[1]
18822,[1]
18823,[1]
18824,[1]
18961,[1]
7961,[1]
8098,[1]
8099,[1]
8100,[1]
8101,[1]
8102,[1]
8237,[1]
8238,[2]
8239,[1]
8240,[1]
8241,[1]
8242,[1]
8378,[2]
8379,[1]
8380,[1]
8381,[1]
8382,[1]
8383,[1]
8519,[1]
8520,[1]
8521,[1]
8522,[2]
8660,[1]
8661,[1]
8662,[1]
8799,[1]
8800,[1]
8801,[1]
8802,[1]
8803,[1]
8938,[1]
8939,[1]
8940,[1]
8941,[1]
9080,[1]
10187,[1]
10188,[1]
10189,[1]
10190,[1]
10328,[1]
10329,[1]
10330,[1]
10331,[1]
10332,[1]
10468,[1]
10469,[1]
10470,[1]
10471,[1]
10472,[1]
10473,[1]
10608,[1]
10609,[1]
10610,[1]
10611,[1]
10612,[1]
10613,[1]
10748,[1]
10749,[1]
10750,[1]
10751,[1]
10752,[1]
10753,[1]
10754,[1]
10889,[1]
10890,[1]
10891,[1]
10892,[1]
10893,[2]
10894,[2]
10895,[1]
11029,[1]
11030,[1]
11031,[1]
11032,[1]
11033,[1]
11034,[1]
11035,[1]
11168,[1]
11169,[2]
11170,[1]
11171,[1]
11172,[1]
11173,[2]
11309,[2]
11310,[1]
11311,[1]
11312,[2]
11450,[1]
8091,[1]
8231,[1]
8511,[1]
8377,[2]
8517,[1]
7672,[1]
7673,[1]
7812,[1]
7813,[1]
7814,[1]
7815,[1]
7952,[1]
7953,[1]
7954,[1]
7955,[1]
7956,[1]
8092,[1]
8093,[1]
8094,[2]
8095,[1]
8096,[1]
8232,[1]
8233,[1]
8234,[1]
8235,[1]
8236,[1]
8372,[1]
8373,[1]
8374,[1]
8375,[1]
8376,[2]
8512,[1]
8513,[1]
8514,[1]
8515,[1]
8516,[1]
8652,[1]
8653,[1]
5127,[1]
2897,[1]
2898,[1]
2899,[1]
3036,[1]
3037,[1]
3038,[1]
3039,[1]
3040,[1]
3176,[1]
3177,[1]
3178,[1]
3179,[1]
3180,[1]
3181,[1]
3315,[1]
3316,[1]
3317,[1]
3318,[1]
3319,[1]
3320,[1]
3321,[1]
3446,[1]
3454,[1]
3455,[1]
3456,[1]
3457,[1]
3458,[1]
3459,[1]
3460,[1]
3461,[1]
3586,[1]
3587,[1]
3588,[1]
3589,[1]
3590,[1]
3592,[1]
3593,[1]
3594,[1]
3595,[1]
3596,[1]
3597,[1]
3598,[1]
3599,[1]
3600,[1]
3601,[1]
3726,[1]
3727,[1]
3728,[1]
3729,[1]
3730,[1]
3731,[1]
3732,[1]
3733,[1]
3734,[1]
3735,[1]
3736,[1]
3737,[1]
3738,[1]
3739,[1]
3740,[1]
3741,[1]
3865,[1]
3866,[1]
3867,[1]
3868,[1]
3869,[1]
3870,[1]
3871,[1]
3872,[1]
3873,[1]
3874,[1]
3875,[1]
3876,[1]
3877,[1]
3878,[1]
3879,[1]
3880,[1]
3881,[1]
4005,[1]
4006,[1]
4007,[1]
4008,[1]
4009,[1]
4010,[1]
4011,[1]
4012,[1]
4013,[1]
4014,[1]
4015,[1]
4016,[1]
4017,[1]
4018,[1]
4019,[1]
4020,[1]
4021,[1]
4144,[1]
4145,[1]
4146,[1]
4147,[1]
4148,[1]
4149,[1]
4150,[1]
4151,[1]
4152,[1]
4153,[1]
4154,[1]
4155,[1]
4156,[1]
4157,[1]
4158,[1]
4159,[1]
4160,[1]
4284,[1]
4285,[1]
4286,[1]
4287,[1]
4288,[1]
4289,[1]
4290,[1]
4291,[1]
4292,[1]
4293,[1]
4294,[1]
4295,[1]
4296,[1]
4297,[1]
4298,[1]
4299,[1]
4423,[1]
4424,[1]
4425,[1]
4426,[1]
4427,[1]
4428,[1]
4429,[1]
4430,[1]
4431,[1]
4432,[1]
4433,[1]
4434,[1]
4435,[1]
4436,[1]
4563,[1]
4564,[1]
4565,[1]
4566,[1]
4567,[1]
4568,[1]
4569,[1]
4570,[1]
4571,[1]
4572,[1]
4573,[1]
4574,[1]
4575,[1]
4705,[1]
4706,[1]
4707,[1]
4708,[1]
4709,[1]
4710,[1]
4711,[1]
4712,[1]
4713,[1]
4714,[1]
4846,[1]
4847,[1]
4848,[1]
4849,[1]
4850,[1]
4851,[1]
4987,[1]
4988,[1]
4989,[1]
4990,[1]
9078,[1]
9079,[1]
9081,[1]
9217,[1]
9218,[1]
9219,[1]
9220,[1]
9221,[1]
9357,[1]
9358,[1]
9359,[1]
9360,[1]
9361,[1]
9497,[1]
9498,[1]
9499,[1]
9500,[1]
9501,[1]
9502,[1]
9503,[1]
9637,[1]
9638,[1]
9639,[1]
9640,[1]
9641,[1]
9642,[1]
9643,[1]
9777,[1]
9778,[1]
9779,[1]
9780,[1]
9781,[1]
9782,[1]
9918,[1]
9919,[1]
9920,[1]
9921,[2]
10059,[1]
10060,[1]
3421,[0]
3422,[0]
3423,[0]
3424,[1]
3425,[1]
3426,[1]
3427,[1]
3428,[1]
3561,[0]
3562,[0]
3563,[0]
3564,[1]
3565,[1]
3566,[1]
3567,[1]
3568,[1]
3700,[0]
3701,[0]
3702,[0]
3703,[0]
3704,[1]
3705,[1]
3706,[1]
3707,[1]
3708,[1]
3840,[0]
3841,[0]
3842,[0]
3843,[0]
3844,[1]
3845,[1]
3846,[1]
3847,[1]
3979,[0]
3980,[0]
3981,[0]
3982,[0]
3983,[0]
3984,[1]
3985,[1]
3986,[1]
4119,[0]
4120,[0]
4121,[0]
4122,[0]
4123,[1]
4124,[1]
4125,[1]
4126,[1]
4259,[0]
4260,[0]
4261,[0]
4262,[1]
4263,[1]
4264,[1]
4265,[1]
4266,[1]
4398,[0]
4399,[0]
4400,[0]
4401,[0]
4402,[1]
4403,[1]
4404,[1]
4405,[1]
4406,[1]
4538,[0]
4539,[0]
4540,[0]
4541,[0]
4542,[1]
4543,[1]
4544,[1]
4545,[1]
4546,[1]
4679,[0]
4680,[0]
4681,[0]
4682,[1]
4683,[1]
4684,[1]
4685,[1]
4686,[1]
4819,[0]
4820,[0]
4821,[0]
4822,[1]
4823,[1]
4824,[1]
4825,[1]
4826,[1]
4959,[0]
4960,[0]
4961,[0]
4962,[1]
4963,[1]
4964,[1]
4965,[1]
4966,[1]
5100,[0]
5101,[0]
5102,[0]
5103,[1]
5104,[1]
5105,[1]
5240,[0]
5241,[0]
5242,[0]
5243,[1]
5244,[1]
5245,[1]
5380,[0]
5381,[0]
5382,[1]
5383,[1]
5384,[1]
5520,[0]
5521,[0]
5522,[1]
5523,[1]
5524,[1]
5660,[0]
5661,[0]
5662,[0]
5663,[1]
7758,[2]
7893,[2]
7894,[2]
7895,[2]
7896,[1]
7897,[2]
7898,[2]
8034,[2]
8035,[2]
8036,[1]
8037,[2]
8038,[2]
8039,[2]
8174,[2]
8175,[1]
8176,[2]
8177,[1]
8178,[1]
8179,[2]
8315,[2]
8316,[1]
8317,[2]
8318,[2]
8455,[2]
8456,[1]
8457,[2]
8595,[1]
8596,[1]
8736,[1]
3182,[1]
3322,[1]
3462,[1]
3602,[1]
3742,[1]
2494,[1]
2495,[2]
2632,[1]
2633,[1]
2634,[1]
2635,[1]
2767,[1]
2768,[1]
2769,[1]
2770,[1]
2771,[1]
2772,[1]
2773,[1]
2774,[1]
2905,[0]
2906,[1]
2907,[1]
2908,[1]
2909,[1]
2910,[1]
2911,[1]
2912,[1]
2913,[1]
2914,[1]
3043,[1]
3044,[1]
3045,[1]
3046,[1]
3047,[1]
3048,[1]
3049,[1]
3050,[1]
3051,[1]
3052,[1]
3053,[1]
3054,[1]
3183,[1]
3184,[1]
3185,[1]
3186,[1]
3187,[1]
3188,[1]
3189,[1]
3190,[1]
3191,[1]
3192,[1]
3193,[1]
3194,[1]
3323,[1]
3324,[1]
3325,[1]
3326,[1]
3327,[1]
3328,[1]
3329,[1]
3330,[1]
3331,[1]
3332,[1]
3333,[1]
3334,[1]
3335,[1]
3336,[1]
3337,[1]
3463,[1]
3464,[1]
3465,[1]
3466,[1]
3467,[1]
3468,[1]
3469,[1]
3470,[1]
3471,[1]
3472,[1]
3473,[1]
3474,[1]
3475,[1]
3476,[1]
3477,[1]
3478,[1]
3603,[1]
3604,[1]
3605,[1]
3606,[1]
3607,[1]
3608,[1]
3609,[1]
3610,[1]
3611,[1]
3612,[1]
3613,[1]
3614,[1]
3615,[1]
3616,[1]
3743,[1]
3744,[1]
3745,[1]
3746,[1]
3747,[1]
3748,[1]
3749,[1]
3750,[1]
3751,[1]
3752,[1]
3753,[1]
3754,[1]
3755,[1]
3885,[1]
3886,[1]
3888,[1]
3889,[1]
3890,[1]
3891,[1]
3892,[1]
3893,[1]
3894,[1]
4028,[1]
4029,[1]
4030,[1]
4031,[1]
4032,[1]
4033,[1]
4034,[1]
4170,[1]
4171,[1]
4172,[1]
22038,[1]
22039,[1]
22040,[1]
22041,[1]
22042,[1]
22043,[1]
22044,[1]
22045,[1]
19938,[1]
19939,[1]
19940,[1]
20077,[1]
20078,[1]
20079,[1]
20080,[1]
20081,[1]
20216,[1]
20217,[1]
20218,[1]
20219,[1]
20220,[1]
20221,[1]
20356,[1]
20357,[1]
20358,[1]
20359,[1]
20360,[1]
20361,[1]
20496,[1]
20497,[1]
20498,[1]
20499,[1]
20500,[1]
20501,[1]
20636,[1]
20637,[1]
20638,[1]
20639,[1]
20640,[1]
20775,[1]
20776,[1]
20777,[1]
20778,[1]
20779,[1]
20780,[1]
20781,[1]
20914,[1]
20915,[1]
20916,[1]
20917,[1]
20918,[1]
20919,[1]
20920,[1]
20921,[1]
20922,[1]
20923,[1]
20924,[1]
20925,[1]
21054,[1]
21055,[1]
21056,[1]
21057,[1]
21058,[1]
21059,[1]
21060,[1]
21061,[1]
21062,[1]
21063,[1]
21064,[1]
21065,[1]
21194,[1]
21195,[1]
21196,[1]
21197,[1]
21198,[1]
21199,[1]
21200,[2]
21201,[1]
21202,[1]
21203,[1]
21204,[1]
21205,[1]
21206,[1]
21335,[1]
21336,[1]
21337,[1]
21338,[1]
21339,[1]
21340,[1]
21341,[1]
21342,[1]
21343,[1]
21344,[1]
21345,[1]
21476,[1]
21477,[1]
21478,[1]
21479,[1]
21480,[1]
21481,[1]
21482,[1]
21483,[1]
21484,[1]
21485,[1]
21616,[1]
21617,[1]
21618,[1]
21619,[1]
21620,[1]
21621,[1]
21622,[1]
21623,[1]
21624,[1]
21625,[1]
21756,[1]
21757,[1]
21758,[1]
21759,[1]
21760,[1]
21761,[1]
21762,[1]
21763,[1]
21764,[1]
21765,[1]
21896,[1]
21897,[1]
21898,[1]
21899,[1]
21900,[1]
21901,[1]
21902,[1]
21903,[1]
21904,[1]
21905,[1]
3617,[1]
3618,[1]
3756,[1]
3757,[1]
3758,[1]
3895,[1]
3896,[1]
3897,[2]
3898,[1]
4035,[1]
4036,[1]
4037,[1]
3619,[1]
3620,[1]
3759,[1]
3760,[2]
3899,[1]
12121,[1]
12401,[1]
10848,[2]
10988,[1]
10989,[2]
11127,[2]
11128,[1]
11129,[1]
11130,[1]
11131,[1]
11133,[2]
11134,[2]
11135,[1]
11268,[1]
11269,[1]
11270,[1]
11271,[1]
11272,[1]
11273,[2]
11274,[1]
11275,[1]
11276,[1]
11277,[1]
11278,[1]
11409,[2]
11410,[1]
11411,[1]
11412,[1]
11413,[1]
11414,[1]
11415,[1]
11416,[1]
11417,[1]
11418,[1]
11549,[1]
11550,[1]
11551,[2]
11552,[1]
11553,[1]
11554,[1]
11555,[1]
11556,[1]
11557,[1]
11558,[1]
11559,[1]
11689,[1]
11690,[1]
11691,[1]
11692,[1]
11693,[2]
11694,[1]
11695,[1]
11696,[1]
11697,[1]
11698,[1]
11699,[1]
11829,[1]
11830,[1]
11831,[2]
11832,[1]
11833,[2]
11834,[1]
11835,[1]
11836,[1]
11837,[1]
11838,[1]
11839,[1]
11969,[2]
11970,[1]
11971,[1]
11972,[1]
11973,[1]
11974,[1]
11975,[2]
11976,[1]
11977,[1]
11978,[1]
11979,[1]
11980,[1]
12109,[1]
12110,[1]
12111,[2]
12112,[2]
12113,[2]
12114,[2]
12115,[1]
12116,[1]
12117,[1]
12118,[1]
12119,[1]
12120,[1]
12249,[1]
12250,[1]
12251,[2]
12252,[2]
12253,[2]
12254,[1]
12255,[2]
12256,[1]
12257,[1]
12258,[1]
12259,[1]
12260,[1]
12389,[2]
12390,[1]
12391,[2]
12392,[2]
12393,[2]
12394,[2]
12395,[1]
12396,[1]
12397,[1]
12398,[1]
12399,[1]
12400,[1]
12530,[1]
12531,[2]
12532,[2]
12533,[2]
12534,[1]
12535,[1]
12536,[1]
12537,[1]
12538,[1]
12539,[1]
12669,[2]
12670,[1]
12671,[2]
12672,[2]
12673,[1]
12674,[1]
12814,[2]
6953,[1]
6954,[1]
7093,[1]
7094,[1]
7233,[1]
7234,[1]
7373,[1]
7374,[1]
7513,[1]
7514,[1]
6398,[1]
6537,[1]
6538,[1]
6677,[1]
6678,[1]
6817,[1]
6818,[1]
6819,[1]
6955,[1]
6956,[2]
6957,[1]
6958,[1]
6959,[1]
7095,[1]
7096,[1]
7097,[1]
7098,[1]
7099,[1]
7100,[1]
7235,[1]
7236,[1]
7237,[1]
7238,[1]
7239,[1]
7240,[1]
7241,[1]
7375,[1]
7376,[2]
7377,[1]
7378,[1]
7379,[1]
7516,[1]
7517,[1]
8075,[1]
8076,[1]
8077,[1]
8215,[1]
8216,[1]
7655,[1]
7794,[1]
7795,[1]
7934,[1]
7935,[1]
7383,[1]
7384,[2]
7523,[1]
7663,[1]
7803,[1]
7380,[1]
7381,[1]
7515,[1]
7518,[0]
7519,[1]
7520,[1]
7521,[1]
7656,[1]
7657,[1]
7658,[1]
7659,[1]
7660,[1]
7661,[1]
7382,[1]
7522,[1]
7662,[1]
7796,[1]
7797,[1]
7798,[1]
7799,[1]
7800,[1]
7801,[1]
7802,[1]
7936,[1]
7937,[1]
7938,[1]
7939,[1]
7940,[1]
7941,[1]
7942,[1]
10973,[1]
9297,[1]
9298,[2]
9434,[1]
9435,[1]
9436,[1]
9437,[1]
9438,[1]
9574,[1]
9575,[1]
9576,[1]
9577,[1]
9578,[2]
9713,[1]
9714,[1]
9715,[1]
9716,[1]
9717,[1]
9718,[1]
9849,[1]
9850,[1]
9851,[1]
9852,[1]
9853,[1]
9854,[1]
9855,[1]
9856,[1]
9857,[1]
9989,[1]
9990,[1]
9991,[1]
9992,[1]
9993,[1]
9994,[1]
9995,[1]
9996,[2]
10128,[1]
10129,[1]
10130,[1]
10131,[1]
10132,[1]
10133,[1]
10134,[1]
10135,[1]
10136,[1]
10137,[1]
10269,[1]
10270,[1]
10271,[1]
10272,[1]
10273,[1]
10274,[1]
10275,[1]
10276,[1]
10277,[1]
10278,[1]
10410,[1]
10411,[1]
10412,[1]
10413,[1]
10414,[1]
10415,[1]
10416,[1]
10417,[1]
10418,[1]
10551,[1]
10552,[1]
10553,[1]
10554,[1]
10555,[1]
10556,[1]
10557,[2]
10558,[1]
10692,[1]
10693,[1]
10694,[1]
10695,[1]
10696,[1]
10697,[1]
10698,[1]
10832,[1]
10833,[1]
10834,[1]
10835,[1]
10974,[1]
10975,[1]
11114,[1]
8846,[1]
8986,[1]
9126,[1]
9266,[1]
9406,[1]
9546,[1]
9547,[1]
9686,[1]
9687,[1]
9688,[1]
8284,[2]
8285,[2]
8421,[1]
8422,[2]
8423,[1]
8424,[2]
8425,[2]
8558,[1]
8559,[1]
8560,[1]
8561,[1]
8562,[1]
8563,[1]
8564,[1]
8565,[1]
8696,[1]
8697,[1]
8698,[1]
8699,[1]
8700,[1]
8701,[1]
8702,[1]
8703,[1]
8704,[1]
8705,[1]
8834,[1]
8835,[1]
8836,[1]
8837,[1]
8838,[1]
8839,[1]
8840,[1]
8841,[1]
8842,[1]
8843,[1]
8844,[1]
8845,[1]
8974,[1]
8975,[1]
8976,[1]
8977,[1]
8978,[1]
8979,[1]
8980,[1]
8981,[1]
8982,[1]
8983,[1]
8984,[1]
8985,[1]
9114,[1]
9115,[1]
9116,[1]
9117,[1]
9118,[1]
9119,[1]
9120,[1]
9121,[1]
9122,[1]
9123,[1]
9124,[1]
9125,[1]
9255,[1]
9256,[1]
9257,[1]
9258,[1]
9259,[1]
9260,[1]
9261,[1]
9262,[1]
9263,[1]
9264,[1]
9265,[1]
9396,[1]
9397,[1]
9398,[1]
9399,[1]
9400,[1]
9401,[1]
9402,[1]
9403,[1]
9404,[1]
9405,[1]
9536,[1]
9537,[1]
9538,[1]
9539,[1]
9540,[1]
9541,[1]
9542,[1]
9543,[1]
9544,[1]
9545,[1]
9676,[1]
9677,[1]
9678,[1]
9679,[1]
9680,[1]
9681,[1]
9682,[1]
9683,[1]
9684,[1]
9685,[1]
9816,[0]
9817,[1]
9821,[1]
9822,[1]
9823,[1]
9824,[1]
9825,[0]
7735,[2]
7736,[1]
7737,[1]
7738,[1]
7739,[1]
7740,[1]
7741,[1]
7742,[1]
7743,[1]
7875,[1]
7876,[2]
7877,[1]
7878,[1]
7879,[1]
7880,[1]
7881,[1]
7882,[1]
8016,[1]
8017,[1]
8018,[1]
8019,[1]
8020,[1]
8021,[1]
8022,[1]
8023,[1]
8158,[1]
8159,[1]
8160,[1]
8161,[1]
8162,[1]
8298,[1]
8299,[1]
8300,[1]
8301,[1]
8302,[1]
8303,[1]
8439,[1]
8440,[1]
8441,[1]
8442,[1]
8443,[1]
8580,[1]
8581,[1]
8582,[1]
8583,[1]
8720,[1]
8721,[1]
8722,[1]
8723,[1]
8860,[1]
8861,[1]
8862,[1]
8863,[1]
9001,[1]
9002,[1]
9003,[1]
9142,[1]
9143,[1]
7185,[1]
7323,[1]
7324,[1]
7325,[1]
7326,[2]
7460,[1]
7461,[1]
7462,[1]
7463,[1]
7464,[1]
7598,[1]
7599,[1]
7600,[1]
7601,[1]
7602,[1]
7603,[1]
7604,[1]
7744,[1]
8165,[1]
8304,[1]
8305,[1]
8444,[1]
8584,[1]
8724,[1]
8864,[1]
8865,[1]
9004,[1]
9005,[1]
22046,[1]
22047,[1]
22186,[1]
22187,[1]
22326,[1]
22327,[1]
22747,[1]
22887,[1]
22188,[2]
22328,[2]
22329,[2]
22330,[1]
22468,[1]
22469,[1]
22470,[1]
22608,[1]
22609,[2]
22610,[1]
22748,[1]
22749,[2]
11393,[1]
11533,[1]
11673,[1]
11813,[1]
11953,[1]
12373,[1]
11254,[1]
11255,[1]
11256,[1]
11394,[1]
11395,[1]
11396,[1]
11397,[1]
11398,[1]
11534,[1]
11535,[1]
11536,[1]
11537,[1]
11538,[1]
11539,[1]
11540,[1]
11674,[1]
11675,[1]
11676,[1]
11677,[1]
11678,[1]
11679,[1]
11680,[2]
11814,[1]
11815,[1]
11816,[1]
11817,[1]
11818,[1]
11954,[1]
11955,[1]
11956,[1]
11957,[1]
12094,[1]
12095,[1]
12096,[1]
12097,[1]
12234,[1]
12235,[1]
12236,[1]
12374,[1]
12375,[1]
12376,[1]
7823,[1]
7962,[1]
7963,[1]
8103,[1]
8243,[1]
7827,[1]
7964,[1]
7965,[2]
7966,[1]
7967,[1]
8104,[1]
8105,[1]
8106,[1]
8107,[1]
8244,[1]
8245,[1]
8246,[1]
14482,[1]
14622,[1]
14761,[1]
14762,[1]
14902,[1]
15042,[1]
15181,[1]
15182,[1]
14483,[1]
14623,[1]
14624,[1]
14625,[1]
14626,[1]
14627,[1]
14628,[1]
14629,[1]
14763,[1]
14764,[1]
14765,[1]
14766,[1]
14767,[1]
14768,[1]
14769,[1]
14770,[1]
14903,[1]
14904,[1]
14905,[1]
14906,[1]
14907,[1]
14908,[1]
14909,[1]
14910,[1]
14911,[1]
14912,[1]
15043,[1]
15044,[1]
15045,[1]
15046,[1]
15047,[1]
15048,[1]
15049,[1]
15050,[1]
15051,[1]
15052,[1]
15183,[1]
15184,[1]
15185,[1]
15186,[1]
15187,[1]
15188,[1]
15189,[1]
15190,[1]
15191,[1]
15192,[1]
15323,[1]
15324,[1]
15325,[1]
15326,[1]
15327,[1]
15328,[1]
15329,[1]
15330,[1]
15331,[1]
15464,[1]
15465,[1]
15466,[1]
15467,[1]
15468,[1]
15469,[1]
15470,[1]
15607,[1]
15608,[1]
15609,[1]
8338,[1]
8478,[1]
8479,[2]
8618,[2]
8758,[1]
9038,[1]
9039,[1]
7633,[2]
7634,[1]
7772,[2]
7773,[1]
7774,[1]
7775,[1]
7913,[1]
7914,[1]
7915,[1]
8054,[2]
8055,[1]
8056,[1]
8057,[1]
8195,[1]
8196,[1]
8197,[1]
8335,[1]
8336,[1]
8337,[1]
8475,[1]
8476,[1]
8477,[1]
8615,[1]
8616,[2]
8617,[2]
8754,[1]
8755,[2]
8756,[1]
8757,[2]
8894,[1]
8895,[2]
8896,[2]
8897,[1]
9034,[2]
9035,[2]
9036,[1]
9037,[2]
9174,[0]
9175,[2]
9176,[2]
9177,[2]
9178,[2]
9179,[1]
9315,[2]
9316,[1]
9317,[2]
9318,[1]
9319,[1]
6507,[1]
6508,[1]
6509,[1]
6647,[1]
6648,[2]
5951,[1]
6091,[1]
6092,[1]
6093,[1]
6231,[1]
6232,[1]
6233,[1]
6371,[1]
6372,[1]
5803,[1]
5805,[1]
5943,[1]
5944,[1]
5945,[1]
5946,[1]
5947,[2]
5948,[2]
5949,[2]
5950,[2]
6083,[1]
6084,[1]
6085,[1]
6086,[1]
6087,[1]
6088,[2]
6089,[2]
6090,[2]
6224,[1]
6225,[1]
6226,[1]
6227,[1]
6228,[2]
6229,[2]
6230,[2]
6364,[1]
6365,[1]
6366,[1]
6367,[1]
6368,[1]
6369,[1]
6370,[1]
6505,[1]
6506,[1]
6646,[1]
9352,[1]
9353,[1]
9354,[1]
9355,[1]
9356,[1]
9490,[1]
9491,[1]
9492,[1]
9493,[1]
9494,[1]
9495,[1]
9496,[1]
9631,[1]
9632,[1]
9633,[1]
9634,[1]
9635,[1]
9636,[1]
8518,[1]
8657,[1]
8658,[1]
8659,[1]
8797,[1]
8798,[1]
8937,[1]
9077,[1]
8654,[1]
8655,[2]
8656,[1]
8936,[1]
9076,[1]
9216,[1]
8794,[1]
8795,[1]
8796,[1]
8934,[1]
8935,[1]
9073,[1]
9074,[1]
9075,[1]
9213,[1]
9214,[1]
9215,[1]
15164,[2]
15165,[2]
15166,[0]
15167,[1]
15304,[1]
15307,[1]
14045,[1]
14184,[1]
14185,[1]
14186,[1]
14187,[1]
14324,[1]
14325,[2]
14326,[1]
14327,[1]
14328,[1]
14465,[1]
14466,[1]
14467,[1]
14468,[1]
14604,[1]
14605,[1]
14606,[2]
14607,[1]
14608,[1]
14742,[1]
14743,[1]
14744,[1]
14745,[2]
14746,[2]
14747,[1]
14748,[1]
14882,[1]
14883,[1]
14884,[2]
14885,[2]
14886,[1]
14887,[1]
14888,[1]
15024,[1]
15025,[1]
15026,[2]
15027,[1]
15028,[1]
23026,[1]
23027,[1]
23164,[1]
23165,[1]
23166,[1]
23167,[1]
23299,[1]
23300,[1]
23301,[1]
23302,[1]
23303,[1]
23304,[1]
23305,[1]
23306,[1]
23307,[1]
23440,[1]
23441,[1]
23442,[1]
23443,[1]
23444,[1]
23445,[1]
23446,[1]
23030,[1]
23031,[1]
23169,[1]
23170,[1]
23308,[1]
23309,[1]
23448,[0]
23449,[1]
9602,[1]
9604,[2]
9743,[1]
9744,[1]
9745,[1]
9883,[1]
9884,[2]
9885,[2]
10023,[2]
10024,[1]
10025,[1]
10163,[1]
10164,[1]
10165,[2]
10166,[2]
10167,[2]
10304,[1]
10305,[1]
10306,[1]
10307,[2]
10447,[1]
9053,[2]
9054,[1]
9055,[1]
9193,[2]
9194,[2]
9195,[1]
9333,[1]
9334,[2]
8912,[1]
9049,[1]
9050,[1]
9051,[2]
9052,[2]
9190,[2]
9191,[2]
9192,[2]
9330,[1]
9331,[2]
9332,[2]
9470,[1]
9471,[1]
9472,[2]
9473,[1]
9474,[1]
9475,[2]
9476,[1]
9477,[1]
9609,[1]
9610,[1]
9611,[1]
9612,[1]
9613,[1]
9614,[2]
9615,[2]
9616,[1]
9617,[1]
9751,[1]
9752,[2]
9753,[2]
9754,[1]
9755,[1]
9756,[1]
9757,[1]
9891,[2]
9892,[1]
9893,[2]
9894,[1]
9895,[1]
9896,[1]
9897,[1]
10031,[2]
10032,[1]
10033,[1]
10034,[1]
10035,[1]
10036,[1]
10037,[1]
10038,[1]
10172,[2]
10173,[1]
10174,[1]
10175,[1]
10176,[1]
10177,[1]
10178,[1]
10314,[1]
10315,[1]
10316,[1]
10317,[1]
10454,[1]
10455,[1]
10456,[1]
10457,[1]
9283,[1]
9423,[1]
9288,[1]
9289,[1]
9290,[1]
9291,[1]
9292,[1]
9293,[2]
9294,[1]
9428,[1]
9429,[1]
9430,[1]
9431,[1]
9432,[1]
9433,[1]
9568,[1]
9569,[1]
9570,[1]
9571,[1]
9572,[1]
9573,[1]
9708,[2]
9709,[1]
9710,[1]
9711,[1]
9712,[2]
9848,[1]
9988,[1]
9006,[1]
9144,[1]
9145,[1]
9146,[1]
9284,[1]
9285,[1]
9286,[1]
8872,[1]
9007,[1]
9013,[1]
9147,[1]
9148,[1]
9149,[1]
9150,[1]
9152,[1]
9153,[1]
9154,[1]
9287,[1]
9424,[1]
9425,[1]
9426,[1]
9427,[1]
9564,[1]
9565,[1]
9566,[1]
9567,[1]
9704,[1]
9705,[1]
9706,[1]
9707,[1]
9846,[1]
9847,[2]
9987,[1]
17420,[1]
17421,[1]
15874,[1]
15875,[2]
16015,[1]
16155,[1]
15876,[1]
16016,[1]
16017,[1]
16018,[1]
16019,[1]
16020,[1]
16021,[1]
16022,[1]
16156,[1]
16157,[1]
16158,[1]
16159,[1]
16160,[1]
16161,[1]
16162,[1]
16163,[1]
16297,[2]
16298,[2]
16299,[1]
16300,[2]
16301,[1]
16302,[2]
16303,[1]
16436,[1]
16437,[2]
16438,[1]
16439,[2]
16440,[1]
16441,[1]
16442,[1]
16443,[1]
16576,[1]
16577,[1]
16578,[1]
16579,[1]
16580,[1]
16581,[1]
16582,[1]
16583,[1]
16716,[1]
16717,[1]
16718,[1]
16719,[1]
16720,[1]
16721,[1]
16722,[1]
16857,[1]
16858,[1]
16859,[1]
16860,[1]
16861,[1]
16862,[2]
16863,[1]
16998,[1]
16999,[1]
17000,[1]
17001,[1]
17002,[1]
17138,[1]
17139,[1]
17140,[1]
17141,[1]
17142,[1]
17143,[1]
17279,[1]
17280,[1]
17281,[1]
17283,[1]
9749,[1]
9750,[1]
9889,[2]
9890,[1]
10029,[2]
10030,[1]
10169,[2]
10170,[1]
10171,[1]
10309,[2]
10310,[2]
10311,[2]
10312,[2]
10313,[1]
10449,[2]
10450,[1]
10451,[2]
10452,[1]
10453,[1]
9608,[2]
9748,[1]
9888,[2]
10028,[2]
10168,[2]
10308,[2]
10448,[2]
10588,[1]
10589,[1]
10590,[1]
10591,[1]
10592,[1]
10593,[2]
10594,[2]
10595,[1]
10596,[1]
10728,[1]
10729,[1]
10730,[2]
10731,[1]
10732,[2]
10733,[2]
10734,[2]
10735,[1]
10736,[1]
10870,[2]
10871,[1]
10872,[2]
10873,[1]
10874,[1]
10875,[1]
10876,[1]
11011,[1]
11012,[2]
11013,[2]
11014,[1]
11015,[1]
11016,[1]
11153,[1]
11154,[1]
11155,[1]
12807,[2]
12525,[2]
12526,[1]
12664,[1]
12665,[1]
12666,[2]
12803,[1]
12804,[1]
12805,[1]
12806,[1]
12943,[1]
12944,[1]
12945,[1]
12946,[1]
12947,[1]
12948,[1]
12949,[2]
13084,[1]
13085,[1]
13086,[1]
13087,[1]
13088,[2]
13089,[2]
13090,[1]
13224,[1]
13225,[1]
13226,[1]
13227,[1]
13364,[1]
13365,[1]
13366,[1]
13504,[1]
13505,[1]
13244,[1]
13245,[1]
13384,[1]
13385,[1]
13524,[1]
13525,[1]
13664,[0]
16704,[1]
16705,[1]
16706,[1]
16844,[1]
16845,[1]
16846,[1]
16847,[1]
16849,[1]
16850,[1]
16984,[1]
16985,[1]
16986,[1]
16987,[1]
16988,[1]
16989,[1]
17123,[1]
17124,[1]
17125,[1]
17126,[1]
17127,[1]
17263,[1]
17264,[1]
17265,[1]
17266,[1]
17401,[1]
17402,[2]
17403,[2]
17404,[1]
17405,[1]
17406,[1]
17540,[1]
17541,[1]
17542,[2]
17543,[1]
17544,[1]
17545,[1]
17546,[1]
17681,[1]
17682,[1]
17683,[2]
17684,[1]
17685,[1]
17686,[1]
17821,[2]
3848,[1]
3987,[2]
3988,[1]
4127,[1]
4128,[1]
4267,[1]
4268,[1]
4407,[1]
4408,[1]
4547,[1]
4548,[1]
4687,[1]
4688,[1]
4827,[1]
4828,[1]
4967,[1]
4968,[1]
5106,[1]
5107,[1]
5108,[1]
5246,[1]
5247,[1]
5248,[1]
5385,[1]
5386,[1]
5387,[1]
5388,[1]
5525,[1]
5526,[1]
5527,[1]
5528,[1]
5664,[1]
5665,[1]
5666,[1]
5667,[1]
5668,[2]
5804,[1]
5806,[1]
5807,[1]
5808,[2]
3153,[1]
3154,[1]
3292,[1]
3293,[1]
3294,[1]
3295,[1]
3296,[1]
3429,[1]
3430,[1]
3431,[1]
3432,[1]
3433,[1]
3434,[1]
3435,[1]
3436,[1]
3437,[1]
3569,[1]
3570,[1]
3571,[1]
3572,[1]
3573,[1]
3574,[1]
3575,[1]
3576,[1]
3577,[1]
3578,[1]
3709,[1]
3710,[1]
3711,[1]
3712,[1]
3713,[1]
3714,[1]
3715,[1]
3716,[1]
3717,[1]
3849,[1]
3850,[1]
3851,[1]
3852,[1]
3853,[1]
3854,[1]
3855,[1]
3856,[1]
3989,[1]
3990,[1]
3991,[1]
3992,[1]
3993,[1]
3994,[1]
3995,[1]
3996,[1]
4129,[1]
4130,[1]
4131,[1]
4132,[1]
4133,[1]
4134,[1]
4135,[1]
4269,[1]
4270,[1]
4271,[1]
4272,[1]
4273,[1]
4274,[1]
4409,[1]
4410,[1]
4411,[1]
4412,[1]
4549,[1]
4550,[1]
4551,[1]
4689,[1]
4690,[1]
4691,[1]
4829,[2]
4830,[1]
4969,[1]
4970,[1]
5109,[1]
5249,[1]
5389,[1]
5529,[2]
14613,[1]
14753,[1]
14754,[1]
14893,[1]
14894,[1]
14895,[1]
15033,[1]
15034,[1]
15035,[1]
15173,[1]
15174,[1]
15168,[1]
15169,[1]
15170,[1]
15171,[1]
15172,[1]
15308,[1]
15309,[1]
15310,[1]
15311,[1]
15312,[1]
15313,[2]
15314,[2]
15448,[1]
15449,[1]
15450,[1]
15451,[1]
15452,[1]
15453,[1]
15454,[1]
15589,[1]
15590,[1]
15591,[1]
15592,[1]
15593,[1]
15594,[1]
15730,[1]
15731,[1]
15732,[1]
15733,[1]
15734,[1]
15872,[1]
14609,[2]
14610,[1]
14611,[1]
14612,[1]
14749,[1]
14750,[1]
14751,[1]
14752,[1]
14889,[1]
14890,[1]
14891,[1]
14892,[1]
15029,[1]
15030,[1]
15031,[1]
15032,[1]
22750,[1]
22888,[1]
22889,[1]
22890,[1]
23028,[1]
23029,[1]
23168,[1]
22472,[1]
22611,[2]
22612,[1]
22751,[1]
22752,[1]
22891,[1]
22892,[1]
8764,[1]
8765,[1]
8766,[1]
8767,[1]
8768,[1]
8769,[1]
8904,[1]
8905,[2]
8906,[2]
8907,[1]
8908,[2]
8909,[1]
8903,[2]
9042,[1]
9043,[1]
9044,[2]
9045,[1]
9046,[1]
9180,[1]
9462,[1]
9463,[1]
9464,[1]
9465,[1]
9466,[1]
9467,[2]
9603,[1]
9605,[1]
9606,[2]
9607,[2]
9746,[1]
9747,[1]
9886,[1]
9887,[1]
10026,[2]
10027,[2]
9189,[1]
9329,[1]
9469,[2]
9047,[1]
9048,[2]
9181,[1]
9182,[1]
9183,[1]
9184,[1]
9185,[1]
9186,[1]
9187,[1]
9188,[2]
9322,[1]
9323,[1]
9324,[2]
9325,[2]
9326,[1]
9327,[1]
9328,[1]
9468,[2]
9056,[1]
9196,[1]
9197,[1]
9198,[1]
9335,[2]
9336,[1]
9337,[1]
9338,[1]
9339,[1]
10046,[1]
10186,[1]
10326,[1]
10327,[1]
10467,[1]
9478,[1]
9618,[1]
9758,[1]
9898,[1]
10318,[1]
10458,[1]
10597,[1]
10737,[1]
10877,[1]
9479,[1]
9480,[1]
9481,[1]
9619,[1]
9620,[1]
9621,[1]
9622,[1]
9759,[1]
9760,[1]
9761,[1]
9762,[1]
9763,[1]
9764,[1]
9899,[1]
9900,[1]
9901,[1]
9902,[1]
9903,[1]
9904,[1]
9905,[1]
10039,[1]
10040,[1]
10041,[1]
10042,[1]
10043,[1]
10044,[1]
10045,[1]
10179,[1]
10180,[1]
10181,[2]
10182,[1]
10183,[1]
10184,[1]
10185,[1]
10319,[1]
10320,[1]
10321,[1]
10322,[1]
10323,[1]
10324,[1]
10325,[1]
10459,[1]
10460,[1]
10461,[1]
10462,[1]
10463,[1]
10464,[1]
10465,[1]
10598,[1]
10599,[1]
10600,[1]
10601,[1]
10602,[1]
10603,[1]
10738,[1]
10739,[2]
10740,[1]
10741,[1]
10742,[1]
10743,[1]
10878,[1]
10879,[1]
10880,[1]
12510,[1]
12511,[1]
12512,[1]
12513,[1]
13633,[1]
13634,[1]
13636,[1]
13637,[1]
13773,[1]
13913,[1]
14053,[1]
14193,[1]
12514,[1]
12515,[1]
12516,[1]
12647,[1]
12648,[1]
12649,[1]
12650,[1]
12651,[1]
12652,[1]
12653,[1]
12654,[1]
12655,[1]
12656,[1]
12787,[2]
12788,[1]
12789,[1]
12790,[1]
12791,[1]
12792,[1]
12793,[1]
12794,[1]
12795,[1]
12796,[1]
12928,[2]
12929,[1]
12930,[1]
12931,[1]
12932,[1]
12933,[1]
12934,[1]
12935,[1]
12936,[1]
13068,[1]
13069,[1]
13070,[1]
13071,[1]
13072,[1]
13073,[1]
13074,[1]
13075,[1]
13076,[1]
13208,[1]
13209,[1]
13210,[1]
13211,[1]
13212,[1]
13213,[1]
13214,[1]
13215,[1]
13216,[1]
13217,[1]
13349,[1]
13350,[1]
13351,[1]
13352,[1]
13353,[1]
13354,[1]
13355,[1]
13356,[1]
13357,[1]
13489,[1]
13490,[1]
13491,[1]
13492,[1]
13493,[1]
13494,[1]
13495,[1]
13496,[1]
13497,[1]
13629,[1]
13630,[1]
13631,[1]
13632,[1]
13769,[1]
13770,[1]
13771,[1]
13772,[1]
13909,[1]
13910,[1]
13911,[1]
13912,[1]
14050,[1]
14051,[1]
14052,[1]
14190,[1]
14191,[1]
14192,[1]
14330,[1]
14331,[1]
14332,[1]
14469,[1]
14470,[1]
14471,[1]
14472,[1]
5120,[1]
5121,[1]
5125,[1]
5126,[1]
3444,[1]
3445,[1]
3583,[1]
3584,[1]
3585,[1]
3723,[1]
3724,[1]
3725,[1]
3863,[1]
3864,[1]
4003,[1]
4004,[1]
4143,[1]
4283,[1]
4703,[1]
4704,[1]
4843,[1]
4844,[1]
4845,[1]
4983,[1]
4984,[1]
4985,[1]
4986,[1]
3718,[1]
3857,[1]
3858,[1]
3997,[1]
3998,[1]
4136,[1]
4137,[1]
4138,[1]
4275,[1]
4276,[1]
4277,[1]
4278,[1]
4415,[1]
4416,[1]
4417,[1]
4418,[1]
4555,[1]
4556,[1]
4557,[1]
4558,[1]
4695,[1]
4696,[1]
4697,[1]
4698,[1]
4835,[1]
4836,[1]
4837,[1]
4838,[2]
4975,[1]
4976,[1]
4977,[1]
4978,[2]
3579,[1]
3580,[1]
3719,[1]
3720,[1]
3721,[1]
3722,[1]
3859,[1]
3860,[1]
3861,[1]
3862,[1]
3999,[1]
4000,[1]
4001,[1]
4002,[1]
4139,[1]
4140,[1]
4141,[1]
4142,[1]
4279,[1]
4280,[1]
4281,[1]
4282,[1]
4419,[1]
4420,[1]
4421,[1]
4422,[1]
4559,[1]
4560,[1]
4561,[1]
4562,[1]
4699,[1]
4700,[1]
4701,[1]
4702,[1]
4839,[1]
4840,[1]
4841,[1]
4842,[1]
4979,[1]
4980,[1]
4981,[1]
4982,[1]
12681,[1]
12821,[1]
12822,[1]
12961,[1]
12962,[1]
12963,[1]
13101,[1]
13102,[1]
13103,[1]
13241,[1]
13242,[1]
13243,[1]
12540,[1]
12675,[1]
12676,[1]
12677,[1]
12678,[1]
12679,[1]
12680,[1]
12809,[0]
12810,[1]
12811,[1]
12812,[1]
12813,[2]
12815,[1]
12816,[1]
12817,[1]
12818,[1]
12819,[1]
12820,[1]
12950,[2]
12951,[2]
12952,[2]
12953,[1]
12954,[1]
12955,[1]
12956,[1]
12957,[1]
12958,[1]
12959,[1]
12960,[1]
13091,[1]
13092,[1]
13093,[1]
13094,[1]
13095,[1]
13096,[1]
13097,[1]
13098,[1]
13099,[1]
13100,[1]
13231,[0]
13232,[1]
13233,[1]
13234,[1]
13235,[1]
13236,[1]
13237,[1]
13238,[1]
13239,[1]
13240,[1]
13373,[1]
13374,[1]
13375,[1]
13376,[1]
13377,[1]
13378,[1]
13379,[1]
13380,[1]
13381,[1]
13382,[1]
13383,[1]
13516,[1]
13517,[1]
13518,[1]
13523,[1]
18686,[1]
18687,[1]
18825,[1]
18826,[1]
18827,[1]
18962,[1]
18963,[1]
18964,[1]
18965,[1]
18966,[1]
18967,[1]
19799,[1]
19800,[1]
19801,[1]
19802,[1]
18688,[1]
18828,[1]
18968,[1]
18969,[1]
19102,[1]
19103,[1]
19104,[1]
19105,[1]
19106,[1]
19107,[1]
19108,[1]
19109,[1]
19111,[1]
19242,[1]
19243,[1]
19244,[1]
19245,[1]
19246,[1]
19247,[1]
19248,[1]
19382,[1]
19383,[1]
19384,[1]
19385,[1]
19386,[1]
19387,[1]
19521,[1]
19522,[1]
19523,[1]
19524,[1]
19525,[1]
19526,[1]
19660,[1]
19661,[1]
19662,[1]
19663,[1]
12505,[1]
14046,[1]
14047,[2]
14048,[1]
14188,[1]
12927,[1]
13067,[2]
13207,[2]
13347,[2]
13348,[1]
13487,[2]
13488,[1]
13627,[2]
13628,[1]
13767,[2]
13768,[1]
13907,[2]
13908,[1]
14049,[1]
14189,[1]
14329,[1]
12644,[1]
12645,[1]
12646,[1]
12785,[1]
12786,[1]
12925,[1]
12926,[1]
13065,[1]
13066,[1]
13204,[1]
13205,[1]
13206,[1]
13344,[1]
13345,[2]
13346,[1]
13484,[1]
13485,[1]
13486,[1]
13625,[1]
13626,[1]
13765,[1]
13766,[1]
13905,[1]
13906,[1]
8523,[1]
8663,[1]
8942,[1]
8943,[1]
9082,[1]
9083,[1]
9222,[1]
9223,[1]
9362,[1]
9363,[1]
8247,[1]
8384,[1]
8385,[1]
8386,[1]
8387,[1]
8524,[1]
8525,[1]
8526,[1]
8664,[1]
8665,[1]
8666,[1]
8804,[1]
8805,[1]
8806,[1]
8944,[1]
9084,[1]
9085,[1]
9224,[1]
9225,[1]
9364,[1]
9504,[1]
24967,[1]
25106,[2]
25243,[1]
25244,[2]
25245,[1]
25384,[1]
25385,[1]
10860,[1]
10861,[1]
11001,[1]
10162,[1]
10302,[1]
10303,[1]
10442,[1]
10443,[1]
10444,[1]
10445,[1]
10446,[1]
10021,[2]
10160,[1]
10161,[1]
10300,[1]
10301,[1]
10439,[1]
10440,[1]
10441,[1]
10579,[1]
10580,[1]
10581,[1]
10582,[1]
10583,[1]
10584,[1]
10585,[1]
10586,[1]
10587,[1]
10720,[1]
10721,[1]
10722,[1]
10723,[1]
10724,[1]
10725,[1]
10726,[1]
10727,[2]
10862,[1]
10863,[1]
10864,[2]
10865,[2]
10866,[1]
10867,[2]
11002,[1]
11003,[1]
11004,[1]
11005,[1]
11006,[1]
11007,[1]
11143,[1]
11144,[1]
11145,[1]
11146,[1]
11286,[2]
11426,[1]
11819,[1]
11820,[2]
11958,[1]
11959,[1]
11960,[1]
12098,[1]
12099,[2]
12100,[1]
12239,[1]
12240,[1]
12379,[2]
12380,[1]
12383,[1]
12384,[1]
12385,[2]
12523,[1]
12524,[1]
12663,[1]
11681,[1]
11682,[1]
11683,[1]
11821,[2]
11822,[1]
11823,[1]
11824,[1]
11961,[1]
11962,[1]
11963,[1]
11964,[1]
12101,[1]
12102,[1]
12103,[1]
12104,[1]
12241,[1]
12242,[1]
12243,[2]
12244,[1]
12245,[1]
12381,[2]
12382,[1]
12521,[1]
12522,[1]
14342,[1]
14484,[1]
14485,[1]
14486,[1]
14487,[1]
14488,[1]
14489,[1]
14490,[1]
14491,[1]
14492,[1]
14493,[1]
14630,[1]
14631,[1]
14632,[1]
14633,[1]
14771,[1]
14772,[1]
14773,[1]
14913,[1]
13228,[1]
13229,[1]
13367,[1]
13368,[1]
13369,[1]
13506,[2]
13507,[1]
13508,[1]
13509,[1]
13645,[1]
13646,[1]
13647,[1]
13648,[1]
13649,[1]
13784,[1]
13785,[1]
13786,[1]
13787,[1]
13788,[1]
13789,[1]
13790,[1]
13923,[1]
13924,[1]
13925,[1]
13926,[2]
13927,[1]
13928,[1]
13929,[1]
13930,[1]
14063,[1]
14064,[1]
14065,[1]
14066,[1]
14067,[1]
14068,[1]
14069,[1]
14070,[2]
14203,[1]
14204,[1]
14205,[1]
14206,[1]
14207,[1]
14208,[1]
14209,[1]
14210,[1]
14211,[1]
14343,[1]
14344,[1]
14345,[1]
14346,[1]
14347,[1]
14348,[1]
14349,[1]
14350,[1]
14351,[1]
14352,[1]
14774,[1]
14914,[1]
8785,[1]
8925,[1]
9348,[1]
9350,[1]
9351,[1]
8651,[1]
8650,[2]
8790,[2]
8791,[2]
8792,[2]
8793,[1]
8930,[2]
8931,[1]
8932,[1]
8933,[1]
9070,[1]
9071,[2]
9072,[1]
9210,[1]
9211,[1]
9212,[1]
9066,[1]
9067,[1]
8646,[2]
8647,[1]
8648,[1]
8649,[1]
8786,[1]
8787,[1]
8788,[1]
8789,[1]
8926,[1]
8927,[1]
8928,[1]
8929,[1]
9068,[1]
9069,[2]
9208,[1]
9209,[1]
12127,[2]
12266,[1]
12267,[1]
12268,[1]
12405,[1]
12406,[1]
12407,[1]
12408,[1]
12409,[1]
12546,[1]
12547,[1]
12548,[1]
12549,[1]
12686,[1]
12687,[1]
12688,[1]
12689,[1]
12829,[2]
12690,[1]
15321,[1]
15322,[1]
15462,[1]
15463,[1]
15602,[1]
15603,[1]
15604,[1]
15605,[1]
15606,[1]
15882,[0]
15883,[1]
15884,[1]
16023,[1]
16024,[2]
15742,[1]
15743,[1]
15744,[1]
15745,[1]
15746,[1]
15747,[1]
15748,[1]
15885,[1]
15886,[1]
15887,[1]
16025,[1]
16026,[1]
16165,[2]
13638,[1]
13639,[1]
13640,[1]
13641,[1]
13642,[1]
13778,[2]
13779,[2]
13780,[1]
13781,[1]
13782,[1]
13921,[1]
13922,[1]
12237,[1]
12238,[1]
12377,[1]
12378,[1]
13083,[1]
13223,[2]
13363,[1]
13503,[1]
13643,[1]
13644,[1]
12517,[1]
12657,[1]
12797,[1]
12937,[1]
13077,[1]
12518,[1]
12519,[1]
12520,[1]
12658,[1]
12659,[1]
12660,[1]
12661,[1]
12662,[1]
13222,[1]
13362,[2]
13502,[1]
13783,[1]
12798,[1]
12799,[1]
12800,[2]
12801,[1]
12802,[1]
12938,[1]
12939,[1]
12940,[2]
12941,[1]
12942,[1]
13078,[1]
13079,[1]
13080,[1]
13081,[1]
13082,[2]
13218,[1]
13219,[2]
13220,[1]
13221,[2]
13358,[1]
13359,[1]
13360,[1]
13361,[2]
13498,[1]
13499,[1]
13500,[1]
13501,[1]
9695,[0]
9696,[0]
9697,[0]
9698,[1]
9699,[1]
9700,[1]
9701,[1]
9702,[1]
9703,[1]
9843,[1]
9844,[1]
9983,[1]
9984,[1]
10123,[1]
9834,[0]
9835,[1]
9836,[0]
9837,[1]
9838,[1]
9839,[1]
9840,[1]
9841,[1]
9842,[1]
9974,[0]
9975,[2]
9976,[1]
9977,[1]
9978,[1]
9979,[1]
9980,[1]
9981,[1]
9982,[2]
10114,[1]
10115,[1]
10116,[1]
10117,[1]
10118,[1]
10119,[1]
10120,[1]
10121,[1]
10122,[1]
10254,[1]
10255,[1]
10256,[1]
10257,[1]
10258,[1]
10259,[1]
10260,[1]
10261,[1]
10262,[1]
10394,[1]
10395,[1]
10396,[1]
10397,[1]
10398,[1]
10399,[1]
10400,[1]
10401,[1]
10532,[1]
10533,[1]
10534,[1]
10535,[1]
10536,[1]
10537,[1]
10538,[1]
10539,[1]
10540,[1]
10541,[1]
10672,[1]
10673,[1]
10674,[1]
10675,[1]
10676,[1]
10677,[1]
10678,[1]
10679,[1]
10680,[1]
10681,[1]
10682,[1]
10813,[1]
10814,[1]
10815,[1]
10816,[1]
10817,[1]
10818,[1]
10819,[1]
10820,[1]
10821,[1]
10822,[1]
10953,[2]
10954,[1]
10955,[1]
10956,[1]
10957,[1]
10958,[1]
10959,[1]
10960,[1]
11099,[1]
11100,[1]
8319,[2]
8458,[1]
8459,[2]
8597,[1]
8598,[1]
8599,[2]
8737,[1]
8738,[1]
8739,[1]
8876,[1]
8877,[1]
8878,[1]
8879,[1]
9295,[1]
9296,[1]
9299,[1]
8320,[1]
8460,[2]
8600,[2]
8740,[2]
8880,[1]
9015,[1]
9016,[1]
9017,[1]
9018,[1]
9019,[1]
9020,[2]
9155,[1]
9156,[1]
9157,[1]
9158,[1]
9159,[2]
9160,[1]
17416,[1]
17417,[1]
17418,[1]
17419,[1]
17556,[1]
17557,[1]
17558,[1]
17559,[1]
17696,[1]
17697,[1]
17698,[1]
17699,[1]
17836,[1]
17837,[1]
17976,[1]
16295,[1]
16431,[1]
16432,[1]
16434,[1]
16435,[1]
16570,[1]
16571,[1]
16572,[1]
16573,[1]
16574,[1]
16575,[1]
16710,[1]
16711,[1]
16712,[1]
16713,[1]
16714,[2]
16715,[1]
16851,[1]
16852,[1]
16853,[1]
16854,[1]
16855,[1]
16296,[1]
16856,[1]
16994,[1]
16995,[2]
16996,[1]
16997,[1]
17134,[1]
17135,[1]
17136,[2]
17137,[1]
17274,[1]
17275,[1]
17276,[1]
17277,[1]
17278,[1]
17414,[1]
17415,[1]
16991,[1]
16992,[1]
16993,[1]
17131,[1]
17132,[1]
17133,[1]
17272,[1]
17273,[1]
17413,[1]
17554,[1]
17555,[1]
17695,[1]
17835,[1]
17975,[1]
7644,[1]
7645,[1]
7646,[1]
7647,[1]
7648,[1]
7784,[1]
7785,[1]
7786,[1]
7787,[1]
7788,[1]
7789,[1]
7790,[1]
7791,[1]
7924,[1]
7925,[1]
7926,[1]
7927,[1]
7928,[2]
7929,[1]
7930,[1]
8065,[1]
8066,[1]
8067,[1]
7640,[1]
7641,[1]
7642,[1]
7643,[1]
7781,[1]
7782,[1]
7783,[1]
7922,[1]
7923,[1]
7358,[1]
7360,[1]
7361,[1]
7362,[1]
7498,[1]
7499,[1]
7500,[1]
7501,[1]
7502,[1]
7503,[1]
7504,[1]
7505,[1]
18661,[1]
18662,[1]
18663,[1]
18664,[1]
18665,[1]
18666,[2]
18667,[1]
18668,[1]
18804,[1]
18805,[1]
18806,[1]
18807,[1]
18808,[1]
18946,[1]
18116,[1]
18117,[1]
18256,[1]
18396,[1]
16990,[1]
17128,[1]
17129,[1]
17130,[1]
17267,[1]
17268,[1]
17269,[1]
17270,[1]
17407,[1]
17408,[1]
17409,[1]
17410,[1]
17547,[1]
17548,[1]
17549,[1]
17550,[1]
17687,[1]
17688,[1]
17689,[1]
17690,[1]
17822,[2]
17823,[2]
17824,[1]
17825,[1]
17826,[1]
17827,[1]
17828,[1]
17829,[1]
17830,[1]
17271,[1]
17411,[1]
17412,[1]
17551,[1]
17552,[1]
17553,[1]
17691,[1]
17692,[1]
17693,[1]
17694,[1]
17831,[1]
17832,[1]
17833,[1]
17834,[1]
17970,[1]
17971,[1]
17972,[1]
17973,[1]
17974,[1]
17961,[2]
17962,[1]
17963,[1]
17964,[1]
17965,[1]
17966,[1]
17967,[1]
17968,[1]
17969,[2]
18100,[2]
18101,[1]
18102,[1]
18103,[1]
18104,[1]
18105,[1]
18106,[1]
18107,[1]
18108,[1]
18109,[1]
18110,[1]
18111,[1]
18112,[1]
18113,[1]
18114,[1]
18115,[1]
18240,[1]
18241,[1]
18242,[1]
18243,[1]
18244,[1]
18245,[1]
18246,[1]
18247,[1]
18248,[1]
18249,[1]
18250,[1]
18251,[1]
18252,[1]
18253,[1]
18254,[1]
18255,[1]
18380,[1]
18381,[1]
18382,[1]
18383,[1]
18384,[1]
18385,[1]
18386,[1]
18387,[1]
18388,[2]
18389,[1]
18390,[1]
18391,[1]
18392,[1]
18393,[1]
18394,[1]
18395,[1]
18520,[1]
18521,[1]
18522,[1]
18523,[1]
18524,[1]
18525,[1]
18526,[1]
18527,[1]
18528,[1]
18529,[1]
18530,[1]
18531,[1]
18532,[1]
18533,[1]
18534,[1]
18535,[1]
18669,[1]
18670,[1]
18809,[0]
10056,[1]
10196,[1]
10334,[1]
10335,[2]
10336,[1]
10197,[1]
10337,[1]
10474,[1]
10475,[1]
10476,[1]
10477,[1]
10614,[1]
10615,[1]
10616,[1]
10617,[1]
10755,[1]
10756,[1]
10757,[1]
9917,[1]
10057,[2]
10058,[1]
10198,[1]
10199,[1]
10338,[1]
10339,[1]
10478,[1]
19088,[1]
19228,[1]
19368,[1]
18677,[1]
18678,[1]
18679,[1]
18680,[1]
18817,[1]
18818,[1]
18819,[1]
18820,[1]
18957,[1]
18958,[1]
18959,[1]
18960,[1]
19793,[1]
19794,[1]
19795,[1]
19796,[1]
19797,[1]
19798,[2]
19933,[1]
19934,[1]
19935,[1]
19936,[1]
19937,[1]
20073,[1]
20074,[1]
20075,[1]
20076,[1]
20213,[1]
20214,[1]
20215,[1]
20353,[1]
20354,[1]
20355,[1]
20493,[1]
20494,[1]
20495,[1]
20633,[1]
20634,[1]
20635,[1]
20773,[1]
20774,[1]
20913,[1]
19099,[1]
19100,[1]
19101,[1]
19239,[1]
19240,[1]
19241,[1]
19379,[1]
19380,[1]
19381,[1]
19519,[1]
19520,[1]
19659,[1]
18536,[1]
18671,[1]
18672,[1]
18673,[0]
18674,[1]
18675,[1]
18676,[1]
18810,[1]
18811,[1]
18812,[1]
18813,[1]
18814,[1]
18815,[1]
18816,[1]
18949,[1]
18950,[1]
18951,[1]
18952,[1]
18953,[1]
18954,[1]
18955,[1]
18956,[1]
19089,[1]
19090,[1]
19091,[1]
19092,[1]
19093,[1]
19094,[1]
19095,[1]
19096,[1]
19097,[1]
19098,[1]
19229,[1]
19230,[1]
19231,[1]
19232,[1]
19233,[1]
19234,[1]
19235,[1]
19236,[1]
19237,[1]
19238,[1]
19369,[1]
19370,[1]
19371,[1]
19372,[1]
19373,[1]
19374,[1]
19375,[1]
19376,[1]
19377,[1]
19378,[2]
19509,[1]
19510,[1]
19511,[1]
19512,[1]
19513,[1]
19514,[1]
19515,[1]
19516,[1]
19517,[1]
19518,[1]
19650,[1]
19651,[1]
19652,[1]
19653,[1]
19654,[1]
19655,[1]
19656,[1]
19657,[1]
19658,[1]
19790,[1]
19791,[1]
19792,[1]
19930,[1]
19931,[1]
19932,[1]
20070,[1]
20071,[1]
20072,[1]
20210,[1]
20211,[1]
20212,[1]
20350,[1]
20351,[1]
20352,[1]
20490,[1]
20491,[1]
20492,[1]
20630,[1]
20631,[1]
20632,[1]
20771,[1]
20772,[1]
19803,[1]
19804,[1]
19805,[1]
19806,[1]
19942,[1]
19943,[1]
19944,[1]
19945,[1]
19946,[1]
20083,[1]
19249,[1]
19388,[1]
19389,[1]
19527,[1]
19528,[1]
19529,[0]
19664,[1]
19665,[1]
19666,[1]
19667,[1]
19668,[1]
19669,[1]
19670,[2]
19807,[1]
19808,[1]
19809,[1]
19810,[1]
19811,[1]
19947,[1]
19948,[1]
19949,[1]
19950,[1]
19951,[1]
19952,[1]
20087,[2]
20088,[1]
20089,[0]
20090,[1]
20091,[1]
20092,[1]
20227,[1]
20228,[1]
20229,[1]
20230,[1]
20231,[1]
20232,[1]
20368,[1]
20369,[1]
20370,[1]
20371,[1]
20508,[1]
20509,[1]
20510,[1]
20511,[1]
20648,[1]
20649,[1]
20650,[1]
12128,[2]
12129,[1]
12269,[1]
11152,[1]
11156,[1]
12130,[1]
12270,[1]
12410,[1]
12550,[1]
11292,[1]
11293,[1]
11294,[1]
11295,[1]
11296,[1]
11432,[1]
11433,[1]
11434,[2]
11435,[1]
11436,[1]
11572,[1]
11573,[1]
11574,[1]
11575,[1]
11576,[1]
11711,[1]
11712,[1]
11713,[1]
11714,[1]
11715,[1]
11716,[1]
11717,[1]
11849,[1]
11850,[1]
11851,[1]
11852,[1]
11853,[1]
11854,[1]
11855,[1]
11856,[1]
11857,[2]
11989,[1]
11990,[1]
11991,[1]
11992,[1]
11993,[1]
11994,[1]
11995,[1]
11996,[2]
11997,[2]
12131,[1]
12132,[1]
12133,[1]
12134,[1]
12135,[2]
12136,[1]
12137,[1]
12138,[1]
12271,[1]
12272,[1]
12273,[1]
12274,[1]
12275,[2]
12276,[1]
12277,[1]
12411,[1]
12412,[1]
12413,[1]
12414,[1]
12415,[1]
12551,[1]
12552,[1]
12553,[1]
12691,[1]
7883,[1]
8163,[1]
8033,[1]
8173,[1]
8313,[1]
8314,[2]
8453,[1]
8454,[1]
8593,[1]
8594,[2]
8733,[1]
8734,[2]
8735,[1]
8873,[1]
8874,[1]
8875,[1]
7465,[1]
7466,[1]
7605,[1]
7606,[1]
7745,[1]
7746,[1]
7884,[1]
7885,[1]
7886,[1]
8024,[1]
8025,[1]
8026,[1]
8164,[1]
8166,[1]
8306,[1]
8445,[1]
8446,[1]
8585,[1]
8586,[1]
8725,[1]
8726,[1]
8866,[1]
8867,[2]
8868,[2]
8869,[1]
8870,[1]
8871,[2]
9008,[1]
9009,[1]
9010,[1]
9011,[1]
9012,[1]
9014,[1]
9151,[1]
7607,[1]
7747,[1]
7748,[1]
7887,[1]
7888,[1]
7889,[1]
8027,[1]
8028,[1]
8029,[1]
8031,[1]
8032,[2]
8167,[1]
8168,[1]
8169,[1]
8170,[1]
8171,[2]
8172,[1]
8307,[1]
8308,[1]
8309,[1]
8310,[2]
8311,[1]
8312,[2]
8447,[1]
8448,[1]
8449,[1]
8450,[1]
8451,[1]
8452,[1]
8587,[1]
8588,[1]
8589,[1]
8590,[2]
8591,[1]
8592,[1]
8727,[1]
8728,[1]
8729,[1]
8730,[1]
8731,[1]
8732,[1]
11687,[1]
12107,[1]
12108,[1]
12247,[1]
12248,[1]
12387,[1]
12388,[1]
12527,[1]
12528,[2]
12529,[1]
12667,[0]
12668,[1]
12808,[2]
10699,[1]
10836,[1]
10837,[1]
10838,[1]
10839,[1]
10976,[1]
10977,[1]
10978,[1]
10979,[1]
11115,[1]
11116,[1]
11117,[1]
11118,[1]
11119,[1]
11257,[2]
11258,[1]
11259,[1]
11260,[1]
11399,[1]
11400,[1]
12386,[1]
11541,[0]
11542,[1]
11543,[1]
11544,[1]
11545,[1]
11684,[1]
11685,[1]
11825,[1]
11965,[1]
12105,[1]
10700,[1]
10840,[1]
10980,[1]
10981,[1]
11120,[1]
11121,[1]
11122,[1]
11261,[1]
11262,[2]
11263,[1]
11401,[1]
11402,[2]
11403,[1]
11404,[1]
11405,[1]
11546,[1]
11686,[1]
11966,[2]
12106,[1]
12246,[1]
10607,[1]
10747,[1]
10887,[1]
10888,[1]
11027,[1]
11028,[1]
11167,[1]
11307,[1]
11308,[1]
11447,[1]
11448,[1]
11449,[1]
11017,[1]
11157,[1]
10466,[1]
10604,[1]
10605,[1]
10606,[1]
10744,[1]
10745,[1]
10746,[1]
10881,[1]
10882,[1]
10883,[1]
10884,[1]
10885,[1]
10886,[1]
11158,[1]
11297,[1]
11298,[1]
11437,[1]
11438,[1]
11577,[1]
11578,[1]
11718,[2]
11858,[2]
11998,[0]
11018,[1]
11019,[1]
11020,[1]
11021,[1]
11022,[1]
11023,[1]
11024,[1]
11025,[1]
11026,[1]
11159,[1]
11160,[1]
11161,[1]
11162,[1]
11163,[1]
11164,[1]
11165,[1]
11166,[1]
11299,[1]
11300,[1]
11301,[1]
11302,[1]
11303,[1]
11304,[1]
11305,[1]
11306,[1]
11439,[1]
11440,[1]
11441,[1]
11442,[1]
11443,[2]
11444,[1]
11445,[1]
11446,[1]
11579,[1]
11580,[1]
11581,[1]
11582,[1]
11583,[1]
11584,[1]
11585,[1]
11586,[1]
11587,[1]
11588,[2]
11589,[1]
11719,[1]
11720,[1]
11721,[1]
11722,[1]
11723,[1]
11724,[0]
11725,[1]
11726,[1]
11727,[1]
11728,[1]
11859,[2]
11860,[1]
11861,[1]
11862,[1]
11863,[1]
11864,[1]
11865,[1]
11999,[1]
12000,[1]
12001,[1]
12139,[1]
13515,[2]
13519,[1]
13520,[1]
13521,[1]
13522,[1]
13655,[0]
13656,[1]
13657,[1]
13658,[1]
13659,[1]
13660,[1]
13661,[1]
13662,[1]
13663,[1]
13797,[1]
13798,[1]
13799,[1]
13800,[1]
13801,[1]
13802,[1]
13803,[1]
13938,[1]
13939,[1]
13940,[1]
13941,[1]
13942,[1]
14078,[1]
14079,[1]
14080,[1]
14081,[1]
14218,[1]
14219,[1]
14220,[1]
14221,[1]
14358,[1]
14359,[1]
14360,[1]
14499,[1]
14500,[1]
26083,[1]
26084,[1]
26087,[1]
26223,[1]
26224,[1]
26225,[1]
26227,[1]
26362,[1]
26363,[1]
26364,[1]
26366,[1]
26367,[1]
26500,[1]
26501,[1]
26502,[1]
26503,[1]
26504,[1]
26505,[1]
26506,[1]
26507,[1]
26640,[1]
26641,[1]
26642,[1]
26643,[1]
26644,[1]
26645,[1]
26646,[1]
26647,[1]
26780,[1]
26781,[1]
26782,[1]
26783,[1]
26784,[1]
26785,[1]
26786,[1]
26787,[1]
26920,[1]
26921,[1]
26922,[1]
26923,[1]
26924,[1]
26925,[1]
26926,[1]
26927,[1]
27060,[1]
27061,[1]
27062,[1]
27063,[1]
27064,[1]
27065,[1]
27066,[1]
27067,[0]
27200,[1]
27201,[1]
27202,[1]
27203,[1]
27204,[1]
27205,[1]
