Pixel,State,lon,lat,Crop,Fraction,CropArea
31321,Gurue,37.23102,-15.43259,Maize,0,0
16151,Moatize,34.29621,-15.57009,Maize,0.00040171,0.040171
39941,Vilanculos,35.31051,-22.07692,Maize,1.3054378,130.54378
34035,Marracuene,32.81876,-25.52842,Maize,0.8522152,85.22152
33447,Barue,33.20006,-18.01015,Maize,0,0
30872,Gurue,36.82925,-15.54649,Maize,0.5917896,59.17896
10567,Lago,35.12687,-12.06707,Maize,0.12028739,12.028739
38092,Chibabava,33.8961,-20.18303,Maize,0.27172703,27.172703
29564,Sanga,35.24149,-13.0163,Maize,0.01699343,1.699343
4948,Cuamba,36.77189,-14.796,Maize,0.00224428,0.224428
26498,Ile,37.29111,-16.04759,Maize,0.05403671,5.403671
1627,N_gauma,35.48396,-14.05782,Maize,0.20678318,20.678318
42877,Pebane,38.55215,-16.41554,Maize,0.00164734,0.164734
38599,Machaze,32.7561,-20.78483,Maize,0.07288294,7.288294
42226,Mutarara,35.28257,-17.52011,Maize,0.04939232,4.939232
17013,Zumbu,31.08527,-15.11032,Maize,1.93181999,193.181999
42710,Mutarara,35.05625,-17.10977,Maize,0.00051082,0.051082
14172,Morrumbala,35.67381,-17.21114,Maize,0.06458052,6.458052
4254,Memba,40.12219,-14.01754,Maize,0.79534565,79.534565
12951,Morrumbala,35.86241,-16.60024,Maize,0,0
39071,Machaze,33.37983,-20.99554,Maize,0.40297777,40.297777
30597,Gurue,37.01026,-15.13253,Maize,0.73813306,73.813306
2368,Maravia,32.07772,-14.40641,Maize,0.23212181,23.212181
43518,Pebane,38.18362,-17.18274,Maize,0.33455275,33.455275
6067,Sussundenga,32.8917,-19.26921,Maize,0,0
16687,Moatize,33.67478,-16.22244,Maize,0.91980131,91.980131
27714,Ile,37.63484,-16.34832,Maize,0.00924496,0.924496
5202,Cuamba,36.46675,-14.68444,Maize,0.03507598,3.507598
23993,Alto_Molocue,37.59255,-15.70633,Maize,0.03310305,3.310305
29291,Mossurize,32.55289,-20.84024,Maize,0.15542952,15.542952
24936,Chiuta,33.49324,-15.70452,Maize,0.00029001,0.029001
17933,Tambara,34.17648,-16.6761,Maize,2.47772671,247.772671
40007,Vilanculos,35.10811,-22.39692,Maize,1.30512953,130.512953
38874,Machaze,33.28751,-20.90244,Maize,0.40370308,40.370308
27182,Ile,37.15103,-16.03739,Maize,0.07211026,7.211026
5622,Cuamba,36.43648,-14.89188,Maize,0.94085756,94.085756
33798,Barue,33.0188,-17.80665,Maize,0.62087128,62.087128
37974,Tsangano,34.44118,-15.3207,Maize,0.44405593,44.405593
27945,Ile,37.48445,-16.42862,Maize,0.0018954,0.18954
31757,Gurue,36.90444,-15.48396,Maize,0.17572492,17.572492
321,Ribaue,38.11839,-14.92261,Maize,0.00722104,0.722104
32064,Macossa,33.29814,-17.58997,Maize,0.47313841,47.313841
17254,Chifunde,33.25668,-14.12312,Maize,0.04291403,4.291403
8920,Mecuburi,38.77897,-14.49925,Maize,0.02741933,2.741933
18273,Mecanhelas,36.17491,-15.00621,Maize,0.17041806,17.041806
18683,Mecanhelas,36.11941,-14.98745,Maize,0.04774177,4.774177
5873,Cuamba,36.52801,-15.01032,Maize,0.84553112,84.553112
19004,Mecanhelas,35.89321,-15.21022,Maize,0.02640759,2.640759
19152,Mecanhelas,35.86438,-15.27303,Maize,0.08668465,8.668465
13417,Morrumbala,35.59553,-16.86683,Maize,0.54827575,54.827575
3303,Gorongosa,34.20413,-18.47033,Maize,0.34181142,34.181142
15261,Morrumbala,35.51832,-17.4883,Maize,0.41985886,41.985886
2995,Panda,34.75821,-23.96592,Maize,0.70723235,70.723235
938,Mogovolas,39.43146,-15.90933,Maize,0.85093529,85.093529
41765,Macanga,33.7833,-14.88287,Maize,0,0
2122,Malema,37.08653,-14.92534,Maize,0.68302597,68.302597
2646,Maravia,31.76544,-14.65738,Maize,0.22276362,22.276362
24725,Alto_Molocue,37.69202,-16.19503,Maize,0.18206104,18.206104
12201,Mueda,39.55148,-11.30675,Maize,0.0301536,3.01536
24278,Alto_Molocue,37.64793,-15.79707,Maize,0.00140638,0.140638
4329,Memba,40.45797,-14.40444,Maize,0.65323574,65.323574
38124,Chibabava,33.76947,-20.26037,Maize,0.24630678,24.630678
24140,Alto_Molocue,37.54558,-15.75122,Maize,5.48E-05,0.005481
35409,Nampula,39.24377,-15.19541,Maize,1.13801255,113.801255
15503,Morrumbala,35.44117,-17.5862,Maize,0.12667771,12.667771
37202,Tsangano,34.47103,-14.78933,Maize,1.3759484,137.59484
6432,Sussundenga,33.35027,-19.97724,Maize,2.00223848,200.223848
18778,Mecanhelas,36.01648,-15.04031,Maize,0.07300138,7.300138
20983,Meconta,39.69919,-14.9594,Maize,0.23316169,23.316169
18916,Mecanhelas,35.89414,-15.14703,Maize,0.24703004,24.703004
14403,Morrumbala,35.87949,-17.2686,Maize,0.51715842,51.715842
15187,Morrumbala,35.66925,-17.46381,Maize,0.51133531,51.133531
40759,Maganja_da_Cost,37.47767,-17.27805,Maize,0.11049929,11.049929
3657,Gorongosa,34.1328,-18.98219,Maize,0.91758144,91.758144
21417,Manica,33.04497,-18.95932,Maize,1.01777444,101.777444
18681,Mecanhelas,36.10084,-14.98722,Maize,0.17871754,17.871754
37964,Tsangano,34.40424,-15.31092,Maize,0.0002248,0.02248
23007,Alto_Molocue,37.44591,-15.35286,Maize,0.28926394,28.926394
6973,Nhamatanda,34.16279,-19.25334,Maize,0.62759736,62.759736
39510,Mabote,33.91188,-22.23753,Maize,0.34485228,34.485228
30148,Gondola,33.3864,-18.934,Maize,2.07412979,207.412979
29691,Sanga,35.24026,-13.0975,Maize,0.00475536,0.475536
3030,Panda,34.64888,-24.00792,Maize,0.70668113,70.668113
25220,Chiuta,33.34288,-15.76369,Maize,0.02381405,2.381405
42419,Mutarara,35.12372,-17.47196,Maize,0.10972665,10.972665
27628,Ile,37.12962,-16.32637,Maize,0.01940138,1.940138
8115,Manhica,32.82127,-25.2856,Maize,0.46642261,46.642261
8674,Mecuburi,39.07579,-14.02013,Maize,0.59271322,59.271322
754,Ribaue,38.35026,-15.11324,Maize,0.09011869,9.011869
425,Ribaue,38.3135,-14.96848,Maize,1.66386388,166.386388
36721,Maringue,34.62817,-18.13796,Maize,0.43906841,43.906841
29732,Sanga,35.23078,-13.11542,Maize,0.83396529,83.396529
20958,Meconta,39.80124,-14.89578,Maize,0.04568237,4.568237
19353,Mecanhelas,36.11476,-15.33058,Maize,0.11931191,11.931191
6153,Sussundenga,33.30352,-19.41759,Maize,1.99965981,199.965981
42209,Mutarara,35.22635,-17.51003,Maize,0.0814496,8.14496
27521,Ile,37.68201,-16.29439,Maize,0.20187504,20.187504
26114,Ile,37.19187,-15.64917,Maize,0.01754961,1.754961
3567,Gorongosa,34.15159,-18.65825,Maize,0.63511941,63.511941
14828,Morrumbala,35.84022,-17.36729,Maize,0.12691186,12.691186
14821,Morrumbala,35.68045,-17.3647,Maize,0.21003686,21.003686
28445,Caia,35.20245,-17.75318,Maize,0.69934275,69.934275
41317,Macanga,33.83746,-14.55076,Maize,0.65482057,65.482057
27479,Ile,37.69142,-16.28541,Maize,0.00181045,0.181045
19975,Lichinga,35.48703,-13.22737,Maize,0,0
30544,Gurue,37.07595,-15.06984,Maize,0.15764915,15.764915
14490,Morrumbala,35.57843,-17.29077,Maize,0.06223377,6.223377
16369,Moatize,34.06927,-15.72733,Maize,0.39924125,39.924125
38535,Metarica,36.91661,-14.21902,Maize,0.63211498,63.211498
7030,Nhamatanda,34.44681,-19.27868,Maize,0.606977,60.6977
34115,Marracuene,32.65334,-25.65625,Maize,0.86808482,86.808482
817,Mogovolas,39.49637,-15.71031,Maize,0.86406419,86.406419
13788,Morrumbala,35.56331,-17.09194,Maize,0.54965746,54.965746
21792,Namarroi,36.78002,-15.78994,Maize,0.03937658,3.937658
34572,Chemba,34.50317,-17.09822,Maize,0.82559751,82.559751
26480,Ile,37.26316,-16.03833,Maize,0.16827791,16.827791
39545,Mabote,33.69904,-22.49191,Maize,0.34962036,34.962036
33635,Barue,33.22176,-18.20883,Maize,0.6250616,62.50616
14819,Morrumbala,35.66166,-17.36439,Maize,0.24653025,24.653025
39327,Angoche,39.75822,-15.85419,Maize,0.04616959,4.616959
3866,Magude,32.31829,-24.89494,Maize,0.15698709,15.698709
7232,Nhamatanda,34.20757,-19.34465,Maize,0.04632451,4.632451
4955,Cuamba,36.74366,-14.83186,Maize,0.25396905,25.396905
15984,Lalaua,38.04559,-14.5607,Maize,0,0
28504,Caia,35.33331,-17.8008,Maize,1.51365547,151.365547
4024,Magude,32.72466,-25.04761,Maize,0.29253379,29.253379
7503,Nhamatanda,34.21442,-19.43495,Maize,0.31919811,31.919811
38937,Machaze,32.59798,-20.9049,Maize,0.00039625,0.039625
17893,Homoine,35.1406,-23.97603,Maize,0.05814361,5.814361
7180,Nhamatanda,34.30297,-19.32911,Maize,0.04828861,4.828861
3783,Magude,32.85545,-24.80117,Maize,0.26719459,26.719459
14915,Morrumbala,35.59538,-17.39035,Maize,0.50026745,50.026745
37808,Tsangano,34.54087,-14.99809,Maize,1.39859138,139.859138
11534,Angonia,34.48364,-14.62727,Maize,1.08854814,108.854814
6444,Sussundenga,33.33092,-19.98562,Maize,1.99490179,199.490179
12852,Morrumbala,35.49789,-16.56734,Maize,0.00394433,0.394433
31466,Gurue,36.91574,-15.28529,Maize,0.02473403,2.473403
20900,Meconta,39.43049,-15.44827,Maize,0.03976844,3.976844
16592,Moatize,34.35224,-15.96795,Maize,1.11069382,111.069382
34709,Chemba,34.75607,-17.51855,Maize,0.04988975,4.988975
5321,Cuamba,36.47551,-14.7297,Maize,0.6035321,60.35321
3675,Magude,32.395,-24.37683,Maize,0.1854312,18.54312
40965,Macanga,33.97183,-14.74292,Maize,0.35102953,35.102953
10052,Moma,39.32069,-16.73217,Maize,6.00E-08,6.00E-06
43519,Pebane,38.19302,-17.18278,Maize,0.39465676,39.465676
4719,Majune,36.35987,-13.49084,Maize,2.87531213,287.531213
37904,Tsangano,34.29464,-15.22751,Maize,0.0072275,0.72275
34177,Marracuene,32.73775,-25.74988,Maize,0.86783544,86.783544
5928,Cuamba,36.31315,-15.09821,Maize,0.30841148,30.841148
30080,Gondola,33.62646,-19.40946,Maize,2.08368991,208.368991
33020,Mopeia,35.78067,-18.07046,Maize,0.13811635,13.811635
34157,Marracuene,32.66086,-25.70156,Maize,0.01483834,1.483834
607,Ribaue,38.0528,-15.03987,Maize,0.7310599,73.10599
1349,N_gauma,35.46754,-13.92217,Maize,0.40322415,40.322415
9686,Moma,39.35766,-16.43379,Maize,0.48554436,48.554436
2129,Malema,37.19806,-14.92625,Maize,0.24807996,24.807996
39945,Vilanculos,35.25128,-22.12067,Maize,1.30543756,130.543756
20698,Lichinga,35.40091,-13.44281,Maize,0.62668855,62.668855
35588,Nampula,39.14131,-15.11413,Maize,0.02628362,2.628362
35199,Nampula,39.27153,-15.05976,Maize,0.67529908,67.529908
23247,Alto_Molocue,37.49157,-15.47971,Maize,0.00034686,0.034686
12079,Angonia,34.10884,-14.82698,Maize,1.07885452,107.885452
23804,Alto_Molocue,37.64889,-15.65246,Maize,0.47792269,47.792269
18869,Mecanhelas,35.96914,-15.1029,Maize,0.00718755,0.718755
14641,Morrumbala,35.86918,-17.32261,Maize,0.55032337,55.032337
6042,Sussundenga,33.10152,-19.23113,Maize,1.66387645,166.387645
27126,Ile,37.10491,-15.97374,Maize,0.31985913,31.985913
14532,Morrumbala,35.61583,-17.30043,Maize,0.54604804,54.604804
21765,Namarroi,36.79966,-15.69979,Maize,0.0211615,2.11615
4091,Magude,32.71297,-25.0831,Maize,0.19279115,19.279115
14893,Morrumbala,35.72712,-17.38353,Maize,0.01287972,1.287972
20907,Meconta,39.46784,-15.47532,Maize,0.31795133,31.795133
23189,Alto_Molocue,37.44524,-15.44324,Maize,0.00158373,0.158373
30187,Gondola,33.54144,-18.82158,Maize,1.93012227,193.012227
7317,Nhamatanda,34.53923,-19.37112,Maize,0.08597627,8.597627
35197,Nampula,39.22501,-15.05981,Maize,0.02370104,2.370104
34854,Chemba,34.72124,-17.40056,Maize,0.00158708,0.158708
1043,N_gauma,35.24872,-13.7384,Maize,0.00524919,0.524919
33809,Barue,32.96189,-17.82289,Maize,0.6245813,62.45813
43528,Pebane,38.23996,-17.20104,Maize,0.45314403,45.314403
7573,Nhamatanda,34.09835,-19.50394,Maize,0.67334269,67.334269
4387,Nicoadala,36.63698,-17.568,Maize,0.23298835,23.298835
15352,Morrumbala,35.48942,-17.52389,Maize,0.40758389,40.758389
26681,Ile,37.17816,-16.13703,Maize,0.02263852,2.263852
19955,Lichinga,35.29359,-13.22463,Maize,0.10025196,10.025196
18151,Mecanhelas,36.27871,-14.88103,Maize,0.2288244,22.88244
9108,Mecuburi,38.87167,-14.68919,Maize,0.30013528,30.013528
944,Mogovolas,39.53424,-15.91814,Maize,0.17135466,17.135466
14268,Morrumbala,35.65455,-17.2379,Maize,0.07324366,7.324366
33075,Inhassoro,34.89032,-21.54385,Maize,10.70063074,1070.063074
8133,Manhica,32.88007,-25.29706,Maize,1.3374929,133.74929
8466,Manhica,32.6308,-25.52034,Maize,2.05075719,205.075719
6966,Nhamatanda,34.09642,-19.25157,Maize,0.43514877,43.514877
767,Ribaue,37.76382,-15.14695,Maize,0.40026172,40.026172
634,Ribaue,38.33184,-15.0499,Maize,1.68997168,168.997168
9397,Monapo,39.87474,-14.67854,Maize,0.0621255,6.21255
29021,Mossurize,32.77816,-20.71367,Maize,0.38534914,38.534914
20377,Lichinga,35.31037,-13.33319,Maize,0.09387457,9.387457
39482,Angoche,39.86164,-16.01652,Maize,0.37464638,37.464638
4930,Cuamba,36.97712,-14.69849,Maize,0.17624987,17.624987
33095,Inhassoro,34.33302,-22.08797,Maize,10.71697359,1071.697359
3994,Magude,32.59705,-25.03315,Maize,5.18E-06,0.000518
5346,Cuamba,36.67961,-14.74088,Maize,0,0
42271,Mutarara,35.31022,-17.5477,Maize,0.02768755,2.768755
31753,Gurue,36.82991,-15.48325,Maize,0.01428723,1.428723
31919,Gile,38.43184,-15.90901,Maize,0.0386183,3.86183
9033,Mecuburi,38.78815,-14.60776,Maize,0.00021002,0.021002
35289,Nampula,39.33673,-15.10488,Maize,0.28407882,28.407882
35271,Nampula,39.19713,-15.096,Maize,0.76597289,76.597289
4072,Magude,32.73314,-25.07496,Maize,0.10529707,10.529707
75,Guro,33.76909,-16.53107,Maize,1.47510552,147.510552
27814,Ile,37.75636,-16.37618,Maize,0.35348732,35.348732
14454,Morrumbala,35.57859,-17.28175,Maize,0.0664563,6.64563
3439,Gorongosa,34.12608,-18.55846,Maize,0.01869157,1.869157
36522,Maringue,34.39088,-17.83493,Maize,0.0148534,1.48534
42802,Pebane,38.95481,-16.75953,Maize,0.36065909,36.065909
21219,Manica,33.31777,-18.72485,Maize,0.97233592,97.233592
23026,Alto_Molocue,37.4831,-15.36216,Maize,0.00413496,0.413496
12795,Morrumbala,35.84457,-16.5458,Maize,0.00123669,0.123669
25860,Buzi,34.16475,-20.13657,Maize,0.34239468,34.239468
18340,Mecanhelas,35.62748,-14.35779,Maize,0.21977845,21.977845
17232,Chifunde,33.25736,-14.09613,Maize,0.44257484,44.257484
1248,N_gauma,35.35752,-13.8664,Maize,2.66E-05,0.002657
8592,Mecuburi,38.7507,-14.87896,Maize,0.95911607,95.911607
43451,Pebane,38.24036,-17.10161,Maize,0.20213552,20.213552
31066,Gurue,37.00545,-15.63851,Maize,0.83941596,83.941596
23518,Alto_Molocue,37.78934,-15.56289,Maize,0.05370339,5.370339
8619,Mecuburi,38.64838,-14.91499,Maize,0.45968829,45.968829
14839,Morrumbala,35.51115,-17.37084,Maize,0.38349717,38.349717
423,Ribaue,38.2391,-14.96824,Maize,0.01263142,1.263142
31882,Gile,38.07837,-15.57333,Maize,2.50413669,250.413669
12636,Muidumbe,40.12171,-11.84766,Maize,1.70017597,170.017597
12548,Funhalouro,34.39029,-23.27032,Maize,0.07092536,7.092536
10989,Angonia,34.24552,-14.50534,Maize,0.89883779,89.883779
16649,Moatize,33.62181,-16.11302,Maize,1.14562538,114.562538
40649,Maganja_da_Cost,38.03327,-17.164,Maize,0.20634527,20.634527
29817,Sanga,35.359,-13.16239,Maize,0.49137015,49.137015
36362,Maringue,34.67884,-17.99483,Maize,0.08593591,8.593591
16732,Moatize,33.81193,-16.32494,Maize,0.17102042,17.102042
42906,Pebane,38.03434,-16.95612,Maize,0.01142506,1.142506
34731,Chemba,34.78238,-17.60028,Maize,0.20126263,20.126263
6272,Sussundenga,33.86335,-19.72263,Maize,1.20624166,120.624166
21719,Inharrime,34.36464,-24.54031,Maize,3.54491164,354.491164
2232,Malema,37.33712,-14.97249,Maize,0.32280181,32.280181
9281,Govuro,35.01163,-20.9786,Maize,0.8423262,84.23262
18403,Mecanhelas,35.82103,-14.42367,Maize,6.73E-06,0.000673
21444,Manica,33.23333,-18.9833,Maize,0.5899732,58.99732
29693,Sanga,35.25867,-13.09777,Maize,0.00059772,0.059772
19815,Lichinga,35.34952,-13.18031,Maize,0.62730733,62.730733
21348,Manica,33.3687,-18.89745,Maize,0.24589623,24.589623
4933,Cuamba,36.79092,-14.751,Maize,0.31281318,31.281318
43156,Pebane,38.64493,-16.89482,Maize,0.08879431,8.879431
29612,Sanga,35.18558,-13.0606,Maize,0.05294691,5.294691
32725,Mopeia,35.68328,-17.72581,Maize,0.49349155,49.349155
18307,Mecanhelas,35.7112,-14.33188,Maize,0.41754266,41.754266
7368,Nhamatanda,34.04495,-19.38534,Maize,0.00151204,0.151204
14688,Morrumbala,35.44607,-17.33359,Maize,0.14486022,14.486022
34613,Chemba,34.36909,-17.21239,Maize,0.57676326,57.676326
5466,Cuamba,36.71618,-14.79545,Maize,0.06976319,6.976319
32100,Macossa,33.34109,-17.71725,Maize,0.28546485,28.546485
25505,Buzi,34.32398,-19.91554,Maize,0.0747817,7.47817
28785,Mossurize,32.63032,-20.59132,Maize,0,0
910,Mogovolas,39.51544,-15.87299,Maize,0.70237575,70.237575
1734,Malema,37.85851,-14.8401,Maize,0,0
6623,Nhamatanda,34.25124,-19.14751,Maize,0.09136666,9.136666
37719,Tsangano,34.55422,-14.79997,Maize,9.05E-05,0.009049
39828,Mabote,34.23702,-22.06717,Maize,0.35132463,35.132463
20607,Lichinga,35.53052,-13.40852,Maize,0.40360665,40.360665
41391,Macanga,33.77169,-14.59434,Maize,0.40236846,40.236846
41954,Mutarara,35.2339,-17.14022,Maize,0.00071243,0.071243
37012,Cahora_Bassa,32.12367,-16.37541,Maize,0.92613477,92.613477
1062,N_gauma,35.36858,-13.74923,Maize,0.42327827,42.327827
11367,Angonia,34.4381,-14.59032,Maize,3.50E-07,3.50E-05
7080,Nhamatanda,34.4558,-19.29693,Maize,0.71400567,71.400567
1525,N_gauma,35.51238,-14.01309,Maize,0.00012268,0.012268
40160,Vilanculos,35.31348,-22.69942,Maize,1.30196356,130.196356
28905,Mossurize,32.49376,-20.65816,Maize,0.01022009,1.022009
23067,Alto_Molocue,37.52955,-15.38054,Maize,0.0001447,0.01447
32671,Mopeia,35.59888,-17.70632,Maize,0.48693688,48.693688
23907,Alto_Molocue,37.70468,-15.67991,Maize,0.35496739,35.496739
43138,Pebane,38.61678,-16.88573,Maize,0.19098185,19.098185
35643,Nampula,38.96446,-15.26787,Maize,0.01155385,1.155385
12353,Funhalouro,34.22139,-22.52631,Maize,0.0604023,6.04023
36532,Maringue,34.65411,-17.84999,Maize,0.42064641,42.064641
18079,Muanza,35.09902,-19.00512,Maize,0.10117644,10.117644
12993,Morrumbala,35.45965,-16.61182,Maize,0.52080707,52.080707
18717,Mecanhelas,36.12846,-15.00563,Maize,0.06576288,6.576288
42962,Pebane,38.04285,-17.12789,Maize,0.44819279,44.819279
30211,Gondola,33.57692,-18.89466,Maize,2.09246591,209.246591
36748,Cahora_Bassa,32.85373,-15.65143,Maize,0.95747408,95.747408
43522,Pebane,38.21179,-17.19189,Maize,0.35183045,35.183045
5543,Cuamba,36.52997,-14.8387,Maize,3.20E-07,3.20E-05
30343,Jangamo,35.36189,-24.13478,Maize,0.56627982,56.627982
23197,Alto_Molocue,37.53842,-15.44387,Maize,0.49001635,49.001635
6691,Nhamatanda,34.13647,-19.18055,Maize,0.67618781,67.618781
2506,Maravia,31.68641,-14.5382,Maize,0.07778831,7.778831
29910,Sanga,35.43566,-12.95585,Maize,0.11086994,11.086994
43548,Chinde,35.89247,-18.15355,Maize,0.58262651,58.262651
17350,Homoine,35.01488,-23.59406,Maize,0.05961114,5.961114
9112,Mecuburi,38.91811,-14.69826,Maize,0.00175557,0.175557
11783,Angonia,34.48234,-14.69036,Maize,0.05116997,5.116997
32514,Mopeia,35.40049,-17.73888,Maize,0.00498792,0.498792
16268,Moatize,34.35905,-15.6706,Maize,2.00E-08,2.00E-06
16315,Moatize,34.33963,-15.70624,Maize,0.00539114,0.539114
41198,Macanga,33.71207,-15.14246,Maize,0,0
33652,Barue,33.28703,-18.2288,Maize,0.62494864,62.494864
8931,Mecuburi,38.88105,-14.50837,Maize,0.47752215,47.752215
33343,Barue,33.23352,-17.84913,Maize,0.3859659,38.59659
12093,Angonia,34.24756,-14.83891,Maize,0.54510347,54.510347
3649,Gorongosa,34.49454,-18.91924,Maize,0.23037235,23.037235
41582,Macanga,33.6949,-14.7097,Maize,0.66184264,66.184264
30062,Gondola,33.72275,-19.36725,Maize,1.94090613,194.090613
41457,Macanga,33.69686,-14.62868,Maize,0.06566602,6.566602
23678,Alto_Molocue,37.82638,-15.60829,Maize,0.01595891,1.595891
12187,Mueda,39.54218,-11.23442,Maize,0.18913627,18.913627
28630,Caia,35.36933,-17.88268,Maize,0.18243099,18.243099
17365,Homoine,35.00401,-23.62985,Maize,0.05965977,5.965977
24258,Alto_Molocue,37.79734,-15.78891,Maize,0.25352521,25.352521
34384,Lugela,36.80126,-16.40451,Maize,0.00057173,0.057173
23950,Alto_Molocue,37.77927,-15.68938,Maize,0.04964451,4.964451
41438,Macanga,33.67859,-14.61925,Maize,0.5107647,51.07647
8182,Manhica,32.87871,-25.324,Maize,1.72799306,172.799306
33220,Barue,33.24811,-17.68753,Maize,0.39542586,39.542586
5923,Cuamba,36.65734,-15.08397,Maize,1.27915218,127.915218
10203,Muecate,39.47506,-14.526,Maize,6.45E-05,0.006446
35298,Nampula,39.30883,-15.11396,Maize,0.50325102,50.325102
8119,Manhica,32.8904,-25.28849,Maize,1.99231425,199.231425
20425,Lichinga,35.52221,-13.34521,Maize,0.00375389,0.375389
20685,Lichinga,35.28106,-13.44106,Maize,0.1134073,11.34073
12038,Angonia,34.32244,-14.80439,Maize,1.06973117,106.973117
16419,Moatize,34.15233,-15.75624,Maize,0.48858315,48.858315
15500,Morrumbala,35.34711,-17.58448,Maize,0.00295229,0.295229
1237,N_gauma,35.50545,-13.85953,Maize,2.00E-08,2.00E-06
26926,Ile,37.10769,-15.67556,Maize,0.00035303,0.035303
26468,Ile,37.45012,-16.03073,Maize,0.00055013,0.055013
29536,Sanga,35.22335,-12.99798,Maize,0,0
4932,Cuamba,36.92099,-14.74317,Maize,0.16525447,16.525447
25466,Buzi,34.43904,-19.89149,Maize,0.0767452,7.67452
14516,Morrumbala,35.91662,-17.29626,Maize,0.00604479,0.604479
2794,Maravia,31.43282,-14.94283,Maize,0.19455285,19.455285
6907,Nhamatanda,34.33425,-19.23076,Maize,0.24197139,24.197139
28137,Ile,37.55822,-16.58278,Maize,0.3834719,38.34719
16892,Zumbu,31.05245,-14.75054,Maize,1.89945073,189.945073
39217,Machaze,33.33401,-21.19207,Maize,0.39959132,39.959132
9667,Moma,39.4325,-16.38845,Maize,0.59425953,59.425953
5544,Cuamba,36.53926,-14.8388,Maize,0.03272363,3.272363
27175,Ile,37.1698,-16.02852,Maize,0.00036454,0.036454
16215,Moatize,34.30428,-15.62435,Maize,1.13965098,113.965098
42505,Mutarara,34.62705,-16.60497,Maize,0.08739166,8.739166
18850,Mecanhelas,35.90422,-15.09299,Maize,0.35175643,35.175643
25833,Buzi,34.12773,-20.0995,Maize,0.3425037,34.25037
9900,Moma,39.133,-16.64197,Maize,0.36901182,36.901182
22389,Alto_Molocue,37.7254,-15.3456,Maize,0.38392199,38.392199
23373,Alto_Molocue,37.48199,-15.5158,Maize,0.52115668,52.115668
26616,Ile,37.20653,-16.10112,Maize,0.00686416,0.686416
42173,Mutarara,35.2833,-17.48403,Maize,0.0635592,6.35592
13047,Morrumbala,35.21585,-16.63459,Maize,0.54986028,54.986028
25283,Buzi,33.89444,-19.64243,Maize,0.18925594,18.925594
11490,Angonia,34.41903,-14.61699,Maize,0.02640131,2.640131
38940,Machaze,32.62665,-20.90597,Maize,0.04674813,4.674813
21256,Manica,33.12684,-18.78194,Maize,0.78770965,78.770965
1646,N_gauma,35.47458,-14.0667,Maize,0.42176447,42.176447
43511,Pebane,38.14609,-17.16451,Maize,0.4497526,44.97526
34196,Lugela,36.92559,-16.15279,Maize,0.04398148,4.398148
43657,Chinde,36.14206,-18.48248,Maize,0.44364345,44.364345
17984,Nacala_Velha,40.38379,-14.40489,Maize,0.2323216,23.23216
43383,Pebane,38.40029,-17.05696,Maize,0.03253787,3.253787
36546,Maringue,34.69132,-17.86885,Maize,0.2345807,23.45807
14238,Morrumbala,35.63593,-17.22856,Maize,0.05267394,5.267394
20334,Lichinga,35.48573,-13.31762,Maize,0.62139999,62.139999
17850,Homoine,35.07359,-23.92021,Maize,0.0596317,5.96317
7993,Manhica,32.85679,-25.17012,Maize,1.95046769,195.046769
26653,Ile,37.2531,-16.11958,Maize,0.01038843,1.038843
5905,Cuamba,36.68562,-15.04812,Maize,1.07822364,107.822364
22548,Alto_Molocue,37.55712,-15.43495,Maize,0.25415162,25.415162
12209,Mueda,38.8092,-11.38859,Maize,0.51620978,51.620978
2736,Maravia,31.99121,-14.80805,Maize,0.12405554,12.405554
8240,Manhica,32.73811,-25.36305,Maize,2.05213125,205.213125
2620,Maravia,31.75682,-14.63916,Maize,0.21977544,21.977544
38868,Machaze,32.76157,-20.88399,Maize,0.30581399,30.581399
25798,Buzi,34.73924,-20.07027,Maize,0.34275577,34.275577
17946,Tambara,34.36167,-16.75246,Maize,3.64607599,364.607599
21820,Namarroi,36.84476,-15.8448,Maize,0.00035856,0.035856
8021,Manhica,32.83342,-25.24113,Maize,2.03252657,203.252657
39321,Machaze,32.66563,-21.33916,Maize,0.40090783,40.090783
11009,Angonia,33.95868,-14.50835,Maize,0.00233244,0.233244
19733,Lichinga,35.66098,-13.31096,Maize,6.50E-07,6.50E-05
16743,Moatize,34.17521,-16.35161,Maize,0.20524706,20.524706
8692,Mecuburi,39.18695,-14.06528,Maize,0.74108349,74.108349
4069,Magude,32.69372,-25.07328,Maize,0.18034008,18.034008
20138,Lichinga,35.5418,-13.26423,Maize,0.62757566,62.757566
5234,Cuamba,36.3088,-14.70073,Maize,1.22488021,122.488021
27648,Ile,37.66305,-16.33042,Maize,0.17305548,17.305548
6471,Nhamatanda,34.3493,-19.03284,Maize,0.65574336,65.574336
33113,Barue,33.23341,-18.42522,Maize,0.44843237,44.843237
20030,Lichinga,35.24726,-13.24201,Maize,0.4944988,49.44988
32956,Mopeia,35.65047,-17.96896,Maize,0.07638301,7.638301
25685,Buzi,34.66467,-20.00534,Maize,0.31571764,31.571764
5548,Cuamba,36.39987,-14.8463,Maize,1.13298226,113.298226
24487,Alto_Molocue,37.40461,-15.87676,Maize,0.2047192,20.47192
34954,Cheringoma,35.12553,-18.2569,Maize,0.18157583,18.157583
14008,Morrumbala,35.79681,-17.15897,Maize,0.52503646,52.503646
38713,Machaze,32.79135,-20.85809,Maize,0.07965014,7.965014
32431,Mopeia,35.35597,-17.61172,Maize,0,0
41272,Macanga,33.48716,-14.50673,Maize,0.6742051,67.42051
18383,Mecanhelas,35.65458,-14.40331,Maize,0.36663182,36.663182
536,Ribaue,37.93201,-15.01221,Maize,0.01044638,1.044638
5275,Cuamba,36.54996,-14.71244,Maize,0.1086131,10.86131
11732,Angonia,34.25109,-14.67672,Maize,0.05788442,5.788442
31266,Gurue,36.99337,-15.91851,Maize,2.51E-05,0.002508
26538,Ile,37.19751,-16.0649,Maize,0.00307206,0.307206
25027,Chiuta,33.38155,-15.36854,Maize,0.86524213,86.524213
36465,Maringue,34.46887,-17.72857,Maize,0.04053795,4.053795
35594,Nampula,39.06686,-15.13224,Maize,1.41E-06,0.000141
5198,Cuamba,36.4018,-14.68372,Maize,1.26864346,126.864346
2603,Maravia,31.47166,-14.62109,Maize,0.18966576,18.966576
16613,Moatize,33.83786,-16.0463,Maize,2.70E-05,0.002704
35421,Nampula,39.29034,-15.20439,Maize,0.0877774,8.77774
19124,Mecanhelas,35.89242,-15.26439,Maize,0.15185868,15.185868
32092,Macossa,33.31322,-17.70744,Maize,0.46387241,46.387241
14759,Morrumbala,35.88752,-17.34998,Maize,0.55120281,55.120281
35068,Cheringoma,34.76123,-18.48364,Maize,0.09728519,9.728519
29581,Sanga,35.1952,-13.03367,Maize,0.66606748,66.606748
22188,Namarroi,37.02841,-16.15377,Maize,0.33400315,33.400315
36239,Maringue,34.74951,-17.79799,Maize,0.03642853,3.642853
21994,Namarroi,37.03909,-16.01833,Maize,0.00051581,0.051581
5855,Cuamba,36.5468,-14.99246,Maize,0.35378341,35.378341
17270,Chifunde,33.07118,-14.1636,Maize,0.3713112,37.13112
30806,Gurue,37.0625,-15.52155,Maize,8.55E-05,0.008546
22338,Alto_Molocue,37.71625,-15.31843,Maize,0.04339011,4.339011
43346,Pebane,38.49431,-17.03913,Maize,0.10361117,10.361117
5966,Cuamba,36.21007,-15.16019,Maize,0,0
42077,Mutarara,35.19983,-17.42832,Maize,0.01612318,1.612318
8382,Manhica,32.83325,-25.43906,Maize,2.05228971,205.228971
42383,Mutarara,34.16827,-16.63085,Maize,0.21362431,21.362431
4230,Memba,40.35333,-13.96212,Maize,0.0856442,8.56442
26923,Ile,37.10777,-15.66653,Maize,0.02283604,2.283604
35866,Dondo,34.78378,-19.46714,Maize,0.96117669,96.117669
12242,Mueda,39.52442,-11.54192,Maize,1.42671491,142.671491
1892,Malema,37.01409,-14.71688,Maize,0.63514251,63.514251
17757,Homoine,35.12637,-23.7953,Maize,7.99E-05,0.007988
15326,Morrumbala,35.42377,-17.51369,Maize,0.00814147,0.814147
6876,Nhamatanda,34.34399,-19.222,Maize,0.28907129,28.907129
22732,Alto_Molocue,37.4001,-15.25312,Maize,0.0011921,0.11921
36288,Maringue,34.48479,-17.46747,Maize,0.05934008,5.934008
41596,Macanga,33.65769,-14.71785,Maize,0.5936315,59.36315
24169,Alto_Molocue,37.58284,-15.7605,Maize,0.02279342,2.279342
23379,Alto_Molocue,37.55656,-15.5163,Maize,0.00031881,0.031881
2675,Maravia,31.41458,-14.67306,Maize,0.12151456,12.151456
29081,Mossurize,32.57658,-20.73322,Maize,0.34382142,34.382142
7021,Nhamatanda,34.15278,-19.2711,Maize,0.10346752,10.346752
727,Ribaue,38.08047,-15.09422,Maize,0.10008933,10.008933
9775,Moma,39.52658,-16.55095,Maize,0.00093675,0.093675
4670,Majune,36.10179,-13.46089,Maize,0.67249793,67.249793
29375,Sanga,35.40572,-12.468,Maize,0.39596359,39.596359
1759,Malema,37.78386,-14.89395,Maize,0.18197667,18.197667
9555,Monapo,40.32207,-14.93856,Maize,2.85464603,285.464603
13171,Morrumbala,35.50496,-16.69382,Maize,0.02351842,2.351842
16253,Moatize,34.0803,-15.65549,Maize,1.13158847,113.158847
17812,Homoine,35.14462,-23.84085,Maize,0.00082234,0.082234
12547,Funhalouro,34.40035,-23.2616,Maize,0.07080813,7.080813
14804,Morrumbala,35.51132,-17.36182,Maize,0.27850339,27.850339
26375,Ile,37.20774,-15.96558,Maize,0.17088722,17.088722
38934,Machaze,32.56931,-20.90382,Maize,0.33698897,33.698897
14621,Morrumbala,35.6155,-17.31848,Maize,0.32842367,32.842367
38112,Chibabava,33.84666,-20.23563,Maize,0.27173395,27.173395
31632,Gurue,36.81223,-15.39272,Maize,1.2521666,125.21666
23608,Alto_Molocue,37.70525,-15.58953,Maize,0.00036039,0.036039
28522,Caia,35.36137,-17.81034,Maize,0.94847541,94.847541
33318,Barue,33.28162,-17.81454,Maize,0.62223467,62.223467
1572,N_gauma,35.52135,-14.03128,Maize,0.12779271,12.779271
9152,Mecuburi,38.91809,-14.7525,Maize,0.80024233,80.024233
43558,Chinde,35.97697,-18.18198,Maize,0.30434639,30.434639
38337,Chibabava,33.75842,-20.30507,Maize,0.07960837,7.960837
37936,Tsangano,34.44197,-15.28465,Maize,1.48869131,148.869131
12803,Morrumbala,35.39532,-16.54754,Maize,5.70E-07,5.70E-05
31247,Gurue,37.06833,-15.89209,Maize,0.04313661,4.313661
14338,Morrumbala,35.61666,-17.25532,Maize,0.06419001,6.419001
40793,Maganja_da_Cost,37.82558,-17.29847,Maize,0.14655034,14.655034
24440,Alto_Molocue,37.41409,-15.85875,Maize,0.00048961,0.048961
11928,Angonia,34.3236,-14.75032,Maize,0.05023486,5.023486
13278,Morrumbala,35.35364,-16.77243,Maize,0.1283712,12.83712
25132,Chiuta,33.35639,-15.61099,Maize,1.0813054,108.13054
23167,Alto_Molocue,37.40804,-15.43394,Maize,5.67E-05,0.005668
40210,Maganja_da_Cost,37.1864,-17.24853,Maize,0.32698758,32.698758
24823,Chiuta,33.56114,-15.59816,Maize,0.67611619,67.611619
30116,Gondola,33.58464,-19.52528,Maize,2.09767788,209.767788
40049,Vilanculos,35.25036,-22.51755,Maize,1.30532848,130.532848
9116,Mecuburi,39.00171,-14.69827,Maize,0.35529285,35.529285
38011,Tsangano,34.3659,-15.36422,Maize,0.53345193,53.345193
36808,Cahora_Bassa,32.82318,-15.74053,Maize,0.01704941,1.704941
34757,Chemba,34.89506,-17.18774,Maize,0.46596033,46.596033
31240,Gurue,36.97497,-15.89123,Maize,0,0
43087,Pebane,38.86091,-16.84988,Maize,0.42318142,42.318142
22559,Alto_Molocue,37.55706,-15.44399,Maize,0.4877834,48.77834
39872,Mabote,34.17661,-22.13749,Maize,0.3513691,35.13691
32831,Mopeia,35.55043,-17.77767,Maize,0.4624461,46.24461
5101,Cuamba,36.56025,-14.6222,Maize,0.88346161,88.346161
17565,Homoine,34.99767,-23.8371,Maize,0.05963472,5.963472
28700,Mossurize,32.68939,-20.54852,Maize,0.00084662,0.084662
9787,Moma,39.1142,-16.56063,Maize,0.09033964,9.033964
30901,Gurue,36.8478,-15.5557,Maize,0.38583542,38.583542
29244,Mossurize,32.62089,-20.81582,Maize,0.1112945,11.12945
25079,Chiuta,33.35836,-15.53901,Maize,0.69286335,69.286335
23509,Alto_Molocue,37.66813,-15.56219,Maize,0.51670845,51.670845
27232,Ile,37.15053,-16.09161,Maize,0.0002383,0.02383
12657,Morrumbala,35.2668,-16.41894,Maize,0.00031835,0.031835
31433,Gurue,37.04622,-15.26839,Maize,0,0
42153,Mutarara,35.21769,-17.47377,Maize,0.06450144,6.450144
26397,Ile,37.22626,-15.98381,Maize,0.12607792,12.607792
11711,Angonia,34.42716,-14.67125,Maize,0,0
36500,Maringue,34.45788,-17.79142,Maize,0.18405902,18.405902
25437,Buzi,34.58265,-19.86807,Maize,0.0121124,1.21124
16865,Zumbu,31.19145,-14.7284,Maize,1.70497891,170.497891
19888,Lichinga,35.32149,-13.20699,Maize,0.01117952,1.117952
34654,Chemba,34.5252,-17.35117,Maize,0.00332377,0.332377
35960,Dondo,34.75983,-19.65596,Maize,0.35931327,35.931327
26141,Ile,37.20949,-15.76679,Maize,0.01865076,1.865076
27279,Ile,37.15003,-16.14582,Maize,0.14661366,14.661366
31049,Gurue,37.08022,-15.62111,Maize,0.03915715,3.915715
11403,Angonia,34.4009,-14.5986,Maize,0.61881495,61.881495
8076,Manhica,32.86213,-25.26032,Maize,1.42536767,142.536767
6599,Nhamatanda,34.24202,-19.13826,Maize,0.38494255,38.494255
25237,Chiuta,33.20253,-15.79599,Maize,1.90E-07,1.90E-05
10077,Moma,39.14252,-16.8318,Maize,0.59337487,59.337487
35069,Cheringoma,34.77068,-18.48386,Maize,0.03184847,3.184847
236,Ribaue,38.02615,-14.75951,Maize,1.76218626,176.218626
38087,Chibabava,33.8392,-20.17235,Maize,0.10329625,10.329625
33307,Barue,33.19742,-17.80305,Maize,0.62044875,62.044875
16605,Moatize,34.36052,-16.01321,Maize,0.38832514,38.832514
32616,Mopeia,35.5051,-17.68662,Maize,0.50153798,50.153798
23290,Alto_Molocue,37.65927,-15.48983,Maize,0.36688127,36.688127
14795,Morrumbala,35.86857,-17.35871,Maize,0.32783821,32.783821
12337,Funhalouro,33.96275,-22.43732,Maize,0.07056515,7.056515
23006,Alto_Molocue,37.4366,-15.3528,Maize,0.51740531,51.740531
27962,Ile,37.44693,-16.43739,Maize,0.46449071,46.449071
26127,Ile,37.21945,-15.69458,Maize,0.00022435,0.022435
42891,Pebane,38.03447,-16.92901,Maize,0.35722713,35.722713
9175,Mecuburi,39.00171,-14.77964,Maize,0.00070799,0.070799
17268,Chifunde,32.86869,-14.1495,Maize,1.1455692,114.55692
6173,Sussundenga,33.08427,-19.44656,Maize,1.98182922,198.182922
27692,Ile,37.24175,-16.3454,Maize,0.64324235,64.324235
11982,Angonia,34.32302,-14.77735,Maize,0.03574783,3.574783
22102,Namarroi,36.8327,-16.09766,Maize,0.40382001,40.382001
4795,Massangena,32.8656,-21.60753,Maize,0.49277444,49.277444
20420,Lichinga,35.47612,-13.34457,Maize,0.00066293,0.066293
10419,Muecate,39.35524,-15.04156,Maize,0.13662329,13.662329
22565,Alto_Molocue,37.61297,-15.44435,Maize,0.00883125,0.883125
10169,Muecate,39.42846,-14.42663,Maize,0.00792571,0.792571
14298,Morrumbala,35.61682,-17.24629,Maize,0.5365448,53.65448
8456,Manhica,32.65153,-25.50325,Maize,2.04029208,204.029208
20919,Meconta,39.66375,-15.52002,Maize,0.54484073,54.484073
18689,Mecanhelas,35.9428,-14.99418,Maize,0.35610962,35.610962
26980,Ile,37.1346,-15.79327,Maize,0.04900717,4.900717
4594,Majune,36.06597,-13.37016,Maize,2.91281137,291.281137
28758,Mossurize,32.74551,-20.57755,Maize,0,0
39433,Angoche,39.61894,-16.11679,Maize,0.51098105,51.098105
10916,Angonia,34.38464,-14.49009,Maize,1.08918858,108.918858
21184,Manica,33.2733,-18.64248,Maize,0.05332191,5.332191
40159,Vilanculos,35.19689,-22.69669,Maize,1.27823079,127.823079
34063,Marracuene,32.78535,-25.59898,Maize,0.74203664,74.203664
26502,Ile,37.4967,-16.04913,Maize,0.00377351,0.377351
9327,Govuro,34.6119,-21.18514,Maize,0.93391018,93.391018
29771,Sanga,35.33178,-13.13493,Maize,0.06556755,6.556755
3440,Gorongosa,34.13552,-18.5587,Maize,0.00015432,0.015432
3234,Panda,34.10388,-24.40592,Maize,0.55224214,55.224214
20368,Lichinga,35.51325,-13.32703,Maize,0.03414421,3.414421
36579,Maringue,34.48359,-17.89119,Maize,0.21216138,21.216138
20483,Lichinga,35.4943,-13.36288,Maize,0.00568731,0.568731
36672,Maringue,34.43329,-18.01623,Maize,0.03620096,3.620096
12484,Funhalouro,34.39586,-23.10825,Maize,0.07075718,7.075718
39112,Machaze,33.71412,-21.0333,Maize,0.40368101,40.368101
16325,Moatize,34.0883,-15.70974,Maize,0.35304336,35.304336
9990,Moma,39.42378,-16.68678,Maize,0.00274014,0.274014
33185,Barue,33.2214,-17.64174,Maize,0.60866339,60.866339
23853,Alto_Molocue,37.81674,-15.66247,Maize,5.10E-06,0.00051
16940,Zumbu,31.34001,-14.95767,Maize,1.83334941,183.334941
4202,Magude,32.49093,-25.17241,Maize,0.22874493,22.874493
30627,Gurue,36.95428,-15.1501,Maize,2.00E-07,2.00E-05
37966,Tsangano,34.44138,-15.31169,Maize,0.15385821,15.385821
11879,Angonia,34.24066,-14.73059,Maize,0.26174323,26.174323
37454,Tsangano,34.49564,-14.9431,Maize,0.02391228,2.391228
9967,Moma,39.19868,-16.67808,Maize,0.58431418,58.431418
9170,Mecuburi,38.87161,-14.77961,Maize,0.11008909,11.008909
8648,Mecuburi,38.69484,-14.94218,Maize,0.93884497,93.884497
23257,Alto_Molocue,37.66865,-15.48085,Maize,0.11430979,11.430979
24907,Chiuta,33.45706,-15.66759,Maize,0.01024417,1.024417
13993,Morrumbala,35.40261,-17.15233,Maize,9.96E-05,0.009961
33223,Barue,33.21967,-17.6957,Maize,0.61905159,61.905159
15210,Morrumbala,35.59387,-17.47156,Maize,0.05272,5.272
13754,Morrumbala,35.7982,-17.07774,Maize,0.08488338,8.488338
15932,Lalaua,38.34313,-14.38994,Maize,1.00035606,100.035606
27997,Ile,37.58732,-16.44742,Maize,0.02440856,2.440856
15195,Morrumbala,35.42465,-17.46858,Maize,0.00507431,0.507431
2492,Maravia,32.03695,-14.53097,Maize,0.18994865,18.994865
10200,Muecate,39.79058,-14.51611,Maize,0.14029591,14.029591
18698,Mecanhelas,36.12858,-14.9966,Maize,0.10334911,10.334911
3645,Gorongosa,34.0981,-18.87313,Maize,0.0023911,0.23911
6305,Sussundenga,33.79419,-19.8017,Maize,1.46106703,146.106703
40266,Maganja_da_Cost,37.19501,-17.32992,Maize,0.16427767,16.427767
34725,Chemba,34.80201,-17.56463,Maize,0.65634869,65.634869
18485,Mecanhelas,35.78215,-14.54955,Maize,0.05778658,5.778658
34748,Chemba,34.56813,-17.12671,Maize,0.29518483,29.518483
25500,Buzi,34.59093,-19.91336,Maize,0.11243008,11.243008
20913,Meconta,39.70098,-15.50182,Maize,1.00269906,100.269906
33103,Barue,33.23401,-18.40723,Maize,0.62030086,62.030086
29452,Sanga,35.35311,-12.93666,Maize,0.79687833,79.687833
15398,Morrumbala,35.53609,-17.54276,Maize,0.11818257,11.818257
13646,Morrumbala,35.70516,-17.03111,Maize,0.2026287,20.26287
33914,Mossuril,40.43332,-14.8927,Maize,7.80532052,780.532052
30399,Jangamo,35.49498,-23.93944,Maize,0.56187198,56.187198
39600,Mabote,34.29795,-21.97881,Maize,0.35130029,35.130029
9985,Moma,39.36751,-16.68689,Maize,0.59723289,59.723289
15837,Lalaua,37.81375,-14.52348,Maize,0.48403435,48.403435
2075,Malema,36.95661,-14.90614,Maize,5.07E-06,0.000507
15666,Morrumbala,35.87271,-17.66573,Maize,0.41286806,41.286806
42581,Mutarara,34.68051,-16.72333,Maize,0.00063692,0.063692
21539,Manica,33.0887,-19.05972,Maize,0.23822169,23.822169
29128,Mossurize,32.71902,-20.75649,Maize,0.33743654,33.743654
4406,Nicoadala,36.77811,-17.57867,Maize,0.85802982,85.802982
11448,Angonia,34.40996,-14.6078,Maize,0.01775538,1.775538
7115,Nhamatanda,34.14223,-19.30687,Maize,0.31718027,31.718027
38243,Chibabava,33.97463,-20.41054,Maize,0.26006608,26.006608
26999,Ile,37.13435,-15.82038,Maize,0.32614691,32.614691
27410,Ile,37.72897,-16.26756,Maize,0.64779369,64.779369
13864,Morrumbala,35.79759,-17.11384,Maize,0.13765475,13.765475
9909,Moma,39.45181,-16.64152,Maize,0.0001487,0.01487
5576,Cuamba,36.40894,-14.86447,Maize,0.51971515,51.971515
29102,Mossurize,32.60483,-20.74327,Maize,0.21136916,21.136916
42957,Pebane,38.10874,-17.11012,Maize,0.35654544,35.654544
17608,Homoine,35.05318,-23.6221,Maize,0.05919554,5.919554
43630,Chinde,36.67403,-18.33621,Maize,0.67445609,67.445609
20782,Lichinga,35.22519,-13.47633,Maize,0,0
12005,Angonia,34.3784,-14.78749,Maize,1.0716322,107.16322
8708,Mecuburi,39.27036,-14.10137,Maize,0.36998146,36.998146
30470,Jangamo,35.44197,-24.08255,Maize,0.56446198,56.446198
32078,Macossa,33.28791,-17.61668,Maize,0.04460865,4.460865
33218,Barue,33.22934,-17.68698,Maize,0.17204419,17.204419
6586,Nhamatanda,34.28966,-19.13047,Maize,0.16382431,16.382431
704,Ribaue,38.34106,-15.07705,Maize,0.26306441,26.306441
3475,Gorongosa,34.08753,-18.58449,Maize,0.91732037,91.732037
29884,Sanga,35.43783,-12.80242,Maize,0,0
2024,Malema,36.99419,-14.86129,Maize,0,0
21339,Manica,33.0853,-18.88862,Maize,1.01551476,101.551476
20176,Lichinga,35.50481,-13.27275,Maize,0.44801433,44.801433
4409,Nicoadala,36.8817,-17.57981,Maize,0.02744805,2.744805
26813,Ile,37.34583,-16.21069,Maize,0.54977732,54.977732
42298,Mutarara,35.29105,-17.56539,Maize,0.0528327,5.28327
32017,Gile,38.24388,-16.20675,Maize,0.11414905,11.414905
18395,Mecanhelas,35.90452,-14.41575,Maize,0.10503325,10.503325
20904,Meconta,39.38394,-15.47548,Maize,0.08372808,8.372808
16204,Moatize,34.34167,-15.61614,Maize,1.11E-05,0.001112
31146,Gurue,36.91074,-15.7822,Maize,0.02306866,2.306866
35799,Namacurra,37.2575,-17.68287,Maize,1.24655313,124.655313
5996,Cuamba,36.36736,-15.22531,Maize,1.08037138,108.037138
11695,Angonia,34.14948,-14.66561,Maize,0.98917432,98.917432
12772,Morrumbala,35.87279,-16.5372,Maize,0.0542666,5.42666
8955,Mecuburi,38.72325,-14.53536,Maize,0.33864989,33.864989
30612,Gurue,36.99158,-15.1414,Maize,0.00367137,0.367137
10293,Muecate,39.51281,-14.79716,Maize,0.02718294,2.718294
40358,Maganja_da_Cost,37.91323,-16.78379,Maize,0.36833835,36.833835
12080,Angonia,34.1181,-14.82718,Maize,3.85E-06,0.000385
8253,Manhica,32.89621,-25.36972,Maize,2.04986123,204.986123
4442,Nicoadala,36.87101,-17.6881,Maize,0.0064037,0.64037
16362,Moatize,34.35782,-15.72466,Maize,0,0
8816,Mecuburi,39.29842,-14.30929,Maize,0.90297958,90.297958
43174,Pebane,39.02989,-16.90417,Maize,0.03956551,3.956551
18949,Mecanhelas,35.94035,-15.16572,Maize,0.0758228,7.58228
30843,Gurue,36.81071,-15.53727,Maize,0.615255,61.5255
16678,Moatize,33.62942,-16.17626,Maize,1.13385009,113.385009
34512,Lugela,36.94785,-16.70415,Maize,1.53461202,153.461202
5821,Cuamba,36.53782,-14.96526,Maize,1.16397889,116.397889
32933,Mopeia,35.65115,-17.93287,Maize,0.0125505,1.25505
3883,Magude,32.35667,-24.91465,Maize,0.02002839,2.002839
1142,N_gauma,35.47855,-13.80498,Maize,0.02736694,2.736694
17714,Homoine,35.09779,-23.76752,Maize,0.00026687,0.026687
37738,Tsangano,34.56238,-14.85423,Maize,0.10945808,10.945808
5642,Cuamba,36.4085,-14.9006,Maize,1.05171386,105.171386
31694,Gurue,36.88627,-15.43861,Maize,0.47249911,47.249911
11762,Angonia,34.1676,-14.68401,Maize,1.07816018,107.816018
20950,Meconta,39.92248,-14.98573,Maize,1.10312745,110.312745
18695,Mecanhelas,36.09142,-14.99613,Maize,0.05901674,5.901674
33515,Barue,33.35755,-18.08685,Maize,0.53922733,53.922733
15536,Morrumbala,35.67619,-17.59932,Maize,0.47648323,47.648323
38301,Chibabava,33.86722,-20.47947,Maize,0.27183202,27.183202
40655,Maganja_da_Cost,37.911,-17.17242,Maize,0.31274648,31.274648
11924,Angonia,34.28657,-14.74957,Maize,0.39658041,39.658041
27123,Ile,37.16104,-15.96519,Maize,0.10139385,10.139385
27032,Ile,37.09651,-15.87427,Maize,0.31145045,31.145045
26278,Ile,37.24588,-15.87553,Maize,0.00106911,0.106911
18766,Mecanhelas,36.10952,-15.03249,Maize,0.30518279,30.518279
15652,Morrumbala,35.50562,-17.65955,Maize,0.50505915,50.505915
8628,Mecuburi,38.69486,-14.9241,Maize,0.93186542,93.186542
31852,Gurue,37.15562,-15.53139,Maize,0.00020964,0.020964
21608,Manica,33.00135,-19.11988,Maize,1.0027239,100.27239
33794,Barue,33.17865,-17.80249,Maize,0.62342277,62.342277
606,Ribaue,38.0435,-15.03983,Maize,0.3978943,39.78943
30753,Gurue,36.44156,-15.24423,Maize,1.22396126,122.396126
36154,Dondo,34.86958,-19.82987,Maize,0.96676252,96.676252
7743,Maua,37.33603,-13.86981,Maize,0.37041983,37.041983
38549,Machaze,32.67444,-21.35748,Maize,0.39721009,39.721009
29468,Sanga,35.40818,-12.94645,Maize,0.53644128,53.644128
1442,N_gauma,35.4852,-13.97659,Maize,0.05984309,5.984309
27016,Ile,37.1341,-15.84748,Maize,6.70E-07,6.70E-05
4227,Memba,40.10341,-13.96338,Maize,0.00341583,0.341583
42039,Mutarara,35.13634,-17.31883,Maize,1.39E-06,0.000139
8257,Manhica,32.74752,-25.37245,Maize,2.05151084,205.151084
21645,Inharrime,34.93163,-24.37638,Maize,3.55251733,355.251733
37413,Tsangano,34.34752,-14.93111,Maize,0.83649684,83.649684
8067,Manhica,32.89221,-25.25258,Maize,1.99510635,199.510635
19897,Lichinga,35.42281,-13.20843,Maize,0,0
23687,Alto_Molocue,37.57452,-15.61584,Maize,0.52521507,52.521507
31680,Gurue,36.85842,-15.42931,Maize,0.49356303,49.356303
43043,Pebane,38.54182,-16.8223,Maize,0.45243172,45.243172
26394,Ile,37.45053,-15.97651,Maize,0.40281838,40.281838
122,Guro,33.84014,-16.66798,Maize,0.15366815,15.366815
11942,Angonia,34.1012,-14.75472,Maize,1.01833031,101.833031
27806,Ile,37.61593,-16.37531,Maize,0.0164848,1.64848
8888,Mecuburi,38.90892,-14.44509,Maize,0.21764195,21.764195
29889,Sanga,35.45609,-12.8117,Maize,0.83786564,83.786564
18845,Mecanhelas,36.09949,-15.08654,Maize,0.25937991,25.937991
34309,Lugela,36.96158,-16.28867,Maize,1.03839055,103.839055
32002,Gile,38.39365,-16.18011,Maize,0.19466074,19.466074
3724,Magude,32.69959,-24.56977,Maize,0.24807753,24.807753
38543,Metarica,36.27687,-14.27582,Maize,0.64188215,64.188215
1517,N_gauma,35.43844,-14.01202,Maize,0.02199694,2.199694
8137,Manhica,32.91958,-25.2987,Maize,2.02387331,202.387331
22470,Alto_Molocue,37.58538,-15.38994,Maize,0.46069882,46.069882
10140,Muecate,39.8198,-14.88667,Maize,0.14296347,14.296347
18435,Mecanhelas,35.88537,-14.46065,Maize,0.07687628,7.687628
30122,Gondola,33.64098,-19.54498,Maize,2.0974569,209.74569
26940,Ile,37.09794,-15.72066,Maize,0.0062003,0.62003
16426,Moatize,34.12421,-15.76462,Maize,0.34550593,34.550593
40768,Maganja_da_Cost,37.80688,-17.28028,Maize,0.32046071,32.046071
42740,Mutarara,35.03673,-17.14547,Maize,0,0
7306,Nhamatanda,34.30194,-19.36514,Maize,0.19960085,19.960085
764,Ribaue,37.6429,-15.13722,Maize,0.71183154,71.183154
36496,Maringue,34.64645,-17.77768,Maize,0.00793954,0.793954
36761,Cahora_Bassa,32.81608,-15.66836,Maize,0,0
34113,Marracuene,32.63354,-25.65539,Maize,0.86800792,86.800792
38470,Metarica,36.74763,-14.44338,Maize,0.30933594,30.933594
9837,Moma,39.47046,-16.59628,Maize,0.51942959,51.942959
6317,Sussundenga,33.82213,-19.82053,Maize,0.36735154,36.735154
18732,Mecanhelas,36.06331,-15.01383,Maize,0.08535626,8.535626
40053,Vilanculos,35.3081,-22.53693,Maize,1.30534113,130.534113
10642,Lago,34.78782,-12.63045,Maize,0,0
7874,Manhica,32.9209,-25.0738,Maize,1.90515763,190.515763
4756,Majune,36.073,-13.55088,Maize,0.02948597,2.948597
25750,Buzi,34.00584,-20.03301,Maize,0.22028441,22.028441
7939,Manhica,32.81019,-25.11419,Maize,1.66071651,166.071651
1188,N_gauma,35.35795,-13.83933,Maize,3.12E-06,0.000312
24741,Chiuta,33.89178,-15.38087,Maize,0.88883695,88.883695
33638,Barue,33.27821,-18.21053,Maize,0.05160735,5.160735
32000,Gile,38.17851,-16.17939,Maize,6.66940631,666.940631
21987,Namarroi,36.9737,-16.01772,Maize,0,0
28292,Caia,35.05502,-17.60593,Maize,0.00395472,0.395472
20257,Lichinga,35.13588,-13.29449,Maize,0.47149205,47.149205
11444,Angonia,34.37294,-14.60706,Maize,1.08726044,108.726044
17558,Homoine,34.88993,-23.83426,Maize,0.05952787,5.952787
36766,Cahora_Bassa,32.7787,-15.67629,Maize,0.1049554,10.49554
27064,Ile,37.17095,-15.90202,Maize,0.10999014,10.999014
13917,Morrumbala,35.75973,-17.13129,Maize,0.22140469,22.140469
11777,Angonia,34.40827,-14.68891,Maize,0.63110854,63.110854
26305,Ile,37.18029,-15.9021,Maize,0.00193613,0.193613
18971,Mecanhelas,36.03306,-15.18502,Maize,0,0
16642,Moatize,33.59413,-16.10332,Maize,1.14041027,114.041027
27461,Ile,37.39201,-16.28334,Maize,0.01087377,1.087377
25183,Chiuta,33.34538,-15.67372,Maize,0.82026308,82.026308
4801,Massangena,32.85485,-21.63412,Maize,0.48677069,48.677069
5103,Cuamba,36.62519,-14.62287,Maize,0.40677695,40.677695
38200,Chibabava,33.98535,-20.37481,Maize,0.22404934,22.404934
41838,Macanga,33.62415,-14.95124,Maize,1.00E-08,1.00E-06
37402,Tsangano,34.46821,-14.92452,Maize,1.58308778,158.308778
11818,Angonia,34.0839,-14.70027,Maize,1.08961723,108.961723
17740,Homoine,35.11684,-23.78604,Maize,0.01559485,1.559485
2772,Maravia,31.45282,-14.89863,Maize,0.23199074,23.199074
40381,Maganja_da_Cost,37.80014,-16.8645,Maize,0.00244755,0.244755
20829,Lichinga,35.34477,-13.49615,Maize,0,0
19140,Mecanhelas,36.16214,-15.26797,Maize,0,0
27881,Ile,37.28799,-16.40904,Maize,0.04902849,4.902849
31405,Gurue,37.13649,-15.58544,Maize,0.00039198,0.039198
3638,Gorongosa,34.09993,-18.8101,Maize,0.2395198,23.95198
16885,Zumbu,31.23683,-14.74787,Maize,1.95593386,195.593386
42696,Mutarara,35.0662,-17.0829,Maize,0.01738728,1.738728
3087,Panda,34.84296,-24.07643,Maize,0.69472244,69.472244
43385,Pebane,38.11835,-17.06497,Maize,0.42467437,42.467437
10157,Muecate,39.46548,-14.38136,Maize,0.04527674,4.527674
41460,Macanga,33.76159,-14.63014,Maize,0.173193,17.3193
6449,Sussundenga,33.47362,-19.99014,Maize,1.99235843,199.235843
33025,Mopeia,35.91277,-18.07262,Maize,0.23593285,23.593285
14000,Morrumbala,35.69355,-17.1573,Maize,0.54266076,54.266076
9928,Moma,39.44246,-16.65058,Maize,5.37E-06,0.000537
40631,Maganja_da_Cost,38.02391,-17.15492,Maize,0.35720814,35.720814
33180,Barue,33.24983,-17.63358,Maize,0.62410057,62.410057
15527,Morrumbala,35.48802,-17.59606,Maize,0.54913191,54.913191
5684,Cuamba,36.64991,-14.91224,Maize,0.6042303,60.42303
2370,Maravia,32.13297,-14.40803,Maize,0.14835072,14.835072
19069,Mecanhelas,35.83689,-15.24555,Maize,0.20053645,20.053645
37667,Tsangano,34.27908,-15.09196,Maize,0.05706468,5.706468
23208,Alto_Molocue,37.49177,-15.4526,Maize,0.00527571,0.527571
33188,Barue,33.24954,-17.64257,Maize,0.62491688,62.491688
24887,Chiuta,33.81984,-15.65848,Maize,0.01547946,1.547946
3326,Gorongosa,33.996,-18.48296,Maize,0.53698985,53.698985
26658,Ile,37.38398,-16.12061,Maize,2.17E-05,0.002173
36964,Cahora_Bassa,32.52052,-16.19925,Maize,0.55609923,55.609923
1671,N_gauma,35.5669,-14.07706,Maize,0.38958642,38.958642
29163,Mossurize,32.55596,-20.76842,Maize,4.59E-05,0.004588
6554,Nhamatanda,34.19543,-19.11,Maize,0.18897991,18.897991
31142,Gurue,36.87342,-15.78184,Maize,0.00201954,0.201954
21479,Manica,33.10007,-19.00609,Maize,0.00018271,0.018271
17792,Homoine,35.16501,-23.8143,Maize,0.02328484,2.328484
8486,Mecuburi,38.73246,-14.58962,Maize,0.80198393,80.198393
12693,Morrumbala,35.33138,-16.46521,Maize,0.00014193,0.014193
38574,Machaze,33.44031,-20.65538,Maize,0.40364426,40.364426
24674,Alto_Molocue,37.57173,-16.0135,Maize,0.00245821,0.245821
23371,Alto_Molocue,37.46334,-15.51567,Maize,1.40E-07,1.40E-05
25625,Buzi,34.48435,-19.97378,Maize,0.16455384,16.455384
25251,Buzi,34.00063,-19.59136,Maize,0.07045685,7.045685
34529,Lugela,36.98516,-16.72259,Maize,0.50468829,50.468829
13144,Morrumbala,35.32727,-16.68172,Maize,0.11384245,11.384245
14250,Morrumbala,35.80496,-17.23132,Maize,0.28709655,28.709655
32526,Mopeia,35.40972,-17.74807,Maize,0.49926159,49.926159
38590,Machaze,32.7473,-20.76652,Maize,0.05947648,5.947648
5733,Cuamba,36.51965,-14.92893,Maize,0.34094196,34.094196
15656,Morrumbala,35.56209,-17.66055,Maize,0.16957625,16.957625
22941,Alto_Molocue,37.29712,-15.32466,Maize,0.00024752,0.024752
22654,Alto_Molocue,37.36314,-15.2167,Maize,3.65E-05,0.003646
37560,Tsangano,34.40179,-14.99532,Maize,1.58322924,158.322924
32193,Macossa,33.40795,-18.27739,Maize,0.42403307,42.403307
42178,Mutarara,35.17973,-17.49109,Maize,0.07199876,7.199876
10093,Muecate,39.34576,-14.93308,Maize,0.12927997,12.927997
3592,Gorongosa,34.05607,-18.6918,Maize,0.00019888,0.019888
40035,Vilanculos,35.30008,-22.4736,Maize,1.29750624,129.750624
6820,Nhamatanda,34.27813,-19.20228,Maize,0.16022689,16.022689
25996,Buzi,34.62601,-20.36504,Maize,0.3052617,30.52617
14328,Morrumbala,35.50397,-17.25339,Maize,0.00574237,0.574237
32661,Mopeia,35.74968,-17.69984,Maize,0.52738194,52.738194
35929,Dondo,34.64665,-19.61718,Maize,0.25511872,25.511872
22428,Alto_Molocue,37.76255,-15.36388,Maize,0.00061979,0.061979
1323,N_gauma,35.48629,-13.90439,Maize,0.12442169,12.442169
36037,Dondo,34.81456,-19.74742,Maize,0.01852717,1.852717
2836,Maravia,32.24946,-15.11236,Maize,1.20E-07,1.20E-05
23274,Alto_Molocue,37.42627,-15.48829,Maize,0.00932214,0.932214
42861,Pebane,38.98295,-16.86801,Maize,0.45321944,45.321944
19412,Mecanhelas,36.12382,-15.34876,Maize,0.31196428,31.196428
36350,Maringue,34.71782,-17.94158,Maize,0.17354141,17.354141
22577,Alto_Molocue,37.60359,-15.45333,Maize,0.00027955,0.027955
20908,Meconta,39.47716,-15.4753,Maize,0.41465004,41.465004
1120,N_gauma,35.25709,-13.79268,Maize,0.00023389,0.023389
19695,Lichinga,35.28678,-13.66678,Maize,2.52E-06,0.000252
41941,Mutarara,35.14966,-17.12961,Maize,0.08320712,8.320712
20338,Lichinga,35.53181,-13.31826,Maize,0.01020593,1.020593
165,Guro,33.61722,-16.9505,Maize,1.56058867,156.058867
1609,N_gauma,35.51183,-14.04919,Maize,0.00169722,0.169722
38083,Chibabava,33.98248,-20.1675,Maize,0.27066474,27.066474
6352,Sussundenga,33.81057,-19.88325,Maize,0.82523932,82.523932
14846,Morrumbala,35.57692,-17.37198,Maize,0.28475526,28.475526
3074,Panda,34.86316,-24.05895,Maize,0.28241408,28.241408
30769,Gurue,36.71783,-15.50922,Maize,0.00428454,0.428454
13623,Morrumbala,35.63028,-17.02086,Maize,0.19953387,19.953387
25117,Chiuta,33.21742,-15.59836,Maize,0.07287879,7.287879
18733,Mecanhelas,36.08189,-15.01407,Maize,0.0647112,6.47112
30936,Gurue,36.99683,-15.56615,Maize,1.10E-07,1.10E-05
19236,Mecanhelas,36.17107,-15.29517,Maize,0.2699048,26.99048
14319,Morrumbala,35.85161,-17.25011,Maize,0.02555885,2.555885
13021,Morrumbala,35.69346,-16.6247,Maize,0.25414014,25.414014
11148,Angonia,34.2725,-14.54194,Maize,1.09177262,109.177262
664,Ribaue,37.73638,-15.06544,Maize,1.77491161,177.491161
25493,Buzi,34.14336,-19.90167,Maize,0.09973961,9.973961
38692,Machaze,33.24105,-20.86487,Maize,0.40289038,40.289038
29428,Sanga,35.14194,-12.90654,Maize,0.06346097,6.346097
8092,Manhica,32.88143,-25.27012,Maize,1.97886127,197.886127
35452,Nampula,39.38351,-15.24042,Maize,0.86937559,86.937559
1779,Malema,37.61639,-14.92012,Maize,1.30E-07,1.30E-05
24625,Alto_Molocue,37.516,-15.96793,Maize,8.55E-05,0.008546
2341,Maravia,32.18905,-14.38271,Maize,0.00809273,0.809273
10860,Angonia,34.15363,-14.47642,Maize,0.19155852,19.155852
1939,Malema,36.94851,-14.77956,Maize,1.15011836,115.011836
15070,Morrumbala,35.83913,-17.43047,Maize,0.55105291,55.105291
15740,Nipepe,37.96442,-14.04505,Maize,0.94078605,94.078605
12077,Angonia,34.09032,-14.82658,Maize,1.06622487,106.622487
27697,Ile,37.34469,-16.34624,Maize,0.00557412,0.557412
17072,Chifunde,32.27222,-14.37611,Maize,1.63E-05,0.001631
17540,Homoine,34.90029,-23.8165,Maize,0.05773019,5.773019
28960,Mossurize,32.54985,-20.68725,Maize,0,0
8937,Mecuburi,38.64902,-14.51718,Maize,0.20648254,20.648254
42811,Pebane,39.0768,-16.78664,Maize,0.14429329,14.429329
37907,Tsangano,34.27588,-15.23613,Maize,0.00031024,0.031024
2213,Malema,37.36508,-14.96365,Maize,1.048919,104.8919
34255,Lugela,37.07269,-16.40718,Maize,0.00056292,0.056292
12631,Muidumbe,40.12167,-11.83862,Maize,1.32917414,132.917414
1767,Malema,37.74663,-14.90279,Maize,1.33721817,133.721817
7806,Maua,36.91694,-14.18288,Maize,0.53241354,53.241354
12503,Funhalouro,34.36572,-23.1344,Maize,0.07123372,7.123372
22256,Alto_Molocue,37.67928,-15.27302,Maize,0.02276466,2.276466
30922,Gurue,36.8011,-15.56428,Maize,0,0
36704,Maringue,34.46958,-18.07118,Maize,0.01517072,1.517072
6151,Sussundenga,33.0761,-19.4103,Maize,1.83290285,183.290285
38891,Machaze,32.64652,-20.88873,Maize,0.23226048,23.226048
22791,Alto_Molocue,37.49307,-15.27184,Maize,0.02119219,2.119219
10972,Angonia,34.0051,-14.50034,Maize,1.08243424,108.243424
11665,Angonia,34.29776,-14.65965,Maize,0.67210844,67.210844
35023,Cheringoma,35.06543,-18.40903,Maize,0.19534244,19.534244
17652,Homoine,35.02111,-23.71145,Maize,0.05938882,5.938882
22848,Alto_Molocue,37.47431,-15.28979,Maize,0.52294085,52.294085
9547,Monapo,40.32201,-14.92952,Maize,2.58597443,258.597443
39841,Mabote,34.10119,-22.08117,Maize,0.35137208,35.137208
31635,Gurue,36.84016,-15.39299,Maize,0.19779184,19.779184
13318,Morrumbala,35.76561,-16.78834,Maize,0.05166872,5.166872
33943,Mossuril,40.64735,-14.92741,Maize,9.77147491,977.147491
1493,N_gauma,35.40161,-14.00244,Maize,0.36704622,36.704622
31251,Gurue,37.00289,-15.90053,Maize,0.01212832,1.212832
23158,Alto_Molocue,37.50128,-15.42555,Maize,0.51087875,51.087875
31915,Gile,38.39456,-15.88179,Maize,2.29995365,229.995365
40597,Maganja_da_Cost,37.97701,-17.13661,Maize,0.35356044,35.356044
40477,Maganja_da_Cost,37.97745,-17.05527,Maize,0.05403591,5.403591
17981,Tambara,34.21795,-17.25392,Maize,0.62846637,62.846637
18696,Mecanhelas,36.10071,-14.99625,Maize,0.39192032,39.192032
1573,N_gauma,35.53059,-14.03141,Maize,0.00028349,0.028349
41183,Macanga,33.48088,-15.1189,Maize,0.05432055,5.432055
1926,Malema,36.9951,-14.7619,Maize,0.50743888,50.743888
20677,Lichinga,35.48403,-13.43495,Maize,0.32247482,32.247482
24638,Alto_Molocue,37.58133,-15.97741,Maize,0.00532701,0.532701
41326,Macanga,33.53224,-14.55282,Maize,0.44894989,44.894989
5265,Cuamba,36.42004,-14.71103,Maize,0.68278532,68.278532
8528,Mecuburi,38.63934,-14.76128,Maize,0.01993705,1.993705
10731,Angonia,34.26555,-14.43363,Maize,1.10E-07,1.10E-05
36938,Cahora_Bassa,32.13892,-15.93564,Maize,0.95526131,95.526131
36945,Cahora_Bassa,32.16645,-15.9455,Maize,0.84524517,84.524517
41141,Macanga,33.39823,-15.08985,Maize,0.06146168,6.146168
37277,Tsangano,34.45118,-14.85205,Maize,3.00E-08,3.00E-06
20050,Lichinga,35.44071,-13.24478,Maize,0.28843378,28.843378
15749,Nipepe,38.08477,-14.05458,Maize,0.77297896,77.297896
21640,Inharrime,34.83475,-24.32866,Maize,3.12579135,312.579135
39935,Vilanculos,35.30201,-22.03162,Maize,1.30540011,130.540011
27617,Ile,37.61631,-16.32108,Maize,0.17433771,17.433771
1453,N_gauma,35.41113,-13.98453,Maize,0.3579157,35.79157
21349,Manica,33.06609,-18.89701,Maize,0.35149306,35.149306
12014,Angonia,34.11891,-14.79114,Maize,0.96322427,96.322427
21072,Meconta,39.73682,-15.08585,Maize,1.04113131,104.113131
6810,Nhamatanda,34.09803,-19.19754,Maize,0.66250653,66.250653
26494,Ile,37.2257,-16.04706,Maize,3.40E-06,0.00034
3648,Gorongosa,34.10651,-18.9094,Maize,0.02951362,2.951362
6964,Nhamatanda,34.49498,-19.25283,Maize,0.31417798,31.417798
41686,Macanga,33.62773,-14.80722,Maize,0.04372716,4.372716
39017,Machaze,33.26598,-20.96473,Maize,0.38471763,38.471763
5606,Cuamba,36.4273,-14.88274,Maize,0.90727892,90.727892
11274,Angonia,34.17941,-14.56708,Maize,0.91566822,91.566822
7617,Nhamatanda,34.08585,-19.60272,Maize,0.1333546,13.33546
691,Ribaue,37.90378,-15.07535,Maize,0.00010806,0.010806
35666,Namacurra,37.01755,-17.21079,Maize,0.03488248,3.488248
13823,Morrumbala,35.68513,-17.103,Maize,0.27637675,27.637675
31443,Gurue,36.79484,-15.27509,Maize,0.00370346,0.370346
16495,Moatize,34.12335,-15.80065,Maize,0.408764,40.8764
14539,Morrumbala,35.68159,-17.30153,Maize,0.40997413,40.997413
12928,Morrumbala,35.23545,-16.58983,Maize,0.17646776,17.646776
43340,Pebane,38.25941,-17.03841,Maize,0.20497841,20.497841
27978,Ile,37.62485,-16.43863,Maize,0.19919229,19.919229
12501,Funhalouro,34.29758,-23.13238,Maize,0.07094525,7.094525
21170,Manica,33.29308,-18.61607,Maize,0.55877617,55.877617
4904,Machanga,34.77778,-21.0992,Maize,1.11878612,111.878612
128,Guro,33.45655,-16.68506,Maize,1.10481575,110.481575
11654,Angonia,34.09416,-14.65543,Maize,1.05062871,105.062871
6045,Sussundenga,32.94034,-19.23485,Maize,1.98512831,198.512831
15889,Lalaua,38.20432,-14.29911,Maize,0.99662628,99.662628
11708,Angonia,34.38088,-14.67033,Maize,1.04320418,104.320418
23972,Alto_Molocue,37.68591,-15.69788,Maize,0.00667548,0.667548
43292,Pebane,38.71047,-17.01244,Maize,0.44953784,44.953784
2194,Malema,37.33726,-14.95441,Maize,0.90257297,90.257297
32902,Mopeia,35.67068,-17.8971,Maize,0.15095885,15.095885
9259,Mecuburi,39.13187,-14.90618,Maize,0.00178733,0.178733
22469,Alto_Molocue,37.57606,-15.38988,Maize,0.50754251,50.754251
8460,Manhica,32.62138,-25.51093,Maize,2.04681531,204.681531
4107,Magude,32.65337,-25.08954,Maize,0.29236768,29.236768
28819,Mossurize,32.76348,-20.60519,Maize,0.02304857,2.304857
8005,Manhica,32.87427,-25.21584,Maize,1.93597757,193.597757
20197,Lichinga,35.33883,-13.27944,Maize,0.60928993,60.928993
10847,Angonia,34.39426,-14.47225,Maize,1.07837397,107.837397
9597,Moma,39.1887,-16.05433,Maize,0.01432551,1.432551
14891,Morrumbala,35.70832,-17.38322,Maize,0.27436681,27.436681
418,Ribaue,38.07171,-14.96762,Maize,0.0002077,0.02077
6830,Nhamatanda,34.09776,-19.20655,Maize,0.54874258,54.874258
37249,Tsangano,34.34039,-14.8318,Maize,0.13055651,13.055651
36303,Maringue,34.50268,-17.50394,Maize,0.00116518,0.116518
25631,Buzi,34.74167,-19.98016,Maize,0.342183,34.2183
25351,Buzi,33.96515,-20.11294,Maize,0.34123052,34.123052
8851,Mecuburi,38.80692,-14.37269,Maize,0.62867056,62.867056
39898,Mabote,33.35941,-22.26427,Maize,0.34692116,34.692116
9338,Govuro,34.23305,-21.31004,Maize,0.23326217,23.326217
37993,Tsangano,34.41293,-15.33815,Maize,5.32E-05,0.005319
43416,Pebane,38.16525,-17.08324,Maize,0.09713016,9.713016
40458,Maganja_da_Cost,37.93997,-17.037,Maize,0.21107284,21.107284
2190,Malema,37.18854,-14.95328,Maize,0.81859307,81.859307
37321,Tsangano,34.49695,-14.88,Maize,0.01636372,1.636372
18529,Mecanhelas,35.88296,-14.63218,Maize,0.42356703,42.356703
12580,Funhalouro,34.22664,-23.48169,Maize,0.07123276,7.123276
21204,Manica,33.28153,-18.67873,Maize,0.39930857,39.930857
27640,Ile,37.401,-16.3286,Maize,0.05481849,5.481849
14342,Morrumbala,35.65422,-17.25595,Maize,0.02545179,2.545179
24285,Alto_Molocue,37.39584,-15.80439,Maize,0,0
