,State,lon,lat,Crop,Fraction,harv_area,sw_depth,sw_dist,sw_suit,country,curr_yield,max_yield,elevation,awsc,prec_1,prec_2,prec_3,prec_4,prec_5,prec_6,prec_7,prec_8,prec_9,prec_10,prec_11,prec_12,srad_1,srad_2,srad_3,srad_4,srad_5,srad_6,srad_7,srad_8,srad_9,srad_10,srad_11,srad_12,tavg_1,tavg_2,tavg_3,tavg_4,tavg_5,tavg_6,tavg_7,tavg_8,tavg_9,tavg_10,tavg_11,tavg_12,tmax_1,tmax_2,tmax_3,tmax_4,tmax_5,tmax_6,tmax_7,tmax_8,tmax_9,tmax_10,tmax_11,tmax_12,tmin_1,tmin_2,tmin_3,tmin_4,tmin_5,tmin_6,tmin_7,tmin_8,tmin_9,tmin_10,tmin_11,tmin_12,wind_1,wind_2,wind_3,wind_4,wind_5,wind_6,wind_7,wind_8,wind_9,wind_10,wind_11,wind_12,gw_depth,ETo_1,ETo_2,ETo_3,ETo_4,ETo_5,ETo_6,ETo_7,ETo_8,ETo_9,ETo_10,ETo_11,ETo_12,Mode,init_start,init_end,dev_start,dev_end,mid_start,mid_end,late_start,late_end,init_start_month,init_end_month,init_days,dev_start_month,dev_end_month,dev_days,mid_start_month,mid_end_month,mid_days,late_start_month,late_end_month,late_days,kc_1,kc_2,kc_3,kc_4,kc_5,kc_6,kc_7,kc_8,kc_9,kc_10,kc_11,kc_12,ETc_1,ETc_2,ETc_3,ETc_4,ETc_5,ETc_6,ETc_7,ETc_8,ETc_9,ETc_10,ETc_11,ETc_12,precipitation_annual,rd,da,sf,eff_1,eff_2,eff_3,eff_4,eff_5,eff_6,eff_7,eff_8,eff_9,eff_10,eff_11,eff_12,IRn_1,IRn_2,IRn_3,IRn_4,IRn_5,IRn_6,IRn_7,IRn_8,IRn_9,IRn_10,IRn_11,IRn_12,IRnd_1,IRnd_2,IRnd_3,IRnd_4,IRnd_5,IRnd_6,IRnd_7,IRnd_8,IRnd_9,IRnd_10,IRnd_11,IRnd_12,PCWR_1,PCWR_2,PCWR_3,PCWR_4,PCWR_5,PCWR_6,PCWR_7,PCWR_8,PCWR_9,PCWR_10,PCWR_11,PCWR_12,harvested_1,PWD_1,SSWD_1,harvested_2,PWD_2,SSWD_2,harvested_3,PWD_3,SSWD_3,harvested_4,PWD_4,SSWD_4,harvested_5,PWD_5,SSWD_5,harvested_6,PWD_6,SSWD_6,harvested_7,PWD_7,SSWD_7,harvested_8,PWD_8,SSWD_8,harvested_9,PWD_9,SSWD_9,harvested_10,PWD_10,SSWD_10,harvested_11,PWD_11,SSWD_11,harvested_12,PWD_12,SSWD_12,tdh_gw,tdh_sw,PD_E_gw_1,PD_E_sw_1,ED_E_gw_1,ED_E_sw_1,PD_E_gw_2,PD_E_sw_2,ED_E_gw_2,ED_E_sw_2,PD_E_gw_3,PD_E_sw_3,ED_E_gw_3,ED_E_sw_3,PD_E_gw_4,PD_E_sw_4,ED_E_gw_4,ED_E_sw_4,PD_E_gw_5,PD_E_sw_5,ED_E_gw_5,ED_E_sw_5,PD_E_gw_6,PD_E_sw_6,ED_E_gw_6,ED_E_sw_6,PD_E_gw_7,PD_E_sw_7,ED_E_gw_7,ED_E_sw_7,PD_E_gw_8,PD_E_sw_8,ED_E_gw_8,ED_E_sw_8,PD_E_gw_9,PD_E_sw_9,ED_E_gw_9,ED_E_sw_9,PD_E_gw_10,PD_E_sw_10,ED_E_gw_10,ED_E_sw_10,PD_E_gw_11,PD_E_sw_11,ED_E_gw_11,ED_E_sw_11,PD_E_gw_12,PD_E_sw_12,ED_E_gw_12,ED_E_sw_12,PD_E_gw_max,PD_E_sw_max,PD_E,gross_an_irrig_req,PWD_max,Annual_elec_demand
1,Metarica,36.71129000000001,-14.37075,Maize,0.74408688,74.408688,556.0,10.151589120871174,9999,moz,4500,6000,624,105,256,212,157,58,6,4,2,2,5,11,65,199,17125,17066,16818,15921,15312,13558,14009,16551,19079,21251,19899,17328,24.9,25.1,24.6,23.8,21.9,20.0,19.8,20.9,23.0,25.7,26.2,25.3,31.5,31.6,31.1,30.3,28.5,26.6,26.1,27.2,29.3,31.9,32.5,31.6,18.4,18.5,18.1,17.2,15.4,13.5,13.5,14.6,16.7,19.4,20.0,19.0,1.4,1.5,1.8,1.7,1.9,1.7,2.0,1.9,2.3,2.1,2.0,1.9,26.663813,4.580063102627399,4.631205637835246,4.627818566667841,4.362883371147941,4.137092953418419,3.591870882479463,3.716735546546796,4.253835239474851,5.02922615789158,5.682059236094901,5.4094431126520295,4.789892208712569,region_1,01/10,31/12,01/01,28/02,01/03,30/03,01/04,30/05,10,12,91,1,2,58,3,3,29,4,5,59,0.806896551724138,0.9137931034482759,1,0.9830508474576272,0.8813559322033898,0,0,0,0,0.8,0.8,0.8,3.695637124189005,4.2319637725046215,4.627818566667841,4.288936195365773,3.6462514165721656,0.0,0.0,0.0,0.0,4.545647388875921,4.327554490121623,3.8319137669700556,977,0.79,1.6328748975,0.8764379880985194,3.695637124189005,4.2319637725046215,4.627818566667841,4.288936195365773,3.2309939515119632,0.0,0.0,0.0,0.0,4.545647388875921,4.327554490121623,3.8319137669700556,0.0,0.0,0.0,0.0,124.57723951806074,0.0,0.0,0.0,0.0,0.0,0.0,0.0,0.0,0.0,0.0,0.0,4.152574650602024,0.0,0.0,0.0,0.0,0.0,0.0,0.0,0.0,0.0,0.0,0.0,0.09966179161444859,0.0,0.0,0.0,0.0,0.0,0.0,0.0,74.408688,0.0,0.0,74.408688,0.0,0.0,74.408688,0.0,0.0,37.204344,0.0,0.0,74.408688,31.224013295833778,13010.005539930742,,,,,,,,,,,,,0.0,0.0,0.0,0.0,0.0,0.0,0.0,0.0,0.0,27.863813,20370.147923918175,0.0,0.0,0.0,0.0,0.0,0.0,0.0,0.0,0.0,0.0,0.0,0.0,0.0,0.0,0.0,0.0,12.19270980429312,8913.615028454946,1408.603918946538,1029775.43651875,,,,,,,,,,,,,,,,,0.0,0.0,0.0,0.0,0.0,0.0,0.0,0.0,0.0,0.0,0.0,0.0,12.19270980429312,8913.615028454946,12.19270980429312,13010.005539930742,112.40644786500161,1603.628709529293
20,Cuamba,36.62538,-14.60481,Maize,0.77158294,77.15829400000001,568.0,13.907709774996176,9999,moz,4500,6000,593,105,252,209,147,55,6,4,3,2,5,15,67,200,17193,17155,16861,15883,15211,13516,13826,16637,18957,21098,19692,17314,25.2,25.3,24.7,23.9,21.9,20.0,20.1,20.8,23.8,26.8,26.9,25.4,32.1,32.1,31.6,30.7,28.8,26.9,26.6,27.3,30.3,33.3,33.4,31.9,18.4,18.4,17.9,17.0,15.0,13.2,13.6,14.3,17.3,20.3,20.4,19.0,1.4,1.5,1.6,1.7,1.8,1.9,2.0,2.0,2.2,2.0,2.3,1.8,2.1959953,4.652972013647071,4.703489836111208,4.618312309638158,4.405039306905553,4.14422041444712,3.688071171461507,3.738156693975953,4.315486981101401,5.096559269165783,5.765994307559096,5.575440431499427,4.778172737534133,region_1,01/10,31/12,01/01,28/02,01/03,30/03,01/04,30/05,10,12,91,1,2,58,3,3,29,4,5,59,0.806896551724138,0.9137931034482759,1,0.9830508474576272,0.8813559322033898,0,0,0,0,0.8,0.8,0.8,3.7544670730807406,4.298016574377484,4.618312309638158,4.330377623737663,3.65253324663136,0.0,0.0,0.0,0.0,4.612795446047277,4.460352345199541,3.8225381900273065,965,0.79,1.6328748975,0.8764379880985194,3.7544670730807406,4.298016574377484,4.618312309638158,4.330377623737663,3.2314403526892703,0.0,0.0,0.0,0.0,4.612795446047277,4.460352345199541,3.8225381900273065,0.0,0.0,0.0,0.0,126.32786818262687,0.0,0.0,0.0,0.0,0.0,0.0,0.0,0.0,0.0,0.0,0.0,4.210928939420896,0.0,0.0,0.0,0.0,0.0,0.0,0.0,0.0,0.0,0.0,0.0,0.1010622945461015,0.0,0.0,0.0,0.0,0.0,0.0,0.0,77.15829400000001,0.0,0.0,77.15829400000001,0.0,0.0,77.15829400000001,0.0,0.0,38.579147000000006,0.0,0.0,77.15829400000001,32.83281783116926,13680.340762987189,,,,,,,,,,,,,0.0,0.0,0.0,0.0,0.0,0.0,0.0,0.0,0.0,3.3959953,27838.638008037356,0.0,0.0,0.0,0.0,0.0,0.0,0.0,0.0,0.0,0.0,0.0,0.0,0.0,0.0,0.0,0.0,1.5625941890662753,12809.350467263228,180.52396339875418,1479843.4111007466,,,,,,,,,,,,,,,,,0.0,0.0,0.0,0.0,0.0,0.0,0.0,0.0,0.0,0.0,0.0,0.0,1.5625941890662753,12809.350467263228,1.5625941890662753,13680.340762987189,118.19814419220933,205.51796468148612
49,Cuamba,36.49438,-14.702810000000001,Maize,0.74819741,74.81974099999998,585.0,10.292711749179254,9999,moz,4500,6000,622,105,252,208,144,55,5,5,3,2,7,17,69,200,17244,17275,16997,15850,15238,13400,13881,16776,18925,21196,19729,17259,25.4,25.6,24.9,23.9,21.7,19.8,20.1,20.9,24.2,27.1,27.6,26.3,32.5,32.7,32.1,31.0,28.8,26.9,26.8,27.5,30.8,33.8,34.2,32.9,18.3,18.5,17.8,16.8,14.6,12.7,13.5,14.3,17.5,20.5,21.0,19.6,1.4,1.4,1.3,1.8,1.7,1.9,2.0,2.1,2.3,2.0,2.3,1.8,4.5810027,4.7178509709389305,4.739842790446927,4.58692528721608,4.465846548455308,4.127839628733726,3.6950925187250605,3.7648929972595226,4.3944947116214115,5.19651251550536,5.835106348849045,5.6715146211325695,4.889552713873498,region_1,01/10,31/12,01/01,28/02,01/03,30/03,01/04,30/05,10,12,91,1,2,58,3,3,29,4,5,59,0.806896551724138,0.9137931034482759,1,0.9830508474576272,0.8813559322033898,0,0,0,0,0.8,0.8,0.8,3.8068176799989994,4.331235653339434,4.58692528721608,4.39015423407471,3.638095943968708,0.0,0.0,0.0,0.0,4.668085079079236,4.537211696906056,3.9116421710987987,967,0.79,1.6328748975,0.8764379880985194,3.8068176799989994,4.331235653339434,4.58692528721608,4.39015423407471,2.503981139984638,0.0,0.0,0.0,0.0,4.668085079079236,4.537211696906056,3.9116421710987987,0.0,0.0,0.0,0.0,340.23444119522094,0.0,0.0,0.0,0.0,0.0,0.0,0.0,0.0,0.0,0.0,0.0,11.341148039840698,0.0,0.0,0.0,0.0,0.0,0.0,0.0,0.0,0.0,0.0,0.0,0.27218755295617675,0.0,0.0,0.0,0.0,0.0,0.0,0.0,74.81974099999998,0.0,0.0,74.81974099999998,0.0,0.0,74.81974099999998,0.0,0.0,37.40987049999999,0.0,0.0,74.81974099999998,85.74737774991549,35728.07406246478,,,,,,,,,,,,,0.0,0.0,0.0,0.0,0.0,0.0,0.0,0.0,0.0,5.7810027,20621.364956008674,0.0,0.0,0.0,0.0,0.0,0.0,0.0,0.0,0.0,0.0,0.0,0.0,0.0,0.0,0.0,0.0,6.946963023809543,24780.451988004457,802.5713313269603,2862845.2857361585,,,,,,,,,,,,,,,,,0.0,0.0,0.0,0.0,0.0,0.0,0.0,0.0,0.0,0.0,0.0,0.0,6.946963023809543,24780.451988004457,6.946963023809543,35728.07406246478,308.69055989969576,913.689370766196
60,Cahora_Bassa,32.09642,-16.35655,Maize,0.94016505,94.01650500000001,518.0,1.580848595831862,1,moz,4500,6000,539,105,180,144,76,26,5,2,0,1,2,10,69,170,18930,19224,19615,18492,17519,15600,16356,18920,21738,22520,20809,19303,25.4,25.0,24.3,23.1,20.3,18.0,17.9,19.9,22.7,26.1,26.3,25.0,33.6,33.2,32.6,31.3,28.5,26.2,24.9,26.9,29.7,33.1,33.3,32.0,17.2,16.8,16.1,14.8,12.1,9.7,10.9,12.9,15.7,19.1,19.3,18.0,1.6,1.4,1.7,2.0,1.6,1.6,1.8,2.0,2.6,2.7,2.6,2.1,11.826121,5.292643240819059,5.228707649688463,5.373680463124073,5.166060308864312,4.537640688481403,3.9796161280258153,4.0084801841770075,4.716863790220529,5.6901975097484065,6.27249320397044,5.930327480516621,5.340158766204827,region_1,01/10,31/12,01/01,28/02,01/03,30/03,01/04,30/05,10,12,91,1,2,58,3,3,29,4,5,59,0.806896551724138,0.9137931034482759,1,0.9830508474576272,0.8813559322033898,0,0,0,0,0.8,0.8,0.8,4.270615580522965,4.777956990232561,5.373680463124073,5.078499964646273,3.9992765390005585,0.0,0.0,0.0,0.0,5.0179945631763525,4.744261984413297,4.272127012963862,685,0.79,1.6328748975,0.8764379880985194,4.270615580522965,4.777956990232561,5.373680463124073,5.078499964646273,2.5239500545554114,0.0,0.0,0.0,0.0,5.0179945631763525,4.744261984413297,4.272127012963862,0.0,0.0,0.0,0.0,442.5979453335441,0.0,0.0,0.0,0.0,0.0,0.0,0.0,0.0,0.0,0.0,0.0,14.75326484445147,0.0,0.0,0.0,0.0,0.0,0.0,0.0,0.0,0.0,0.0,0.0,0.3540783562668353,0.0,0.0,0.0,0.0,0.0,0.0,0.0,94.01650500000001,0.0,0.0,94.01650500000001,0.0,0.0,94.01650500000001,0.0,0.0,47.008252500000005,0.0,0.0,94.01650500000001,140.1650928520114,58402.122021671414,,,,,,,,,,,,,0.0,0.0,0.0,0.0,0.0,0.0,0.0,0.0,0.0,13.026121,22.31616971916637,0.0,0.0,0.0,0.0,0.0,0.0,0.0,0.0,0.0,0.0,0.0,0.0,0.0,0.0,0.0,0.0,25.58738739623817,43.835956982474634,2956.0692200886774,5064.296763180896,,,,,,,,,,,,,,,,,0.0,0.0,0.0,0.0,0.0,0.0,0.0,0.0,0.0,0.0,0.0,0.0,25.58738739623817,43.835956982474634,25.58738739623817,58402.122021671414,504.5943342672411,3365.3445123419306
77,Mecuburi,38.79786,-14.1376,Maize,0.04128341,4.128341000000002,302.0,1.9761041135216468,1,moz,4500,6000,310,105,258,243,179,65,5,3,3,2,6,20,72,206,17195,17213,17331,16290,15569,14211,14134,16258,18610,20006,18909,17524,26.5,26.4,26.4,26.1,24.4,22.8,22.4,23.7,25.4,27.1,27.9,27.1,33.3,33.2,33.2,32.9,31.2,29.6,29.3,30.6,32.3,33.9,34.7,34.0,19.7,19.6,19.6,19.3,17.6,16.0,15.5,16.9,18.6,20.2,21.0,20.3,1.5,1.2,1.2,1.3,1.6,1.4,1.8,1.5,1.7,1.9,2.1,1.9,-0.0,4.777335040151065,4.650072431634966,4.675614821698952,4.47205006047069,4.316604404306995,3.84533080059433,3.9664789529006343,4.363138241429374,5.056812164155726,5.587046516294694,5.506167596186407,5.053087483612819,region_1,01/10,31/12,01/01,28/02,01/03,30/03,01/04,30/05,10,12,91,1,2,58,3,3,29,4,5,59,0.806896551724138,0.9137931034482759,1,0.9830508474576272,0.8813559322033898,0,0,0,0,0.8,0.8,0.8,3.8548151703287905,4.249204118562986,4.675614821698952,4.396252601818644,3.8044648987112497,0.0,0.0,0.0,0.0,4.469637213035756,4.404934076949126,4.042469986890255,1062,0.79,1.6328748975,0.8764379880985194,3.8548151703287905,4.249204118562986,4.675614821698952,4.396252601818644,2.5131596269881773,0.0,0.0,0.0,0.0,4.469637213035756,4.404934076949126,4.042469986890255,0.0,0.0,0.0,0.0,387.39158151692163,0.0,0.0,0.0,0.0,0.0,0.0,0.0,0.0,0.0,0.0,0.0,12.913052717230721,0.0,0.0,0.0,0.0,0.0,0.0,0.0,0.0,0.0,0.0,0.0,0.30991326521353735,0.0,0.0,0.0,0.0,0.0,0.0,0.0,4.128341000000002,0.0,0.0,4.128341000000002,0.0,0.0,4.128341000000002,0.0,0.0,2.064170500000001,0.0,0.0,4.128341000000002,5.387063744104928,2244.6098933770536,,,,,,,,,,,,,0.0,0.0,0.0,0.0,0.0,0.0,0.0,0.0,0.0,1.2,9.39522082270433,0.0,0.0,0.0,0.0,0.0,0.0,0.0,0.0,0.0,0.0,0.0,0.0,0.0,0.0,0.0,0.0,0.09059502056514745,0.7093001863725003,10.466295274261006,81.94429608109078,,,,,,,,,,,,,,,,,0.0,0.0,0.0,0.0,0.0,0.0,0.0,0.0,0.0,0.0,0.0,0.0,0.09059502056514745,0.7093001863725003,0.09059502056514745,2244.6098933770536,19.393429478777744,11.915380440491825
89,Zumbu,31.216820000000002,-14.79204,Maize,1.7709631999999995,177.09632,835.0,26.323306137005826,9999,moz,4500,6000,994,105,264,228,163,32,6,3,3,1,2,10,81,228,16523,17538,18567,18286,16835,15157,15561,18598,20917,22285,20521,17463,22.8,22.6,22.2,21.3,19.2,17.0,17.0,19.5,22.9,25.0,24.5,23.2,30.3,30.1,29.7,28.8,26.7,24.5,23.4,25.9,29.3,31.4,30.9,29.6,15.4,15.1,14.7,13.8,11.7,9.5,10.6,13.2,16.6,18.6,18.2,16.9,2.0,2.2,2.3,2.5,2.1,2.2,2.4,3.0,3.6,3.3,2.7,2.5,2.3170145,4.637014801477644,4.898187015363327,5.085495320314587,4.994331831350467,4.401506654653381,3.9174927644090873,3.8613197571977746,4.723398389569427,5.6327295351754945,6.117654757351986,5.577936649959271,4.811154220124988,region_1,01/10,31/12,01/01,28/02,01/03,30/03,01/04,30/05,10,12,91,1,2,58,3,3,29,4,5,59,0.806896551724138,0.9137931034482759,1,0.9830508474576272,0.8813559322033898,0,0,0,0,0.8,0.8,0.8,3.7415912536060993,4.475929514038902,5.085495320314587,4.90968213929368,3.8792940007114542,0.0,0.0,0.0,0.0,4.8941238058815895,4.462349319967417,3.8489233760999904,1021,0.79,1.6328748975,0.8764379880985194,3.7415912536060993,4.475929514038902,5.085495320314587,4.90968213929368,3.2475958528053517,0.0,0.0,0.0,0.0,4.8941238058815895,4.462349319967417,3.8489233760999904,0.0,0.0,0.0,0.0,189.50944437183082,0.0,0.0,0.0,0.0,0.0,0.0,0.0,0.0,0.0,0.0,0.0,6.3169814790610275,0.0,0.0,0.0,0.0,0.0,0.0,0.0,0.0,0.0,0.0,0.0,0.15160755549746466,0.0,0.0,0.0,0.0,0.0,0.0,0.0,177.09632,0.0,0.0,177.09632,0.0,0.0,177.09632,0.0,0.0,88.54816,0.0,0.0,177.09632,113.04901121177583,47103.75467157327,,,,,,,,,,,,,0.0,0.0,0.0,0.0,0.0,0.0,0.0,0.0,0.0,3.5170145,52801.34761278426,0.0,0.0,0.0,0.0,0.0,0.0,0.0,0.0,0.0,0.0,0.0,0.0,0.0,0.0,0.0,0.0,5.572010091732444,83653.23536639007,643.7252569449648,9664322.12863494,,,,,,,,,,,,,,,,,0.0,0.0,0.0,0.0,0.0,0.0,0.0,0.0,0.0,0.0,0.0,0.0,5.572010091732444,83653.23536639007,5.572010091732444,47103.75467157327,406.976440362393,732.8506538999953
93,Maravia,31.48875,-14.926739999999999,Maize,0.19962199,19.962199,835.0,10.446498538748383,9999,moz,4500,6000,878,105,263,226,167,37,6,5,3,1,2,7,79,228,16720,17739,18541,18153,16792,14875,15439,18472,21037,22446,20537,17736,23.4,23.1,22.7,21.9,19.5,17.4,17.4,20.1,23.8,26.4,25.5,24.2,31.9,31.5,31.1,30.3,27.9,25.8,24.1,26.8,30.5,33.0,32.2,30.8,15.0,14.7,14.3,13.5,11.1,9.0,10.8,13.5,17.2,19.7,18.8,17.5,1.9,1.9,2.1,2.3,2.0,2.0,2.1,2.7,3.4,3.5,2.6,2.3,3.7529285,4.833742158641713,5.008415609577238,5.203487737746843,5.117832528266239,4.512569337713272,3.9649327543883803,3.8413602946556025,4.768909450678155,5.8015086624453645,6.437680629985689,5.742985229589278,4.97681417120433,region_1,01/10,31/12,01/01,28/02,01/03,30/03,01/04,30/05,10,12,91,1,2,58,3,3,29,4,5,59,0.806896551724138,0.9137931034482759,1,0.9830508474576272,0.8813559322033898,0,0,0,0,0.8,0.8,0.8,3.9003298797315895,4.576655643234373,5.203487737746843,5.031089604058336,3.9771797552727137,0.0,0.0,0.0,0.0,5.150144503988551,4.594388183671422,3.981451336963464,1024,0.79,1.6328748975,0.8764379880985194,3.9003298797315895,4.576655643234373,5.203487737746843,5.031089604058336,3.2545946276249746,0.0,0.0,0.0,0.0,4.0688407582752095,4.594388183671422,3.981451336963464,0.0,0.0,0.0,0.0,216.7755382943217,0.0,0.0,0.0,0.0,324.39112371400245,0.0,0.0,0.0,0.0,0.0,0.0,7.22585127647739,0.0,0.0,0.0,0.0,10.813037457133415,0.0,0.0,0.0,0.0,0.0,0.0,0.17342043063545737,0.0,0.0,0.0,0.0,0.25951289897120194,0.0,0.0,19.962199,0.0,0.0,19.962199,0.0,0.0,19.962199,0.0,0.0,9.9810995,0.0,0.0,19.962199,14.576223776887144,6073.4265737029755,,,,,,,,,,,,,0.0,0.0,0.0,0.0,0.0,0.0,0.0,0.0,0.0,4.9529285,20934.907777789016,0.0,0.0,0.0,0.0,0.0,0.0,0.0,0.0,0.0,0.0,0.0,0.0,0.0,0.0,0.0,0.0,1.0117612753964351,4276.485920110207,116.88713341311175,494055.45798079175,,,,,,,,,,,,,,,,,0.0,0.0,0.0,0.0,0.0,0.0,0.0,0.0,0.0,0.0,0.0,0.0,1.0117612753964351,4276.485920110207,1.0117612753964351,6073.4265737029755,52.474405596793716,133.07045393997726
98,Maua,37.24277,-13.96858,Maize,0.5197902,51.97902,527.0,6.823004432711714,9999,moz,4500,6000,587,105,264,231,171,66,4,2,2,1,4,9,69,195,16887,16778,16800,15867,15475,13877,13902,16538,19021,21080,19777,17341,25.1,25.0,24.9,24.6,22.3,20.6,20.6,21.5,23.1,25.7,26.8,25.5,32.3,32.2,32.2,31.8,29.6,27.8,27.5,28.4,30.1,32.7,33.7,32.4,17.8,17.7,17.7,17.4,15.1,13.4,13.7,14.6,16.2,18.8,19.9,18.6,1.7,1.7,1.6,1.5,1.8,1.7,1.9,1.9,2.1,2.0,2.2,1.8,21.433928,4.764690711334085,4.733983537786884,4.676466597053306,4.4190321452634365,4.2717525065059245,3.790526961826056,3.8225411563410168,4.394500123528341,5.081125814170623,5.722738074005879,5.628810599503456,4.870329717822072,region_1,01/10,31/12,01/01,28/02,01/03,30/03,01/04,30/05,10,12,91,1,2,58,3,3,29,4,5,59,0.806896551724138,0.9137931034482759,1,0.9830508474576272,0.8813559322033898,0,0,0,0,0.8,0.8,0.8,3.844612505007503,4.325881508667325,4.676466597053306,4.344133295343718,3.7649344125136963,0.0,0.0,0.0,0.0,4.578190459204704,4.503048479602765,3.896263774257658,1018,0.79,1.6328748975,0.8764379880985194,3.844612505007503,4.325881508667325,4.676466597053306,4.344133295343718,1.7562429192827989,0.0,0.0,0.0,0.0,4.578190459204704,4.503048479602765,3.896263774257658,0.0,0.0,0.0,0.0,602.6074479692692,0.0,0.0,0.0,0.0,0.0,0.0,0.0,0.0,0.0,0.0,0.0,20.08691493230897,0.0,0.0,0.0,0.0,0.0,0.0,0.0,0.0,0.0,0.0,0.0,0.48208595837541535,0.0,0.0,0.0,0.0,0.0,0.0,0.0,51.97902,0.0,0.0,51.97902,0.0,0.0,51.97902,0.0,0.0,25.98951,0.0,0.0,51.97902,105.50886598785215,43962.0274949384,,,,,,,,,,,,,0.0,0.0,0.0,0.0,0.0,0.0,0.0,0.0,0.0,22.633928,13705.644264536886,0.0,0.0,0.0,0.0,0.0,0.0,0.0,0.0,0.0,0.0,0.0,0.0,0.0,0.0,0.0,0.0,33.467236495488734,20265.59587554996,3866.415361354458,2341251.3074029856,,,,,,,,,,,,,,,,,0.0,0.0,0.0,0.0,0.0,0.0,0.0,0.0,0.0,0.0,0.0,0.0,33.467236495488734,20265.59587554996,33.467236495488734,43962.0274949384,379.83191755626774,4401.730389242521
109,Malema,37.36481,-14.9998,Maize,1.04884916,104.88491599999999,649.0,0.159145392295147,1,moz,4500,6000,651,105,265,238,202,52,5,6,3,2,5,9,69,199,17448,17356,16910,15555,14847,13042,13514,16329,18742,20897,19896,17623,24.8,24.8,24.3,23.5,21.3,19.3,19.8,20.3,22.7,25.2,26.0,25.1,31.7,31.7,31.2,30.4,28.2,26.2,27.2,27.6,30.0,32.5,33.3,32.5,17.9,17.9,17.4,16.6,14.4,12.4,12.5,12.9,15.3,17.8,18.6,17.8,1.3,1.2,1.3,1.7,1.7,1.6,1.9,1.9,2.1,1.9,1.7,1.7,-0.0,4.653994562919652,4.596263190209243,4.502200956292739,4.309625470837913,3.9940689048039593,3.463159139491735,3.7453485134681763,4.321368485676285,5.073759579496354,5.688973240732056,5.486945039909483,4.919571772124551,region_1,01/10,31/12,01/01,28/02,01/03,30/03,01/04,30/05,10,12,91,1,2,58,3,3,29,4,5,59,0.806896551724138,0.9137931034482759,1,0.9830508474576272,0.8813559322033898,0,0,0,0,0.8,0.8,0.8,3.755292164562754,4.200033604846377,4.502200956292739,4.236580971332186,3.520196322878066,0.0,0.0,0.0,0.0,4.551178592585646,4.389556031927587,3.935657417699641,1055,0.79,1.6328748975,0.8764379880985194,3.755292164562754,4.200033604846377,4.502200956292739,4.236580971332186,2.497496982609299,0.0,0.0,0.0,0.0,4.551178592585646,4.389556031927587,3.935657417699641,0.0,0.0,0.0,0.0,306.80980208063005,0.0,0.0,0.0,0.0,0.0,0.0,0.0,0.0,0.0,0.0,0.0,10.226993402687668,0.0,0.0,0.0,0.0,0.0,0.0,0.0,0.0,0.0,0.0,0.0,0.24544784166450404,0.0,0.0,0.0,0.0,0.0,0.0,0.0,104.88491599999999,0.0,0.0,104.88491599999999,0.0,0.0,104.88491599999999,0.0,0.0,52.442457999999995,0.0,0.0,104.88491599999999,108.39484739100129,45164.51974625054,,,,,,,,,,,,,0.0,0.0,0.0,0.0,0.0,0.0,0.0,0.0,0.0,1.2,3.0318290784590296,0.0,0.0,0.0,0.0,0.0,0.0,0.0,0.0,0.0,0.0,0.0,0.0,0.0,0.0,0.0,0.0,1.8228916335526675,4.60557988457055,210.5957035025168,532.0751480645555,,,,,,,,,,,,,,,,,0.0,0.0,0.0,0.0,0.0,0.0,0.0,0.0,0.0,0.0,0.0,0.0,1.8228916335526675,4.60557988457055,1.8228916335526675,45164.51974625054,390.22145060760465,239.75321358805076
118,Malema,37.36508,-14.96365,Maize,1.0489190000000002,104.8919,629.0,1.515689657080322,1,moz,4500,6000,640,105,267,237,197,47,5,5,2,2,5,8,66,198,17300,17303,16943,15618,14827,13022,13574,16269,18732,20888,19758,17480,24.8,24.5,24.0,23.5,21.4,19.4,19.9,20.5,22.4,24.3,25.1,25.0,32.0,31.7,31.3,30.7,28.7,26.6,27.6,28.2,30.1,32.0,32.9,32.7,17.5,17.2,16.8,16.2,14.2,12.1,12.2,12.8,14.7,16.6,17.4,17.3,1.5,1.3,1.2,1.5,1.7,1.6,1.9,1.8,2.1,1.9,1.8,1.8,2.14703,4.748324121013815,4.644561280562343,4.479197592406845,4.298514658713858,4.038234122752152,3.5154058234110788,3.8201563075411737,4.336301485609372,5.088524060438502,5.640588207811244,5.4550217237527825,4.978872014244114,region_1,01/10,31/12,01/01,28/02,01/03,30/03,01/04,30/05,10,12,91,1,2,58,3,3,29,4,5,59,0.806896551724138,0.9137931034482759,1,0.9830508474576272,0.8813559322033898,0,0,0,0,0.8,0.8,0.8,3.8314063597145958,4.2441680667207615,4.479197592406845,4.2256584780576905,3.5591215997137606,0.0,0.0,0.0,0.0,4.512470566248996,4.3640173790022265,3.9830976113952916,1039,0.79,1.6328748975,0.8764379880985194,3.8314063597145958,4.2441680667207615,4.479197592406845,4.2256584780576905,2.499635907772956,0.0,0.0,0.0,0.0,4.512470566248996,4.3640173790022265,3.9830976113952916,0.0,0.0,0.0,0.0,317.84570758224135,0.0,0.0,0.0,0.0,0.0,0.0,0.0,0.0,0.0,0.0,0.0,10.594856919408045,0.0,0.0,0.0,0.0,0.0,0.0,0.0,0.0,0.0,0.0,0.0,0.2542765660657931,0.0,0.0,0.0,0.0,0.0,0.0,0.0,104.8919,0.0,0.0,104.8919,0.0,0.0,104.8919,0.0,0.0,52.44595,0.0,0.0,104.8919,112.30127216891185,46792.19673704661,,,,,,,,,,,,,0.0,0.0,0.0,0.0,0.0,0.0,0.0,0.0,0.0,3.34703,12.303137931416064,0.0,0.0,0.0,0.0,0.0,0.0,0.0,0.0,0.0,0.0,0.0,0.0,0.0,0.0,0.0,0.0,5.267629831067863,19.3629505511662,608.560700836926,2236.97016221424,,,,,,,,,,,,,,,,,0.0,0.0,0.0,0.0,0.0,0.0,0.0,0.0,0.0,0.0,0.0,0.0,5.267629831067863,19.3629505511662,5.267629831067863,46792.19673704661,404.2845798080827,692.8174756770653
146,Cuamba,36.54159,-14.631039999999999,Maize,0.65902925,65.902925,565.0,17.311659664753844,9999,moz,4500,6000,606,105,254,209,148,56,6,5,3,2,6,15,67,197,17165,17151,16838,15855,15259,13458,13793,16736,18970,21191,19723,17372,25.3,25.4,24.7,23.9,21.8,19.9,20.1,20.8,23.8,26.7,27.0,25.7,32.0,32.2,31.5,30.6,28.5,26.7,26.9,27.5,30.6,33.5,33.7,32.4,18.6,18.7,18.0,17.1,15.1,13.2,13.4,14.0,17.0,19.9,20.2,18.9,1.5,1.6,1.7,1.8,1.7,1.9,2.0,2.0,2.3,2.0,2.3,1.9,1.3560024,4.679854907951235,4.7211776726967365,4.635591943173338,4.421211033629571,4.084367177275341,3.6552381755080967,3.763637918667272,4.3816564290252344,5.182479466262304,5.829186582210336,5.651708519005015,4.914599200266331,region_1,01/10,31/12,01/01,28/02,01/03,30/03,01/04,30/05,10,12,91,1,2,58,3,3,29,4,5,59,0.806896551724138,0.9137931034482759,1,0.9830508474576272,0.8813559322033898,0,0,0,0,0.8,0.8,0.8,3.7761587877951346,4.31417959746426,4.635591943173338,4.346275253398561,3.5997812409884364,0.0,0.0,0.0,0.0,4.663349265768269,4.521366815204012,3.9316793602130646,968,0.79,1.6328748975,0.8764379880985194,3.7761587877951346,4.31417959746426,4.635591943173338,4.346275253398561,3.227693589665757,0.0,0.0,0.0,0.0,4.663349265768269,4.521366815204012,3.9316793602130646,0.0,0.0,0.0,0.0,111.62629539680381,0.0,0.0,0.0,0.0,0.0,0.0,0.0,0.0,0.0,0.0,0.0,3.7208765132267936,0.0,0.0,0.0,0.0,0.0,0.0,0.0,0.0,0.0,0.0,0.0,0.08930103631744304,0.0,0.0,0.0,0.0,0.0,0.0,0.0,65.902925,0.0,0.0,65.902925,0.0,0.0,65.902925,0.0,0.0,32.9514625,0.0,0.0,65.902925,24.779787363582006,10324.911401492502,,,,,,,,,,,,,0.0,0.0,0.0,0.0,0.0,0.0,0.0,0.0,0.0,2.5560024,34661.85699757474,0.0,0.0,0.0,0.0,0.0,0.0,0.0,0.0,0.0,0.0,0.0,0.0,0.0,0.0,0.0,0.0,0.8876255607045997,12037.058436461144,102.54593633692285,1390621.7697576585,,,,,,,,,,,,,,,,,0.0,0.0,0.0,0.0,0.0,0.0,0.0,0.0,0.0,0.0,0.0,0.0,0.8876255607045997,12037.058436461144,0.8876255607045997,10324.911401492502,89.20723450889523,116.74368170041555
147,Cuamba,36.56005,-14.640270000000001,Maize,0.46655820000000003,46.65582,565.0,16.302719034828765,9999,moz,4500,6000,618,105,251,209,145,56,6,5,3,2,6,16,68,199,17263,17179,16948,15861,15238,13396,13822,16716,18954,21133,19647,17334,25.3,25.4,24.7,23.8,21.8,19.9,20.1,20.8,23.8,26.8,27.2,25.6,32.2,32.3,31.7,30.8,28.7,26.8,26.9,27.5,30.5,33.5,33.9,32.4,18.4,18.5,17.8,16.9,14.8,13.0,13.4,14.0,17.0,20.0,20.4,18.9,1.3,1.5,1.4,1.8,1.7,1.8,2.0,2.0,2.3,2.0,2.2,1.8,8.300024,4.650565347865506,4.7177333067680545,4.576650154183777,4.4298150861188015,4.122251474303651,3.6406271531815264,3.769393661493303,4.378685270341389,5.1800724983861715,5.827689492563788,5.6227667939061705,4.8474729882128935,region_1,01/10,31/12,01/01,28/02,01/03,30/03,01/04,30/05,10,12,91,1,2,58,3,3,29,4,5,59,0.806896551724138,0.9137931034482759,1,0.9830508474576272,0.8813559322033898,0,0,0,0,0.8,0.8,0.8,3.752525142760443,4.311032159632878,4.576650154183777,4.354733474489669,3.6331707909116924,0.0,0.0,0.0,0.0,4.662151594051031,4.498213435124937,3.877978390570315,966,0.79,1.6328748975,0.8764379880985194,3.752525142760443,4.311032159632878,4.576650154183777,4.354733474489669,3.2300646102943684,0.0,0.0,0.0,0.0,4.662151594051031,4.498213435124937,3.877978390570315,0.0,0.0,0.0,0.0,120.93185418519724,0.0,0.0,0.0,0.0,0.0,0.0,0.0,0.0,0.0,0.0,0.0,4.031061806173241,0.0,0.0,0.0,0.0,0.0,0.0,0.0,0.0,0.0,0.0,0.0,0.09674548334815779,0.0,0.0,0.0,0.0,0.0,0.0,0.0,46.65582,0.0,0.0,46.65582,0.0,0.0,46.65582,0.0,0.0,23.32791,0.0,0.0,46.65582,19.00522045012483,7918.84185421868,,,,,,,,,,,,,0.0,0.0,0.0,0.0,0.0,0.0,0.0,0.0,0.0,9.500024,32656.177525850566,0.0,0.0,0.0,0.0,0.0,0.0,0.0,0.0,0.0,0.0,0.0,0.0,0.0,0.0,0.0,0.0,2.5302799920549806,8697.79619616279,292.3191292214385,1004842.2380888035,,,,,,,,,,,,,,,,,0.0,0.0,0.0,0.0,0.0,0.0,0.0,0.0,0.0,0.0,0.0,0.0,2.5302799920549806,8697.79619616279,2.5302799920549806,7918.84185421868,68.41879362044939,332.79145518399895
149,Moatize,33.80955,-16.41497,Maize,0.82480847,82.48084699999998,113.0,1.057008502401021,1,moz,4500,6000,113,105,152,137,77,12,6,5,4,4,2,16,51,130,19846,19812,19500,18109,16533,14745,15183,17715,19991,21748,21590,19958,27.9,27.9,27.6,26.5,24.2,21.5,21.6,23.5,27.1,29.4,29.8,28.3,34.7,34.7,34.4,33.3,30.9,28.3,27.5,29.3,32.9,35.3,35.6,34.2,21.2,21.2,20.9,19.7,17.4,14.8,15.8,17.7,21.3,23.6,24.0,22.5,1.6,1.6,1.4,1.5,1.3,1.3,1.5,1.7,2.1,2.2,2.1,1.6,-0.0,5.470325899463843,5.463050389782309,5.293375690285866,4.959931664527083,4.3703667472507455,3.794810138457121,3.8401108980058885,4.542569264506687,5.431140604846744,6.042457116271635,6.018636672456307,5.387014972189164,region_1,01/10,31/12,01/01,28/02,01/03,30/03,01/04,30/05,10,12,91,1,2,58,3,3,29,4,5,59,0.806896551724138,0.9137931034482759,1,0.9830508474576272,0.8813559322033898,0,0,0,0,0.8,0.8,0.8,4.413987105084618,4.992097769973489,5.293375690285866,4.875865026145268,3.851848658593877,0.0,0.0,0.0,0.0,4.8339656930173085,4.814909337965046,4.309611977751331,596,0.79,1.6328748975,0.8764379880985194,4.413987105084618,4.992097769973489,5.293375690285866,4.875865026145268,3.2456362296213572,0.0,0.0,0.0,0.0,4.8339656930173085,4.814909337965046,4.309611977751331,0.0,0.0,0.0,0.0,181.86372869175585,0.0,0.0,0.0,0.0,0.0,0.0,0.0,0.0,0.0,0.0,0.0,6.062124289725195,0.0,0.0,0.0,0.0,0.0,0.0,0.0,0.0,0.0,0.0,0.0,0.14549098295340468,0.0,0.0,0.0,0.0,0.0,0.0,0.0,82.48084699999998,0.0,0.0,82.48084699999998,0.0,0.0,82.48084699999998,0.0,0.0,41.24042349999999,0.0,0.0,82.48084699999998,50.527240020460546,21053.01667519189,,,,,,,,,,,,,0.0,0.0,0.0,0.0,0.0,0.0,0.0,0.0,0.0,1.2,1.2114017004802042,0.0,0.0,0.0,0.0,0.0,0.0,0.0,0.0,0.0,0.0,0.0,0.0,0.0,0.0,0.0,0.0,0.8497238136012308,0.8577973939458793,98.16720918260906,99.09993677934044,,,,,,,,,,,,,,,,,0.0,0.0,0.0,0.0,0.0,0.0,0.0,0.0,0.0,0.0,0.0,0.0,0.8497238136012308,0.8577973939458793,0.8497238136012308,21053.01667519189,181.89806407365796,111.75870864915177
182,Cuamba,36.558640000000004,-14.766729999999999,Maize,1.1915805,119.15805,565.0,2.348049865593306,1,moz,4500,6000,588,105,252,209,143,53,5,5,3,2,6,18,68,200,17240,17232,16882,15856,15185,13283,13826,16706,18884,21064,19802,17340,25.6,25.8,25.3,24.6,22.0,20.1,19.8,21.7,24.4,27.3,27.8,26.2,32.9,33.0,32.6,31.8,29.2,27.4,26.2,28.1,30.8,33.8,34.3,32.6,18.3,18.5,18.1,17.3,14.7,12.9,13.3,15.3,17.9,20.9,21.4,19.8,1.4,1.5,1.5,1.5,1.6,1.9,1.9,2.1,2.2,2.0,2.1,1.8,9.695064,4.755006348619182,4.811091532357484,4.685039615571887,4.4295552535027864,4.130189879936397,3.7112265815535905,3.684086627117277,4.4213846176550256,5.1411846593257415,5.788693014814815,5.600913498672023,4.848879451407045,region_1,01/10,31/12,01/01,28/02,01/03,30/03,01/04,30/05,10,12,91,1,2,58,3,3,29,4,5,59,0.806896551724138,0.9137931034482759,1,0.9830508474576272,0.8813559322033898,0,0,0,0,0.8,0.8,0.8,3.8367982261272027,4.396342262326666,4.685039615571887,4.354478045816299,3.64016735180835,0.0,0.0,0.0,0.0,4.630954411851852,4.480730798937619,3.8791035611256364,964,0.79,1.6328748975,0.8764379880985194,3.8367982261272027,4.396342262326666,4.685039615571887,4.354478045816299,2.5040952121181714,0.0,0.0,0.0,0.0,4.630954411851852,4.480730798937619,3.8791035611256364,0.0,0.0,0.0,0.0,340.82164190705356,0.0,0.0,0.0,0.0,0.0,0.0,0.0,0.0,0.0,0.0,0.0,11.360721396901786,0.0,0.0,0.0,0.0,0.0,0.0,0.0,0.0,0.0,0.0,0.0,0.2726573135256429,0.0,0.0,0.0,0.0,0.0,0.0,0.0,119.15805,0.0,0.0,119.15805,0.0,0.0,119.15805,0.0,0.0,59.579025,0.0,0.0,119.15805,136.79711072822835,56998.796136761805,,,,,,,,,,,,,0.0,0.0,0.0,0.0,0.0,0.0,0.0,0.0,0.0,10.895064,24.46960997311866,0.0,0.0,0.0,0.0,0.0,0.0,0.0,0.0,0.0,0.0,0.0,0.0,0.0,0.0,0.0,0.0,20.887077487822157,46.91102682878368,2413.0500665509794,5419.554577569302,,,,,,,,,,,,,,,,,0.0,0.0,0.0,0.0,0.0,0.0,0.0,0.0,0.0,0.0,0.0,0.0,20.887077487822157,46.91102682878368,20.887077487822157,56998.796136761805,492.4695986216221,2747.1429776702116
249,Mecuburi,38.72353,-14.309320000000001,Maize,0.31347235,31.347234999999998,328.0,14.618213774005964,9999,moz,4500,6000,370,105,258,247,180,66,6,3,3,2,3,12,60,195,17403,17286,17221,16333,15554,14326,14376,16846,19377,21615,20652,18371,26.1,26.1,26.0,25.6,23.8,22.1,21.7,23.0,25.0,26.7,27.1,26.6,32.4,32.3,32.2,31.8,30.0,28.3,28.2,29.5,31.6,33.2,33.7,33.2,19.9,19.9,19.7,19.4,17.5,15.9,15.2,16.4,18.5,20.1,20.6,20.1,1.4,1.2,1.3,1.6,1.6,1.7,1.6,1.8,1.7,1.9,1.6,1.4,1.2820053,4.6754796414258895,4.579675969189808,4.606468177595981,4.4818237407983075,4.199147618794505,3.844582693643715,3.8331989412320033,4.498682025489143,5.136280936370515,5.835388730740461,5.559572450347417,4.960449894091474,region_1,01/10,31/12,01/01,28/02,01/03,30/03,01/04,30/05,10,12,91,1,2,58,3,3,29,4,5,59,0.806896551724138,0.9137931034482759,1,0.9830508474576272,0.8813559322033898,0,0,0,0,0.8,0.8,0.8,3.7726284003229593,4.184876316673446,4.606468177595981,4.405860626547489,3.700943664022276,0.0,0.0,0.0,0.0,4.668310984592369,4.447657960277934,3.9683599152731794,1035,0.79,1.6328748975,0.8764379880985194,3.7726284003229593,4.184876316673446,4.606468177595981,4.405860626547489,3.234882577124144,0.0,0.0,0.0,0.0,4.668310984592369,4.447657960277934,3.9683599152731794,0.0,0.0,0.0,0.0,139.81832606943968,0.0,0.0,0.0,0.0,0.0,0.0,0.0,0.0,0.0,0.0,0.0,4.660610868981323,0.0,0.0,0.0,0.0,0.0,0.0,0.0,0.0,0.0,0.0,0.0,0.11185466085555175,0.0,0.0,0.0,0.0,0.0,0.0,0.0,31.347234999999998,0.0,0.0,31.347234999999998,0.0,0.0,31.347234999999998,0.0,0.0,15.673617499999999,0.0,0.0,31.347234999999998,14.763513009196977,6151.463753832073,,,,,,,,,,,,,0.0,0.0,0.0,0.0,0.0,0.0,0.0,0.0,0.0,2.4820053,29276.50390525713,0.0,0.0,0.0,0.0,0.0,0.0,0.0,0.0,0.0,0.0,0.0,0.0,0.0,0.0,0.0,0.0,0.5135271186038911,6057.311276999392,59.32695220024565,699791.3130070653,,,,,,,,,,,,,,,,,0.0,0.0,0.0,0.0,0.0,0.0,0.0,0.0,0.0,0.0,0.0,0.0,0.5135271186038911,6057.311276999392,0.5135271186038911,6151.463753832073,53.14864683310912,67.54091942917337
256,Malema,37.45805,-14.9643,Maize,1.09473312,109.473312,623.0,5.308913868387653,9999,moz,4500,6000,653,105,265,238,198,44,4,4,2,2,5,7,65,194,17423,17308,16987,15663,14835,13262,13582,16372,18729,20896,19744,17581,23.3,23.4,23.2,22.5,20.8,18.8,18.3,19.4,21.9,24.4,25.0,23.5,30.2,30.3,30.1,29.4,27.7,25.7,26.2,27.2,29.8,32.2,32.9,31.4,16.4,16.5,16.2,15.6,13.9,11.9,10.5,11.5,14.1,16.5,17.2,15.7,1.3,1.3,1.2,1.4,1.7,1.7,1.9,2.0,2.1,1.9,1.8,1.8,16.622162,4.531272206223068,4.51546210281904,4.407693304440972,4.1448504760200695,3.951262827719768,3.498314969966767,3.699097478346829,4.345640697096528,5.0522581531728745,5.683630799300654,5.457932029698377,4.880065772554726,region_1,01/10,31/12,01/01,28/02,01/03,30/03,01/04,30/05,10,12,91,1,2,58,3,3,29,4,5,59,0.806896551724138,0.9137931034482759,1,0.9830508474576272,0.8813559322033898,0,0,0,0,0.8,0.8,0.8,3.6562679181248208,4.126198128438088,4.407693304440972,4.074598773036679,3.4824689329055585,0.0,0.0,0.0,0.0,4.546904639440523,4.3663456237587015,3.904052618043781,1028,0.79,1.6328748975,0.8764379880985194,3.6562679181248208,4.126198128438088,4.407693304440972,4.074598773036679,1.7453667808336042,0.0,0.0,0.0,0.0,4.0152171434473445,4.3663456237587015,3.904052618043781,0.0,0.0,0.0,0.0,521.1306456215862,0.0,0.0,0.0,0.0,159.50624879795356,0.0,0.0,0.0,0.0,0.0,0.0,17.371021520719538,0.0,0.0,0.0,0.0,5.316874959931785,0.0,0.0,0.0,0.0,0.0,0.0,0.4169045164972689,0.0,0.0,0.0,0.0,0.12760499903836284,0.0,0.0,109.473312,0.0,0.0,109.473312,0.0,0.0,109.473312,0.0,0.0,54.736656,0.0,0.0,109.473312,192.1680766682723,80070.03194511347,,,,,,,,,,,,,0.0,0.0,0.0,0.0,0.0,0.0,0.0,0.0,0.0,17.822162,10647.76595400163,0.0,0.0,0.0,0.0,0.0,0.0,0.0,0.0,0.0,0.0,0.0,0.0,0.0,0.0,0.0,0.0,47.99683474759675,28675.480725924455,5544.996199178694,3312831.6163147516,,,,,,,,,,,,,,,,,0.0,0.0,0.0,0.0,0.0,0.0,0.0,0.0,0.0,0.0,0.0,0.0,47.99683474759675,28675.480725924455,47.99683474759675,80070.03194511347,691.8050760057803,6312.715007838379
268,Cuamba,36.55137,-14.585970000000001,Maize,0.76026517,76.026517,573.0,13.529801618996649,9999,moz,4500,6000,616,105,253,209,148,58,6,5,3,2,6,15,67,198,17184,17133,16875,15820,15219,13472,13924,16693,19000,21155,19689,17338,25.2,25.3,24.7,23.8,21.8,19.9,20.1,20.7,23.7,26.6,26.7,25.5,31.8,31.9,31.3,30.4,28.4,26.5,26.7,27.3,30.2,33.2,33.3,32.0,18.6,18.7,18.0,17.2,15.2,13.3,13.5,14.2,17.1,20.1,20.2,18.9,1.4,1.6,1.6,1.6,1.8,1.8,2.0,2.0,2.3,2.0,2.3,1.8,5.9519386,4.627496148310514,4.6958846388802025,4.608535598509553,4.307599819847313,4.094843076721082,3.612644898615626,3.7724863681811707,4.318001002501422,5.141316445525533,5.75998258176714,5.556572406124669,4.824197157857527,region_1,01/10,31/12,01/01,28/02,01/03,30/03,01/04,30/05,10,12,91,1,2,58,3,3,29,4,5,59,0.806896551724138,0.9137931034482759,1,0.9830508474576272,0.8813559322033898,0,0,0,0,0.8,0.8,0.8,3.733910685188484,4.291066997597427,4.608535598509553,4.234589653409223,3.609014237110106,0.0,0.0,0.0,0.0,4.607986065413712,4.445257924899735,3.8593577262860217,970,0.79,1.6328748975,0.8764379880985194,3.733910685188484,4.291066997597427,4.608535598509553,4.234589653409223,3.228349058504154,0.0,0.0,0.0,0.0,4.607986065413712,4.445257924899735,3.8593577262860217,0.0,0.0,0.0,0.0,114.19955358178555,0.0,0.0,0.0,0.0,0.0,0.0,0.0,0.0,0.0,0.0,0.0,3.8066517860595184,0.0,0.0,0.0,0.0,0.0,0.0,0.0,0.0,0.0,0.0,0.0,0.09135964286542844,0.0,0.0,0.0,0.0,0.0,0.0,0.0,76.026517,0.0,0.0,76.026517,0.0,0.0,76.026517,0.0,0.0,38.0132585,0.0,0.0,76.026517,29.245286069147053,12185.535862144605,,,,,,,,,,,,,0.0,0.0,0.0,0.0,0.0,0.0,0.0,0.0,0.0,7.1519386,27100.897277669497,0.0,0.0,0.0,0.0,0.0,0.0,0.0,0.0,0.0,0.0,0.0,0.0,0.0,0.0,0.0,0.0,2.931234871288022,11107.351389104413,338.6407938287216,1283214.2277592595,,,,,,,,,,,,,,,,,0.0,0.0,0.0,0.0,0.0,0.0,0.0,0.0,0.0,0.0,0.0,0.0,2.931234871288022,11107.351389104413,2.931234871288022,12185.535862144605,105.28302984892939,385.52647191814265
290,Cuamba,36.51376,-14.63074,Maize,0.93762816,93.762816,567.0,17.53226762599348,9999,moz,4500,6000,612,105,256,209,146,56,6,4,3,3,6,16,68,198,17096,17186,16960,15868,15234,13551,13854,16751,19022,21168,19699,17335,25.2,25.4,24.7,23.8,21.8,19.9,20.0,20.6,23.7,26.6,26.8,25.6,32.0,32.1,31.4,30.5,28.5,26.6,26.6,27.2,30.3,33.2,33.4,32.3,18.5,18.7,17.9,17.0,15.0,13.2,13.4,14.0,17.0,19.9,20.1,19.0,1.7,1.5,1.4,1.8,1.8,1.9,2.0,2.1,2.2,2.0,2.3,1.8,2.8240075,4.729762352435971,4.692409053569156,4.5665443892643465,4.415912361200766,4.126726536136635,3.672493169237627,3.7512636060268822,4.36067945155123,5.136535889716683,5.797542417425885,5.607835227763657,4.831678298186473,region_1,01/10,31/12,01/01,28/02,01/03,30/03,01/04,30/05,10,12,91,1,2,58,3,3,29,4,5,59,0.806896551724138,0.9137931034482759,1,0.9830508474576272,0.8813559322033898,0,0,0,0,0.8,0.8,0.8,3.8164289326552323,4.287891031709746,4.5665443892643465,4.3410663889770245,3.63711491320517,0.0,0.0,0.0,0.0,4.638033933940708,4.486268182210926,3.8653426385491785,971,0.79,1.6328748975,0.8764379880985194,3.8164289326552323,4.287891031709746,4.5665443892643465,4.3410663889770245,3.230344800803733,0.0,0.0,0.0,0.0,4.638033933940708,4.486268182210926,3.8653426385491785,0.0,0.0,0.0,0.0,122.03103372043117,0.0,0.0,0.0,0.0,0.0,0.0,0.0,0.0,0.0,0.0,0.0,4.067701124014373,0.0,0.0,0.0,0.0,0.0,0.0,0.0,0.0,0.0,0.0,0.0,0.09762482697634495,0.0,0.0,0.0,0.0,0.0,0.0,0.0,93.762816,0.0,0.0,93.762816,0.0,0.0,93.762816,0.0,0.0,46.881408,0.0,0.0,93.762816,38.54138395290471,16058.90998037696,,,,,,,,,,,,,0.0,0.0,0.0,0.0,0.0,0.0,0.0,0.0,0.0,4.0240075,35107.02879846176,0.0,0.0,0.0,0.0,0.0,0.0,0.0,0.0,0.0,0.0,0.0,0.0,0.0,0.0,0.0,0.0,2.1734870363316814,18962.35829023173,251.09941975969136,2190690.390308796,,,,,,,,,,,,,,,,,0.0,0.0,0.0,0.0,0.0,0.0,0.0,0.0,0.0,0.0,0.0,0.0,2.1734870363316814,18962.35829023173,2.1734870363316814,16058.90998037696,138.74898223045696,285.86477224480234
306,Metarica,36.999179999999996,-14.3101,Maize,0.69069144,69.06914400000001,529.0,11.521916431065288,9999,moz,4500,6000,596,105,257,219,160,55,5,2,2,1,4,9,64,196,17113,16941,16833,15927,15305,13709,13813,16695,19098,21162,19815,17506,25.3,25.2,24.9,24.3,22.1,20.3,20.4,21.1,23.1,25.7,26.5,25.6,32.0,32.0,31.7,31.0,28.8,27.0,26.9,27.6,29.6,32.3,33.1,32.2,18.5,18.5,18.2,17.6,15.4,13.6,13.8,14.5,16.5,19.1,20.0,19.1,1.4,1.6,1.7,1.8,1.8,1.7,1.9,2.1,2.2,2.1,1.9,1.8,5.2699795,4.643896071360416,4.660966668664344,4.650339135441799,4.452468720097994,4.149876959731634,3.669022749610631,3.7456054698248638,4.396974401317402,5.071520490576641,5.716512206008896,5.44051771636515,4.850422970938707,region_1,01/10,31/12,01/01,28/02,01/03,30/03,01/04,30/05,10,12,91,1,2,58,3,3,29,4,5,59,0.806896551724138,0.9137931034482759,1,0.9830508474576272,0.8813559322033898,0,0,0,0,0.8,0.8,0.8,3.7471437265459913,4.2591591972277625,4.650339135441799,4.3770031485709096,3.657518676373643,0.0,0.0,0.0,0.0,4.573209764807117,4.352414173092121,3.880338376750966,974,0.79,1.6328748975,0.8764379880985194,3.7471437265459913,4.2591591972277625,4.650339135441799,4.3770031485709096,2.505050951188132,0.0,0.0,0.0,0.0,4.573209764807117,4.352414173092121,3.880338376750966,0.0,0.0,0.0,0.0,345.7403175556533,0.0,0.0,0.0,0.0,0.0,0.0,0.0,0.0,0.0,0.0,0.0,11.52467725185511,0.0,0.0,0.0,0.0,0.0,0.0,0.0,0.0,0.0,0.0,0.0,0.27659225404452265,0.0,0.0,0.0,0.0,0.0,0.0,0.0,69.06914400000001,0.0,0.0,69.06914400000001,0.0,0.0,69.06914400000001,0.0,0.0,34.534572000000004,0.0,0.0,69.06914400000001,80.43785357425568,33515.77232260653,,,,,,,,,,,,,0.0,0.0,0.0,0.0,0.0,0.0,0.0,0.0,0.0,6.4699795,23109.528478844364,0.0,0.0,0.0,0.0,0.0,0.0,0.0,0.0,0.0,0.0,0.0,0.0,0.0,0.0,0.0,0.0,7.293472423429955,26050.887592289982,842.6029982895631,3009616.6433498445,,,,,,,,,,,,,,,,,0.0,0.0,0.0,0.0,0.0,0.0,0.0,0.0,0.0,0.0,0.0,0.0,7.293472423429955,26050.887592289982,7.293472423429955,33515.77232260653,289.5762728673205,959.2635237044866
359,Malema,37.51761,-14.40429,Maize,0.13966967,13.966967000000002,449.0,1.545599073931049,1,moz,4500,6000,467,105,259,229,164,57,5,2,1,1,3,9,61,190,17147,17002,16870,15787,15118,13749,13803,16429,18801,20747,19714,17559,25.5,25.5,25.3,24.8,22.6,20.7,20.8,21.7,23.7,26.1,26.9,26.1,32.9,32.9,32.7,32.2,30.0,28.1,27.4,28.3,30.3,32.7,33.5,32.7,18.1,18.1,17.9,17.4,15.2,13.3,14.2,15.1,17.1,19.5,20.3,19.5,1.5,1.4,1.5,1.4,1.7,1.7,1.8,1.8,2.0,1.9,2.0,1.8,11.371468,4.776562292144916,4.702714053643348,4.702617835242378,4.39414156890462,4.212479699351803,3.796099090237611,3.738710322250448,4.309746212543724,5.0107433258027,5.604373516388489,5.498131296760332,4.912748021062477,region_1,01/10,31/12,01/01,28/02,01/03,30/03,01/04,30/05,10,12,91,1,2,58,3,3,29,4,5,59,0.806896551724138,0.9137931034482759,1,0.9830508474576272,0.8813559322033898,0,0,0,0,0.8,0.8,0.8,3.854191642627277,4.297307669708577,4.702617835242378,4.319664593160474,3.712693972310064,0.0,0.0,0.0,0.0,4.483498813110791,4.398505037408266,3.9301984168499815,981,0.79,1.6328748975,0.8764379880985194,3.854191642627277,4.297307669708577,4.702617835242378,4.319664593160474,2.508092520791498,0.0,0.0,0.0,0.0,4.483498813110791,4.398505037408266,3.9301984168499815,0.0,0.0,0.0,0.0,361.3804354555698,0.0,0.0,0.0,0.0,0.0,0.0,0.0,0.0,0.0,0.0,0.0,12.046014515185659,0.0,0.0,0.0,0.0,0.0,0.0,0.0,0.0,0.0,0.0,0.0,0.2891043483644558,0.0,0.0,0.0,0.0,0.0,0.0,0.0,13.966967000000002,0.0,0.0,13.966967000000002,0.0,0.0,13.966967000000002,0.0,0.0,6.983483500000001,0.0,0.0,13.966967000000002,17.001730076475198,7084.054198531333,,,,,,,,,,,,,0.0,0.0,0.0,0.0,0.0,0.0,0.0,0.0,0.0,12.571468,19.30911981478621,0.0,0.0,0.0,0.0,0.0,0.0,0.0,0.0,0.0,0.0,0.0,0.0,0.0,0.0,0.0,0.0,2.9953672599232233,4.6007280383759,346.04990430645466,531.5146221705083,,,,,,,,,,,,,,,,,0.0,0.0,0.0,0.0,0.0,0.0,0.0,0.0,0.0,0.0,0.0,0.0,2.9953672599232233,4.6007280383759,2.9953672599232233,7084.054198531333,61.206228275310714,393.9613925614509
364,Malema,37.47683,-14.93731,Maize,0.12928442,12.928442,618.0,5.442342936597669,9999,moz,4500,6000,614,105,262,237,192,40,4,3,2,1,4,7,63,193,17525,17264,17057,15761,14854,13288,13404,16314,18721,20856,19681,17525,23.6,23.6,23.5,22.8,20.9,18.8,18.5,19.6,22.0,24.6,25.0,24.5,30.6,30.5,30.5,29.8,27.9,25.8,26.3,27.4,29.7,32.4,32.7,32.3,16.6,16.6,16.5,15.8,13.9,11.8,10.7,11.8,14.2,16.9,17.2,16.7,1.3,1.3,1.2,1.2,1.7,1.7,1.8,1.9,2.0,1.9,1.9,1.8,10.725289,4.584707482159968,4.530597084192178,4.442504175483787,4.121250471044538,3.974520628661476,3.5140969621938467,3.6473956510690835,4.3058254713729935,5.025981883848149,5.663409667249195,5.481155333257855,4.957364866545697,region_1,01/10,31/12,01/01,28/02,01/03,30/03,01/04,30/05,10,12,91,1,2,58,3,3,29,4,5,59,0.806896551724138,0.9137931034482759,1,0.9830508474576272,0.8813559322033898,0,0,0,0,0.8,0.8,0.8,3.699384658018733,4.14002837003768,4.442504175483787,4.051398768145479,3.502967333735538,0.0,0.0,0.0,0.0,4.530727733799356,4.384924266606284,3.9658918932365577,1008,0.79,1.6328748975,0.8764379880985194,3.699384658018733,4.14002837003768,4.442504175483787,4.051398768145479,1.7461537860045726,0.0,0.0,0.0,0.0,4.013788906576937,4.384924266606284,3.9658918932365577,0.0,0.0,0.0,0.0,527.0440643192895,0.0,0.0,0.0,0.0,155.08164816672576,0.0,0.0,0.0,0.0,0.0,0.0,17.56813547730965,0.0,0.0,0.0,0.0,5.169388272224192,0.0,0.0,0.0,0.0,0.0,0.0,0.42163525145543157,0.0,0.0,0.0,0.0,0.12406531853338061,0.0,0.0,12.928442,0.0,0.0,12.928442,0.0,0.0,12.928442,0.0,0.0,6.464221,0.0,0.0,12.928442,22.951944815145104,9563.310339643796,,,,,,,,,,,,,0.0,0.0,0.0,0.0,0.0,0.0,0.0,0.0,0.0,11.925289,10884.59740460802,0.0,0.0,0.0,0.0,0.0,0.0,0.0,0.0,0.0,0.0,0.0,0.0,0.0,0.0,0.0,0.0,3.8358301729576647,3501.0864009326842,443.1472167195399,404474.813563409,,,,,,,,,,,,,,,,,0.0,0.0,0.0,0.0,0.0,0.0,0.0,0.0,0.0,0.0,0.0,0.0,3.8358301729576647,3501.0864009326842,3.8358301729576647,9563.310339643796,82.62700133452238,504.5020745156863
413,Malema,37.355509999999995,-14.99974,Maize,1.02556901,102.55690099999998,642.0,0.8807432563534141,1,moz,4500,6000,663,105,264,239,203,52,6,6,3,3,5,9,70,201,17476,17355,16877,15578,14845,13038,13515,16276,18743,20935,19862,17583,24.8,24.7,24.2,23.5,21.3,19.3,19.8,20.2,22.6,25.1,26.0,25.1,31.6,31.6,31.1,30.3,28.1,26.1,27.2,27.6,30.0,32.5,33.4,32.5,17.9,17.9,17.4,16.6,14.5,12.4,12.4,12.8,15.2,17.7,18.6,17.7,1.3,1.2,1.3,1.6,1.7,1.6,1.9,1.8,2.1,1.9,1.7,1.8,7.034944,4.66072686921715,4.578757676267796,4.4771019817655,4.278296278110169,3.9806727674031723,3.4629487866091764,3.7599993677074384,4.270995750498319,5.064448999341732,5.687458965832936,5.480524405139342,4.965338738692448,region_1,01/10,31/12,01/01,28/02,01/03,30/03,01/04,30/05,10,12,91,1,2,58,3,3,29,4,5,59,0.806896551724138,0.9137931034482759,1,0.9830508474576272,0.8813559322033898,0,0,0,0,0.8,0.8,0.8,3.7607244392993557,4.184037186934366,4.4771019817655,4.205782781871013,3.5083895577112703,0.0,0.0,0.0,0.0,4.549967172666348,4.384419524111474,3.9722709909539584,1061,0.79,1.6328748975,0.8764379880985194,3.7607244392993557,4.184037186934366,4.4771019817655,4.205782781871013,3.2212126854509577,0.0,0.0,0.0,0.0,4.549967172666348,4.384419524111474,3.9722709909539584,0.0,0.0,0.0,0.0,86.15306167809379,0.0,0.0,0.0,0.0,0.0,0.0,0.0,0.0,0.0,0.0,0.0,2.8717687226031265,0.0,0.0,0.0,0.0,0.0,0.0,0.0,0.0,0.0,0.0,0.0,0.06892244934247505,0.0,0.0,0.0,0.0,0.0,0.0,0.0,102.55690099999998,0.0,0.0,102.55690099999998,0.0,0.0,102.55690099999998,0.0,0.0,51.27845049999999,0.0,0.0,102.55690099999998,29.761990795342015,12400.82949805917,,,,,,,,,,,,,0.0,0.0,0.0,0.0,0.0,0.0,0.0,0.0,0.0,8.234943999999999,22.176148651270683,0.0,0.0,0.0,0.0,0.0,0.0,0.0,0.0,0.0,0.0,0.0,0.0,0.0,0.0,0.0,0.0,3.434737847216028,9.24951731037978,396.8096731408255,1068.5816804380308,,,,,,,,,,,,,,,,,0.0,0.0,0.0,0.0,0.0,0.0,0.0,0.0,0.0,0.0,0.0,0.0,3.434737847216028,9.24951731037978,3.434737847216028,12400.82949805917,107.14316686323126,451.74898032618205
423,Maua,37.20512,-14.04964,Maize,0.42940783,42.940783,516.0,14.265927749360616,9999,moz,4500,6000,597,105,260,229,169,66,4,2,1,1,4,9,66,195,17037,16797,16817,15831,15437,13818,13971,16518,19062,21212,20009,17391,25.1,25.1,24.9,24.4,22.2,20.5,20.4,21.3,23.0,25.7,26.5,25.6,32.0,31.9,31.7,31.3,29.1,27.3,27.1,28.0,29.7,32.4,33.2,32.3,18.3,18.2,18.0,17.5,15.4,13.6,13.7,14.6,16.3,19.0,19.8,18.9,1.4,1.7,1.7,1.5,1.8,1.7,2.0,1.9,2.2,2.1,1.9,1.8,19.693752,4.612587048342354,4.688604975195972,4.676444678781291,4.3582409366519155,4.198434180876342,3.7320423514892838,3.820779284522969,4.342972423595838,5.072305972541225,5.744722559850008,5.514615641660463,4.858274304595364,region_1,01/10,31/12,01/01,28/02,01/03,30/03,01/04,30/05,10,12,91,1,2,58,3,3,29,4,5,59,0.806896551724138,0.9137931034482759,1,0.9830508474576272,0.8813559322033898,0,0,0,0,0.8,0.8,0.8,3.721880583834865,4.284414891127354,4.676444678781291,4.284372446200188,3.700314871280844,0.0,0.0,0.0,0.0,4.595778047880006,4.41169251332837,3.8866194436762913,1006,0.79,1.6328748975,0.8764379880985194,3.721880583834865,4.284414891127354,4.676444678781291,4.284372446200188,1.753748824811019,0.0,0.0,0.0,0.0,4.595778047880006,4.41169251332837,3.8866194436762913,0.0,0.0,0.0,0.0,583.9698139409475,0.0,0.0,0.0,0.0,0.0,0.0,0.0,0.0,0.0,0.0,0.0,19.46566046469825,0.0,0.0,0.0,0.0,0.0,0.0,0.0,0.0,0.0,0.0,0.0,0.467175851152758,0.0,0.0,0.0,0.0,0.0,0.0,0.0,42.940783,0.0,0.0,42.940783,0.0,0.0,42.940783,0.0,0.0,21.4703915,0.0,0.0,42.940783,84.4669340934353,35194.55587226471,,,,,,,,,,,,,0.0,0.0,0.0,0.0,0.0,0.0,0.0,0.0,0.0,20.893752,28611.00231317136,0.0,0.0,0.0,0.0,0.0,0.0,0.0,0.0,0.0,0.0,0.0,0.0,0.0,0.0,0.0,0.0,24.732848297982272,33868.09510636898,2857.345708907228,3912725.9042356294,,,,,,,,,,,,,,,,,0.0,0.0,0.0,0.0,0.0,0.0,0.0,0.0,0.0,0.0,0.0,0.0,24.732848297982272,33868.09510636898,24.732848297982272,35194.55587226471,304.0809627363671,3252.952480269133
436,Metarica,37.27568,-14.5111,Maize,0.08955719,8.955719,493.0,6.934804622346327,9999,moz,4500,6000,527,105,260,224,162,53,4,3,1,1,3,8,61,195,17106,16904,16852,15757,15174,13404,13696,16375,18922,20865,19744,17439,25.5,25.5,25.1,24.5,22.3,20.3,20.6,21.5,23.4,26.0,27.1,25.9,32.4,32.4,32.0,31.4,29.2,27.2,27.3,28.2,30.1,32.6,33.7,32.6,18.6,18.6,18.2,17.6,15.4,13.4,14.0,14.8,16.8,19.3,20.4,19.3,1.6,1.6,1.5,1.7,1.7,1.6,1.9,1.8,2.0,1.9,1.9,1.8,21.132792,4.743888464709843,4.701719260567041,4.620794305656112,4.424438451591156,4.1323607779539095,3.6008308985186677,3.7372821732833588,4.300162726381911,5.0092287108033675,5.639978520977833,5.510047263296548,4.874053149779291,region_1,01/10,31/12,01/01,28/02,01/03,30/03,01/04,30/05,10,12,91,1,2,58,3,3,29,4,5,59,0.806896551724138,0.9137931034482759,1,0.9830508474576272,0.8813559322033898,0,0,0,0,0.8,0.8,0.8,3.8278272439382874,4.296398634656089,4.620794305656112,4.3494479693607975,3.642080685654293,0.0,0.0,0.0,0.0,4.511982816782266,4.408037810637238,3.8992425198234333,975,0.79,1.6328748975,0.8764379880985194,3.8278272439382874,4.296398634656089,4.620794305656112,4.3494479693607975,1.751504217725446,0.0,0.0,0.0,0.0,4.511982816782266,4.408037810637238,3.8992425198234333,0.0,0.0,0.0,0.0,567.1729403786541,0.0,0.0,0.0,0.0,0.0,0.0,0.0,0.0,0.0,0.0,0.0,18.90576467928847,0.0,0.0,0.0,0.0,0.0,0.0,0.0,0.0,0.0,0.0,0.0,0.4537383523029233,0.0,0.0,0.0,0.0,0.0,0.0,0.0,8.955719,0.0,0.0,8.955719,0.0,0.0,8.955719,0.0,0.0,4.4778595,0.0,0.0,8.955719,17.10969761157046,7129.040671487691,,,,,,,,,,,,,0.0,0.0,0.0,0.0,0.0,0.0,0.0,0.0,0.0,22.332791999999998,13903.222283768186,0.0,0.0,0.0,0.0,0.0,0.0,0.0,0.0,0.0,0.0,0.0,0.0,0.0,0.0,0.0,0.0,5.35496112716,3333.717292125558,618.6499433348283,385138.932831359,,,,,,,,,,,,,,,,,0.0,0.0,0.0,0.0,0.0,0.0,0.0,0.0,0.0,0.0,0.0,0.0,5.35496112716,3333.717292125558,5.35496112716,7129.040671487691,61.59491140165366,704.3035994265571
463,Malema,37.48625,-14.9193,Maize,0.08039589,8.039589,609.0,5.506023834465719,9999,moz,4500,6000,598,105,261,235,190,41,4,3,2,1,4,7,62,192,17526,17317,17005,15746,14902,13303,13411,16314,18718,20893,19682,17566,23.6,24.1,24.0,23.2,21.3,19.2,19.0,19.9,22.4,25.0,25.2,24.6,30.7,31.2,31.0,30.3,28.4,26.3,26.8,27.7,30.1,32.7,33.0,32.3,16.6,17.0,16.9,16.2,14.3,12.1,11.2,12.1,14.6,17.2,17.5,16.8,1.3,1.2,1.2,1.2,1.7,1.7,1.8,1.9,2.0,1.9,1.9,1.7,-0.0,4.583763746208383,4.552341287286581,4.4790326881966385,4.146322199543134,4.015622110228698,3.5605141709448316,3.6899080731107663,4.33374105444554,5.065560850037629,5.726287338556913,5.4846556239453985,4.932506079741848,region_1,01/10,31/12,01/01,28/02,01/03,30/03,01/04,30/05,10,12,91,1,2,58,3,3,29,4,5,59,0.806896551724138,0.9137931034482759,1,0.9830508474576272,0.8813559322033898,0,0,0,0,0.8,0.8,0.8,3.6986231607336615,4.1598980728653245,4.4790326881966385,4.07604555209325,3.539192368337157,0.0,0.0,0.0,0.0,4.581029870845531,4.387724499156319,3.9460048637934784,1002,0.79,1.6328748975,0.8764379880985194,3.6986231607336615,4.1598980728653245,4.4790326881966385,4.07604555209325,1.7475454593507058,0.0,0.0,0.0,0.0,4.018231680480811,4.387724499156319,3.9460048637934784,0.0,0.0,0.0,0.0,537.4940726959355,0.0,0.0,0.0,0.0,168.8394571094159,0.0,0.0,0.0,0.0,0.0,0.0,17.916469089864517,0.0,0.0,0.0,0.0,5.627981903647196,0.0,0.0,0.0,0.0,0.0,0.0,0.42999525815674844,0.0,0.0,0.0,0.0,0.1350715656875327,0.0,0.0,8.039589,0.0,0.0,8.039589,0.0,0.0,8.039589,0.0,0.0,4.0197945,0.0,0.0,8.039589,14.555726936964863,6064.88622373536,,,,,,,,,,,,,0.0,0.0,0.0,0.0,0.0,0.0,0.0,0.0,0.0,1.2,11011.946464164545,0.0,0.0,0.0,0.0,0.0,0.0,0.0,0.0,0.0,0.0,0.0,0.0,0.0,0.0,0.0,0.0,0.24478573928850053,2246.306213529923,28.279698048960306,259512.10078157453,,,,,,,,,,,,,,,,,0.0,0.0,0.0,0.0,0.0,0.0,0.0,0.0,0.0,0.0,0.0,0.0,0.24478573928850053,2246.306213529923,0.24478573928850053,6064.88622373536,52.40061697307351,32.19509407729647
465,Metarica,36.617459999999994,-14.47824,Maize,0.5228164000000001,52.28164,588.0,0.31154926768672303,1,moz,4500,6000,578,105,251,207,147,57,5,5,3,2,6,13,64,198,17268,17242,17052,15898,15334,13483,13851,16604,18986,21265,19912,17297,25.1,25.2,24.7,23.9,22.1,20.1,19.9,21.1,23.2,25.8,26.4,25.5,31.7,31.7,31.3,30.5,28.6,26.7,26.2,27.4,29.5,32.1,32.7,31.8,18.5,18.6,18.1,17.3,15.5,13.6,13.6,14.8,16.9,19.5,20.0,19.1,1.3,1.2,1.3,1.7,1.8,1.7,1.9,1.9,2.3,2.1,1.9,1.8,3.1370142000000003,4.599039326909519,4.56409583769983,4.523126693809513,4.363984073957743,4.139851341738898,3.583394054095432,3.6664194811661677,4.278715994859212,5.028861848147697,5.691529306886459,5.433500380043728,4.782173705801331,region_1,01/10,31/12,01/01,28/02,01/03,30/03,01/04,30/05,10,12,91,1,2,58,3,3,29,4,5,59,0.806896551724138,0.9137931034482759,1,0.9830508474576272,0.8813559322033898,0,0,0,0,0.8,0.8,0.8,3.7109489741269917,4.170639299967086,4.523126693809513,4.290018242195748,3.6486825384817405,0.0,0.0,0.0,0.0,4.553223445509167,4.346800304034982,3.825738964641065,958,0.79,1.6328748975,0.8764379880985194,3.7109489741269917,4.170639299967086,4.523126693809513,4.290018242195748,2.504564196823773,0.0,0.0,0.0,0.0,4.553223445509167,4.346800304034982,3.825738964641065,0.0,0.0,0.0,0.0,343.23550249739014,0.0,0.0,0.0,0.0,0.0,0.0,0.0,0.0,0.0,0.0,0.0,11.44118341657967,0.0,0.0,0.0,0.0,0.0,0.0,0.0,0.0,0.0,0.0,0.0,0.2745884019979121,0.0,0.0,0.0,0.0,0.0,0.0,0.0,52.28164,0.0,0.0,52.28164,0.0,0.0,52.28164,0.0,0.0,26.14082,0.0,0.0,52.28164,60.44602939549526,25185.84558145636,,,,,,,,,,,,,0.0,0.0,0.0,0.0,0.0,0.0,0.0,0.0,0.0,4.3370142000000005,1.0623098535373445,0.0,0.0,0.0,0.0,0.0,0.0,0.0,0.0,0.0,0.0,0.0,0.0,0.0,0.0,0.0,0.0,3.673919105046638,0.8998910970570827,424.4418945687588,103.96295378844994,,,,,,,,,,,,,,,,,0.0,0.0,0.0,0.0,0.0,0.0,0.0,0.0,0.0,0.0,0.0,0.0,3.673919105046638,0.8998910970570827,0.8998910970570827,25185.84558145636,217.60570582378293,118.35688881748248
478,Maua,37.19615,-14.013420000000002,Maize,0.38381735,38.381735,527.0,13.385564268821659,9999,moz,4500,6000,611,105,262,230,171,64,4,2,2,1,4,8,67,195,16958,16819,16790,15901,15491,13976,13943,16483,19087,21305,19954,17422,25.0,25.0,24.8,24.4,22.2,20.5,20.4,21.3,22.9,25.6,26.5,25.5,31.9,31.9,31.7,31.3,29.1,27.4,27.1,28.0,29.7,32.4,33.3,32.2,18.1,18.1,17.9,17.5,15.3,13.5,13.6,14.5,16.2,18.9,19.8,18.7,1.6,1.6,1.6,1.5,1.8,1.7,1.9,1.9,2.2,2.2,1.9,1.9,25.926865,4.677245330478166,4.648383636865864,4.626413334212663,4.37340113437617,4.22416232729094,3.7757948271291175,3.7999561934261186,4.352293849130058,5.067761196552388,5.782151099969146,5.503990772652703,4.908010318777302,region_1,01/10,31/12,01/01,28/02,01/03,30/03,01/04,30/05,10,12,91,1,2,58,3,3,29,4,5,59,0.806896551724138,0.9137931034482759,1,0.9830508474576272,0.8813559322033898,0,0,0,0,0.8,0.8,0.8,3.774053128730658,4.247660909549841,4.626413334212663,4.299275691420642,3.7229905257479468,0.0,0.0,0.0,0.0,4.625720879975317,4.403192618122162,3.926408255021842,1010,0.79,1.6328748975,0.8764379880985194,3.774053128730658,4.247660909549841,4.626413334212663,4.299275691420642,1.7546236243004834,0.0,0.0,0.0,0.0,4.625720879975317,4.403192618122162,3.926408255021842,0.0,0.0,0.0,0.0,590.510070434239,0.0,0.0,0.0,0.0,0.0,0.0,0.0,0.0,0.0,0.0,0.0,19.68366901447463,0.0,0.0,0.0,0.0,0.0,0.0,0.0,0.0,0.0,0.0,0.0,0.47240805634739114,0.0,0.0,0.0,0.0,0.0,0.0,0.0,38.381735,0.0,0.0,38.381735,0.0,0.0,38.381735,0.0,0.0,19.1908675,0.0,0.0,38.381735,76.34459297090795,31810.24707121164,,,,,,,,,,,,,0.0,0.0,0.0,0.0,0.0,0.0,0.0,0.0,0.0,27.126865,26853.451424789553,0.0,0.0,0.0,0.0,0.0,0.0,0.0,0.0,0.0,0.0,0.0,0.0,0.0,0.0,0.0,0.0,29.02343810183908,28730.90883329578,3353.030565621911,3319235.135345077,,,,,,,,,,,,,,,,,0.0,0.0,0.0,0.0,0.0,0.0,0.0,0.0,0.0,0.0,0.0,0.0,29.02343810183908,28730.90883329578,29.02343810183908,31810.24707121164,274.8405346952686,3817.2661644885147
484,Malema,37.39297,-14.96385,Maize,0.92052109,92.052109,619.0,1.072156993726182,1,moz,4500,6000,637,105,264,237,199,43,4,4,2,2,4,7,64,195,17379,17274,16921,15654,14867,13075,13528,16267,18769,20777,19797,17462,24.3,23.7,23.4,22.8,21.0,19.0,18.7,19.9,22.2,24.6,25.3,24.3,31.8,31.2,30.9,30.3,28.5,26.4,26.5,27.7,30.0,32.3,33.1,32.1,16.8,16.2,15.9,15.3,13.5,11.5,10.9,12.1,14.4,16.8,17.5,16.6,1.4,1.3,1.3,1.4,1.7,1.6,1.9,1.8,2.1,1.8,1.7,1.8,6.0049443,4.708177361409726,4.597247943237283,4.50021655537189,4.234673420737227,4.05247709362323,3.518380779192902,3.7234437247333183,4.293329361346904,5.090342548757508,5.628358373708791,5.457412713347981,4.913303703515749,region_1,01/10,31/12,01/01,28/02,01/03,30/03,01/04,30/05,10,12,91,1,2,58,3,3,29,4,5,59,0.806896551724138,0.9137931034482759,1,0.9830508474576272,0.8813559322033898,0,0,0,0,0.8,0.8,0.8,3.7990120778271588,4.2009334653720005,4.50021655537189,4.1628992949620205,3.5716747265831854,0.0,0.0,0.0,0.0,4.502686698967033,4.365930170678385,3.930642962812599,1025,0.79,1.6328748975,0.8764379880985194,3.7990120778271588,4.2009334653720005,4.50021655537189,4.1628992949620205,1.7487942917825752,0.0,0.0,0.0,0.0,4.011314405411816,4.365930170678385,3.930642962812599,0.0,0.0,0.0,0.0,546.8641304401831,0.0,0.0,0.0,0.0,147.41168806656518,0.0,0.0,0.0,0.0,0.0,0.0,18.228804348006104,0.0,0.0,0.0,0.0,4.9137229355521725,0.0,0.0,0.0,0.0,0.0,0.0,0.4374913043521465,0.0,0.0,0.0,0.0,0.11792935045325215,0.0,0.0,92.052109,0.0,0.0,92.052109,0.0,0.0,92.052109,0.0,0.0,46.0260545,0.0,0.0,92.052109,169.56630414642515,70652.62672767714,,,,,,,,,,,,,0.0,0.0,0.0,0.0,0.0,0.0,0.0,0.0,0.0,7.2049443,19.214431398745237,0.0,0.0,0.0,0.0,0.0,0.0,0.0,0.0,0.0,0.0,0.0,0.0,0.0,0.0,0.0,0.0,17.12147395396782,45.66022623296588,1978.0160191468083,5275.051620526128,,,,,,,,,,,,,,,,,0.0,0.0,0.0,0.0,0.0,0.0,0.0,0.0,0.0,0.0,0.0,0.0,17.12147395396782,45.66022623296588,17.12147395396782,70652.62672767714,610.4386949271305,2251.8773613699254
485,Metarica,36.8419,-14.28161,Maize,0.12921401,12.921401,559.0,13.17690626423153,9999,moz,4500,6000,636,105,259,217,159,59,5,3,1,1,4,10,66,200,17062,16955,16938,15901,15369,13767,14032,16632,19177,21215,19820,17343,25.1,25.1,24.8,24.1,21.9,20.1,20.1,20.9,22.9,25.5,26.2,25.5,31.9,31.9,31.6,30.9,28.8,26.9,26.6,27.5,29.5,32.1,32.8,32.1,18.3,18.2,18.0,17.2,15.1,13.3,13.5,14.4,16.4,19.0,19.7,19.0,1.5,1.6,1.5,1.6,1.8,1.8,2.0,2.0,2.2,2.1,2.0,1.9,12.507494,4.65749669100808,4.685878635778702,4.608059775197504,4.3894836694432495,4.1621930208156686,3.7120290977690527,3.7930201341282244,4.326548317366774,5.051102533368338,5.69170396398622,5.446898149487689,4.84364119414676,region_1,01/10,31/12,01/01,28/02,01/03,30/03,01/04,30/05,10,12,91,1,2,58,3,3,29,4,5,59,0.806896551724138,0.9137931034482759,1,0.9830508474576272,0.8813559322033898,0,0,0,0,0.8,0.8,0.8,3.7581180196410027,4.281923580970194,4.608059775197504,4.3150856411476015,3.6683735098714365,0.0,0.0,0.0,0.0,4.553363171188976,4.357518519590151,3.874912955317408,984,0.79,1.6328748975,0.8764379880985194,3.7581180196410027,4.281923580970194,4.608059775197504,4.3150856411476015,2.505649038476646,0.0,0.0,0.0,0.0,4.553363171188976,4.357518519590151,3.874912955317408,0.0,0.0,0.0,0.0,348.8173414184372,0.0,0.0,0.0,0.0,0.0,0.0,0.0,0.0,0.0,0.0,0.0,11.627244713947906,0.0,0.0,0.0,0.0,0.0,0.0,0.0,0.0,0.0,0.0,0.0,0.2790538731347498,0.0,0.0,0.0,0.0,0.0,0.0,0.0,12.921401,0.0,0.0,12.921401,0.0,0.0,12.921401,0.0,0.0,6.4607005,0.0,0.0,12.921401,15.182176822640965,6325.907009433734,,,,,,,,,,,,,0.0,0.0,0.0,0.0,0.0,0.0,0.0,0.0,0.0,13.707493999999999,26429.177147210215,0.0,0.0,0.0,0.0,0.0,0.0,0.0,0.0,0.0,0.0,0.0,0.0,0.0,0.0,0.0,0.0,2.9165073620989657,5623.266347886516,336.9393486624696,649646.8087942287,,,,,,,,,,,,,,,,,0.0,0.0,0.0,0.0,0.0,0.0,0.0,0.0,0.0,0.0,0.0,0.0,2.9165073620989657,5623.266347886516,2.9165073620989657,6325.907009433734,54.65583656150748,383.5894573467704
507,Malema,37.523309999999995,-14.93762,Maize,0.44932564,44.932564,609.0,9.94668875198089,9999,moz,4500,6000,663,105,267,237,194,47,4,4,2,2,5,7,65,194,17428,17356,17030,15657,14889,13258,13553,16311,18721,20935,19815,17669,23.7,23.8,23.8,23.0,21.1,19.1,19.2,20.3,22.3,24.5,25.2,23.8,30.2,30.3,30.3,29.5,27.6,25.5,26.9,28.0,30.0,32.2,32.9,31.6,17.2,17.3,17.3,16.5,14.6,12.6,11.5,12.6,14.6,16.8,17.4,16.1,1.3,1.3,1.3,1.5,1.7,1.7,1.9,1.9,2.0,1.9,1.7,1.7,19.356272,4.519500127992223,4.512308302873005,4.444345214589797,4.168093314237201,3.931893187497801,3.4691600362019583,3.7580329193118738,4.360862162795243,5.044600532568121,5.672352977938268,5.453327493488793,4.872389224609133,region_1,01/10,31/12,01/01,28/02,01/03,30/03,01/04,30/05,10,12,91,1,2,58,3,3,29,4,5,59,0.806896551724138,0.9137931034482759,1,0.9830508474576272,0.8813559322033898,0,0,0,0,0.8,0.8,0.8,3.646769068793725,4.123316207797746,4.444345214589797,4.097447664843351,3.4653973855912823,0.0,0.0,0.0,0.0,4.537882382350615,4.362661994791035,3.8979113796873066,1028,0.79,1.6328748975,0.8764379880985194,3.646769068793725,4.123316207797746,4.444345214589797,4.097447664843351,1.744711615257004,0.0,0.0,0.0,0.0,4.014420518042209,4.362661994791035,3.8979113796873066,0.0,0.0,0.0,0.0,516.2057311002835,0.0,0.0,0.0,0.0,157.03855929252185,0.0,0.0,0.0,0.0,0.0,0.0,17.206857703342784,0.0,0.0,0.0,0.0,5.234618643084062,0.0,0.0,0.0,0.0,0.0,0.0,0.41296458488022686,0.0,0.0,0.0,0.0,0.12563084743401748,0.0,0.0,44.932564,0.0,0.0,44.932564,0.0,0.0,44.932564,0.0,0.0,22.466282,0.0,0.0,44.932564,78.12866374679675,32553.609894498644,,,,,,,,,,,,,0.0,0.0,0.0,0.0,0.0,0.0,0.0,0.0,0.0,20.556272,19946.388166211385,0.0,0.0,0.0,0.0,0.0,0.0,0.0,0.0,0.0,0.0,0.0,0.0,0.0,0.0,0.0,0.0,22.507420225416503,21839.647793928518,2600.24562577017,2523098.963620691,,,,,,,,,,,,,,,,,0.0,0.0,0.0,0.0,0.0,0.0,0.0,0.0,0.0,0.0,0.0,0.0,22.507420225416503,21839.647793928518,22.507420225416503,32553.609894498644,281.2631894884683,2960.256237560041
522,Lalaua,38.42651,-14.426329999999998,Maize,0.39300478,39.30047800000001,374.0,6.596192317172676,9999,moz,4500,6000,412,105,259,245,170,68,6,3,3,2,3,12,62,194,17446,17277,17212,16159,15459,14160,14187,16667,19173,21417,20338,18243,25.9,25.9,25.7,25.2,23.3,21.4,21.0,22.3,24.6,26.4,27.1,26.4,32.3,32.3,32.1,31.6,29.7,27.9,27.5,28.8,31.1,32.9,33.6,32.9,19.4,19.5,19.3,18.7,16.8,15.0,14.5,15.8,18.0,19.9,20.5,19.9,1.3,1.2,1.2,1.7,1.5,1.7,1.6,1.8,1.8,1.9,1.7,1.4,9.2552395,4.674340619429559,4.589041911574744,4.560534465012776,4.497260556816451,4.137061269455292,3.789617741657068,3.745230093834422,4.389815563635272,5.107205880087707,5.75082513491146,5.544386646001711,4.920056466019945,region_1,01/10,31/12,01/01,28/02,01/03,30/03,01/04,30/05,10,12,91,1,2,58,3,3,29,4,5,59,0.806896551724138,0.9137931034482759,1,0.9830508474576272,0.8813559322033898,0,0,0,0,0.8,0.8,0.8,3.7717093274017826,4.1934348502320935,4.560534465012776,4.421035801616172,3.6462234917233083,0.0,0.0,0.0,0.0,4.600660107929168,4.435509316801369,3.9360451728159562,1027,0.79,1.6328748975,0.8764379880985194,3.7717093274017826,4.1934348502320935,4.560534465012776,4.421035801616172,3.2309919672461684,0.0,0.0,0.0,0.0,4.600660107929168,4.435509316801369,3.9360451728159562,0.0,0.0,0.0,0.0,124.56945734314203,0.0,0.0,0.0,0.0,0.0,0.0,0.0,0.0,0.0,0.0,0.0,4.152315244771401,0.0,0.0,0.0,0.0,0.0,0.0,0.0,0.0,0.0,0.0,0.0,0.09965556587451363,0.0,0.0,0.0,0.0,0.0,0.0,0.0,39.30047800000001,0.0,0.0,39.30047800000001,0.0,0.0,39.30047800000001,0.0,0.0,19.650239000000006,0.0,0.0,39.30047800000001,16.490574207279476,6871.0725863664475,,,,,,,,,,,,,0.0,0.0,0.0,0.0,0.0,0.0,0.0,0.0,0.0,10.4552395,13230.065395881918,0.0,0.0,0.0,0.0,0.0,0.0,0.0,0.0,0.0,0.0,0.0,0.0,0.0,0.0,0.0,0.0,2.416243681083808,3057.5159864224293,279.1446998194002,353229.84552620654,,,,,,,,,,,,,,,,,0.0,0.0,0.0,0.0,0.0,0.0,0.0,0.0,0.0,0.0,0.0,0.0,2.416243681083808,3057.5159864224293,2.416243681083808,6871.0725863664475,59.36606714620611,317.79299256678877
529,Cuamba,36.5786,-14.640460000000001,Maize,0.31732453,31.732453000000003,560.0,16.374891229148513,9999,moz,4500,6000,609,105,248,209,146,58,5,4,3,2,6,16,68,198,17363,17145,16916,15799,15268,13434,13814,16705,18947,21122,19705,17370,25.3,25.4,24.8,23.9,21.8,19.9,20.2,20.8,23.8,26.8,27.3,25.7,32.3,32.4,31.8,30.9,28.8,27.0,26.9,27.6,30.6,33.6,34.1,32.4,18.2,18.3,17.7,16.8,14.7,12.9,13.4,14.1,17.1,20.1,20.5,18.9,1.3,1.6,1.5,1.7,1.7,1.9,2.0,2.0,2.3,2.0,2.3,1.9,6.3238400000000015,4.694355017967012,4.7758542817161045,4.640957810557661,4.417261285412677,4.141261850437978,3.6946176686330983,3.79126259795206,4.360518788382573,5.159583036468175,5.807335088153673,5.677231407550961,4.91431400558106,region_1,01/10,31/12,01/01,28/02,01/03,30/03,01/04,30/05,10,12,91,1,2,58,3,3,29,4,5,59,0.806896551724138,0.9137931034482759,1,0.9830508474576272,0.8813559322033898,0,0,0,0,0.8,0.8,0.8,3.7878588765664856,4.3641427057060955,4.640957810557661,4.3423924500667,3.6499256986910993,0.0,0.0,0.0,0.0,4.645868070522939,4.541785126040769,3.931451204464848,963,0.79,1.6328748975,0.8764379880985194,3.7878588765664856,4.3641427057060955,4.640957810557661,4.3423924500667,2.504632672796278,0.0,0.0,0.0,0.0,4.645868070522939,4.541785126040769,3.931451204464848,0.0,0.0,0.0,0.0,343.58790776844626,0.0,0.0,0.0,0.0,0.0,0.0,0.0,0.0,0.0,0.0,0.0,11.452930258948209,0.0,0.0,0.0,0.0,0.0,0.0,0.0,0.0,0.0,0.0,0.0,0.27487032621475704,0.0,0.0,0.0,0.0,0.0,0.0,0.0,31.732453000000003,0.0,0.0,31.732453000000003,0.0,0.0,31.732453000000003,0.0,0.0,15.866226500000002,0.0,0.0,31.732453000000003,36.72551455875556,15302.297732814819,,,,,,,,,,,,,0.0,0.0,0.0,0.0,0.0,0.0,0.0,0.0,0.0,7.523840000000002,32796.507480051194,0.0,0.0,0.0,0.0,0.0,0.0,0.0,0.0,0.0,0.0,0.0,0.0,0.0,0.0,0.0,0.0,3.872383920629291,16879.767275559883,447.37021169349606,1950092.039989929,,,,,,,,,,,,,,,,,0.0,0.0,0.0,0.0,0.0,0.0,0.0,0.0,0.0,0.0,0.0,0.0,3.872383920629291,16879.767275559883,3.872383920629291,15302.297732814819,132.21185241152003,509.3097538706454
551,Cuamba,36.46779,-14.59411,Maize,0.06004045,6.004045000000001,592.0,18.8755971532812,9999,moz,4500,6000,638,105,251,208,148,54,6,5,3,3,7,15,68,197,17280,17241,16945,15939,15286,13491,13914,16796,18956,21242,19748,17329,25.0,25.2,24.5,23.6,21.7,19.8,19.7,20.4,23.0,25.7,26.0,25.2,31.5,31.6,30.9,30.0,28.1,26.3,26.0,26.8,29.4,32.0,32.3,31.6,18.6,18.7,18.0,17.1,15.2,13.4,13.4,14.1,16.7,19.3,19.6,18.9,1.3,1.4,1.5,1.8,1.8,1.8,2.0,2.1,2.3,2.0,2.3,1.9,6.8379917,4.574555454576819,4.628361988301256,4.5466652322179995,4.369438403420047,4.085909230009006,3.580997949934644,3.6919166418561993,4.302375460776444,5.0068483193229865,5.673296682836313,5.48146750523621,4.782377719509835,region_1,01/10,31/12,01/01,28/02,01/03,30/03,01/04,30/05,10,12,91,1,2,58,3,3,29,4,5,59,0.806896551724138,0.9137931034482759,1,0.9830508474576272,0.8813559322033898,0,0,0,0,0.8,0.8,0.8,3.691193021968882,4.229365265171838,4.5466652322179995,4.295380125395979,3.601140338313022,0.0,0.0,0.0,0.0,4.538637346269051,4.3851740041889675,3.8259021756078684,965,0.79,1.6328748975,0.8764379880985194,3.691193021968882,4.229365265171838,4.5466652322179995,4.295380125395979,3.227790066345977,0.0,0.0,0.0,0.0,4.538637346269051,4.3851740041889675,3.8259021756078684,0.0,0.0,0.0,0.0,112.00508159011349,0.0,0.0,0.0,0.0,0.0,0.0,0.0,0.0,0.0,0.0,0.0,3.7335027196704496,0.0,0.0,0.0,0.0,0.0,0.0,0.0,0.0,0.0,0.0,0.0,0.08960406527209079,0.0,0.0,0.0,0.0,0.0,0.0,0.0,6.004045000000001,0.0,0.0,6.004045000000001,0.0,0.0,6.004045000000001,0.0,0.0,3.0020225000000007,0.0,0.0,6.004045000000001,2.2652077476908232,943.8365615378431,,,,,,,,,,,,,0.0,0.0,0.0,0.0,0.0,0.0,0.0,0.0,0.0,8.0379917,37794.41918713174,0.0,0.0,0.0,0.0,0.0,0.0,0.0,0.0,0.0,0.0,0.0,0.0,0.0,0.0,0.0,0.0,0.2551682053470708,1199.7939878583484,29.47916745429972,138610.2466435061,,,,,,,,,,,,,,,,,0.0,0.0,0.0,0.0,0.0,0.0,0.0,0.0,0.0,0.0,0.0,0.0,0.2551682053470708,1199.7939878583484,0.2551682053470708,943.8365615378431,8.154747891686965,33.560633068585695
609,Maua,37.18697,-14.004320000000002,Maize,0.51550399,51.550399,553.0,13.584016337252246,9999,moz,4500,6000,616,105,262,229,172,67,4,2,2,1,4,8,67,195,16955,16818,16762,15825,15533,13942,13950,16546,19056,21311,19988,17454,25.0,25.0,24.8,24.4,22.2,20.4,20.4,21.3,22.9,25.6,26.5,25.5,31.9,31.9,31.7,31.3,29.1,27.4,27.1,28.0,29.7,32.4,33.3,32.2,18.1,18.1,17.9,17.4,15.3,13.5,13.6,14.5,16.2,18.9,19.8,18.7,1.6,1.6,1.6,1.5,1.8,1.7,1.9,1.9,2.2,2.2,1.9,1.8,26.631935,4.676876494059345,4.648424352179585,4.620871665614267,4.370811274442795,4.232540547655047,3.7483817603425624,3.80145397530033,4.364478344718742,5.062185016785089,5.783701955986269,5.511383906103095,4.879439948610503,region_1,01/10,31/12,01/01,28/02,01/03,30/03,01/04,30/05,10,12,91,1,2,58,3,3,29,4,5,59,0.806896551724138,0.9137931034482759,1,0.9830508474576272,0.8813559322033898,0,0,0,0,0.8,0.8,0.8,3.773755515896161,4.247698114922724,4.620871665614267,4.296729727418342,3.73037471996716,0.0,0.0,0.0,0.0,4.626961564789015,4.4091071248824765,3.9035519588884022,1013,0.79,1.6328748975,0.8764379880985194,3.773755515896161,4.247698114922724,4.620871665614267,4.296729727418342,1.7549085918126504,0.0,0.0,0.0,0.0,4.626961564789015,4.4091071248824765,3.9035519588884022,0.0,0.0,0.0,0.0,592.6398384463529,0.0,0.0,0.0,0.0,0.0,0.0,0.0,0.0,0.0,0.0,0.0,19.754661281545097,0.0,0.0,0.0,0.0,0.0,0.0,0.0,0.0,0.0,0.0,0.0,0.47411187075708233,0.0,0.0,0.0,0.0,0.0,0.0,0.0,51.550399,0.0,0.0,51.550399,0.0,0.0,51.550399,0.0,0.0,25.7751995,0.0,0.0,51.550399,102.90802571858538,42878.344049410574,,,,,,,,,,,,,0.0,0.0,0.0,0.0,0.0,0.0,0.0,0.0,0.0,27.831934999999998,27229.315871237042,0.0,0.0,0.0,0.0,0.0,0.0,0.0,0.0,0.0,0.0,0.0,0.0,0.0,0.0,0.0,0.0,40.13872889436021,39269.64214793126,4637.162019735804,4536757.842438542,,,,,,,,,,,,,,,,,0.0,0.0,0.0,0.0,0.0,0.0,0.0,0.0,0.0,0.0,0.0,0.0,40.13872889436021,39269.64214793126,40.13872889436021,42878.344049410574,370.4688925869074,5279.18888025571
613,Cuamba,36.70699000000001,-14.786320000000002,Maize,0.79342585,79.342585,562.0,1.4128185656655985,1,moz,4500,6000,583,105,248,210,143,54,5,5,3,2,5,17,71,206,17262,17328,16972,15858,15204,13263,13736,16616,18877,21027,19675,17244,25.6,25.6,25.3,24.4,22.0,19.9,20.4,21.1,24.2,27.2,27.6,26.2,32.8,32.8,32.5,31.6,29.1,27.1,27.3,27.9,31.0,34.0,34.4,33.0,18.4,18.4,18.1,17.2,14.8,12.7,13.6,14.3,17.4,20.3,20.7,19.3,1.3,1.2,1.2,1.3,1.7,1.8,1.9,2.1,2.1,1.9,2.2,1.8,14.466285,4.705380017386407,4.677167408433863,4.57842845864521,4.318502285526064,4.157669669100545,3.6560431761530787,3.76057140594421,4.414444117634351,5.144898040173864,5.826272282189176,5.684096915608132,4.908206372428587,region_1,01/10,31/12,01/01,28/02,01/03,30/03,01/04,30/05,10,12,91,1,2,58,3,3,29,4,5,59,0.806896551724138,0.9137931034482759,1,0.9830508474576272,0.8813559322033898,0,0,0,0,0.8,0.8,0.8,3.796754910580756,4.2739633214999095,4.57842845864521,4.245307331534097,3.66438682700387,0.0,0.0,0.0,0.0,4.661017825751341,4.547277532486506,3.92656509794287,969,0.79,1.6328748975,0.8764379880985194,3.796754910580756,4.2739633214999095,4.57842845864521,4.245307331534097,2.505429360816352,0.0,0.0,0.0,0.0,4.661017825751341,4.547277532486506,3.92656509794287,0.0,0.0,0.0,0.0,347.6872398562556,0.0,0.0,0.0,0.0,0.0,0.0,0.0,0.0,0.0,0.0,0.0,11.589574661875186,0.0,0.0,0.0,0.0,0.0,0.0,0.0,0.0,0.0,0.0,0.0,0.2781497918850045,0.0,0.0,0.0,0.0,0.0,0.0,0.0,79.342585,0.0,0.0,79.342585,0.0,0.0,79.342585,0.0,0.0,39.6712925,0.0,0.0,79.342585,92.9226252857612,38717.760535733825,,,,,,,,,,,,,0.0,0.0,0.0,0.0,0.0,0.0,0.0,0.0,0.0,15.666284999999998,22.28256371313312,0.0,0.0,0.0,0.0,0.0,0.0,0.0,0.0,0.0,0.0,0.0,0.0,0.0,0.0,0.0,0.0,20.401329091315965,29.017339803906555,2356.932344902286,3352.326039187301,,,,,,,,,,,,,,,,,0.0,0.0,0.0,0.0,0.0,0.0,0.0,0.0,0.0,0.0,0.0,0.0,20.401329091315965,29.017339803906555,20.401329091315965,38717.760535733825,334.52145102874033,2683.2556149142415
619,Malema,37.486,-14.95545,Maize,1.12624679,112.624679,618.0,7.21487869967211,9999,moz,4500,6000,652,105,266,237,196,43,4,3,2,2,5,7,65,196,17427,17396,17023,15726,14912,13321,13447,16315,18726,20897,19812,17524,23.4,23.6,23.5,22.8,20.8,18.7,18.6,19.8,22.2,24.5,25.3,23.6,30.1,30.2,30.1,29.4,27.4,25.4,26.4,27.7,30.0,32.3,33.1,31.4,16.8,16.9,16.8,16.1,14.2,12.1,10.8,12.0,14.4,16.7,17.4,15.8,1.3,1.3,1.2,1.3,1.7,1.8,1.9,1.9,2.0,1.9,1.7,1.8,25.62938,4.506249807873185,4.526960615156475,4.40683788716588,4.121460988402118,3.9252348868309586,3.49196963721145,3.700972053971915,4.3273080440876575,5.0498063308087175,5.67909171133527,5.475304607498224,4.87776841432909,region_1,01/10,31/12,01/01,28/02,01/03,30/03,01/04,30/05,10,12,91,1,2,58,3,3,29,4,5,59,0.806896551724138,0.9137931034482759,1,0.9830508474576272,0.8813559322033898,0,0,0,0,0.8,0.8,0.8,3.636077431180432,4.136705389711952,4.40683788716588,4.051605717412252,3.4595290528001668,0.0,0.0,0.0,0.0,4.543273369068216,4.380243685998579,3.902214731463272,1026,0.79,1.6328748975,0.8764379880985194,3.636077431180432,4.136705389711952,4.40683788716588,4.051605717412252,1.7444864593394576,0.0,0.0,0.0,0.0,4.014896499323825,4.380243685998579,3.902214731463272,0.0,0.0,0.0,0.0,514.5127780382129,0.0,0.0,0.0,0.0,158.51306092331725,0.0,0.0,0.0,0.0,0.0,0.0,17.150425934607096,0.0,0.0,0.0,0.0,5.283768697443908,0.0,0.0,0.0,0.0,0.0,0.0,0.4116102224305703,0.0,0.0,0.0,0.0,0.1268104487386538,0.0,0.0,112.624679,0.0,0.0,112.624679,0.0,0.0,112.624679,0.0,0.0,56.3123395,0.0,0.0,112.624679,195.18934389204878,81328.89328835366,,,,,,,,,,,,,0.0,0.0,0.0,0.0,0.0,0.0,0.0,0.0,0.0,26.82938,14463.314423604286,0.0,0.0,0.0,0.0,0.0,0.0,0.0,0.0,0.0,0.0,0.0,0.0,0.0,0.0,0.0,0.0,73.3901386675011,39563.51772348028,8478.643271135024,4570708.80937251,,,,,,,,,,,,,,,,,0.0,0.0,0.0,0.0,0.0,0.0,0.0,0.0,0.0,0.0,0.0,0.0,73.3901386675011,39563.51772348028,73.3901386675011,81328.89328835366,702.6816380113756,9652.532968684382
626,Cahora_Bassa,32.16979,-15.84676,Maize,0.95103972,95.103972,342.0,2.5568495987564104,1,moz,4500,6000,358,105,187,159,93,22,6,2,1,1,1,8,62,178,18407,18776,19278,18434,17096,15219,15895,18703,21474,22539,21033,19257,26.7,26.4,25.8,25.2,22.9,20.7,20.2,21.8,24.9,27.1,27.7,25.9,34.2,33.9,33.3,32.7,30.4,28.1,26.7,28.3,31.4,33.6,34.2,32.4,19.2,18.9,18.4,17.7,15.4,13.2,13.7,15.3,18.4,20.6,21.3,19.5,1.5,1.4,1.8,1.8,1.6,1.6,1.7,1.9,2.3,2.6,2.5,2.1,3.8598492,5.148264574605399,5.1581616551343314,5.36167958379977,5.149082291020733,4.596030388326216,4.043277805611634,4.027647987688697,4.754757787678068,5.71032553333726,6.242405480606186,5.955163845587401,5.299511880040307,region_1,01/10,31/12,01/01,28/02,01/03,30/03,01/04,30/05,10,12,91,1,2,58,3,3,29,4,5,59,0.806896551724138,0.9137931034482759,1,0.9830508474576272,0.8813559322033898,0,0,0,0,0.8,0.8,0.8,4.154116932612633,4.713492546933097,5.36167958379977,5.061809709816992,4.05073864733836,0.0,0.0,0.0,0.0,4.993924384484949,4.764131076469921,4.239609504032246,720,0.79,1.6328748975,0.8764379880985194,4.154116932612633,4.713492546933097,5.36167958379977,5.061809709816992,3.259863970031961,0.0,0.0,0.0,0.0,4.763488198423117,4.764131076469921,4.239609504032246,0.0,0.0,0.0,0.0,237.26240319191945,0.0,0.0,0.0,0.0,69.13085581854943,0.0,0.0,0.0,0.0,0.0,0.0,7.9087467730639815,0.0,0.0,0.0,0.0,2.3043618606183145,0.0,0.0,0.0,0.0,0.0,0.0,0.18980992255353557,0.0,0.0,0.0,0.0,0.05530468465483955,0.0,0.0,95.103972,0.0,0.0,95.103972,0.0,0.0,95.103972,0.0,0.0,47.551986,0.0,0.0,95.103972,76.00706340990997,31669.60975412915,,,,,,,,,,,,,0.0,0.0,0.0,0.0,0.0,0.0,0.0,0.0,0.0,5.0598492,17.51136991975128,0.0,0.0,0.0,0.0,0.0,0.0,0.0,0.0,0.0,0.0,0.0,0.0,0.0,0.0,0.0,0.0,5.389673966974167,18.652843365873036,622.660261220257,2154.932634861308,,,,,,,,,,,,,,,,,0.0,0.0,0.0,0.0,0.0,0.0,0.0,0.0,0.0,0.0,0.0,0.0,5.389673966974167,18.652843365873036,5.389673966974167,31669.60975412915,273.6254282756759,708.8691560098598
684,Cuamba,36.483959999999996,-14.80207,Maize,1.27257431,127.25743100000001,580.0,0.690425447995805,1,moz,4500,6000,582,105,256,209,144,53,6,6,4,2,7,20,69,202,17114,17349,16913,15877,15187,13299,13733,16786,18890,20987,19765,17138,25.6,25.7,25.1,24.2,21.9,20.1,19.8,21.3,24.6,27.4,27.6,26.4,32.8,32.9,32.3,31.4,29.1,27.3,26.2,27.8,31.0,33.9,34.1,32.8,18.4,18.5,18.0,17.0,14.7,12.9,13.3,14.9,18.1,21.0,21.2,20.0,1.7,1.3,1.4,1.5,1.6,1.9,2.0,2.1,2.2,2.1,2.3,1.8,6.0669484,4.8382077237385825,4.731523195353921,4.6224876649278555,4.3902869087431,4.109389948076832,3.7139722542654137,3.696043275796419,4.398571430446698,5.161541628951688,5.811276456841661,5.636719907389976,4.822483089189906,region_1,01/10,31/12,01/01,28/02,01/03,30/03,01/04,30/05,10,12,91,1,2,58,3,3,29,4,5,59,0.806896551724138,0.9137931034482759,1,0.9830508474576272,0.8813559322033898,0,0,0,0,0.8,0.8,0.8,3.903933128809753,4.3236332647199625,4.6224876649278555,4.31587526622203,3.6218352084744962,0.0,0.0,0.0,0.0,4.649021165473329,4.509375925911981,3.857986471351925,978,0.79,1.6328748975,0.8764379880985194,3.903933128809753,4.3236332647199625,4.6224876649278555,4.31587526622203,3.2292594656298865,0.0,0.0,0.0,0.0,4.649021165473329,4.509375925911981,3.857986471351925,0.0,0.0,0.0,0.0,117.77272285338299,0.0,0.0,0.0,0.0,0.0,0.0,0.0,0.0,0.0,0.0,0.0,3.9257574284460994,0.0,0.0,0.0,0.0,0.0,0.0,0.0,0.0,0.0,0.0,0.0,0.09421817828270639,0.0,0.0,0.0,0.0,0.0,0.0,0.0,127.25743100000001,0.0,0.0,127.25743100000001,0.0,0.0,127.25743100000001,0.0,0.0,63.628715500000006,0.0,0.0,127.25743100000001,50.484056091609304,21035.023371503874,,,,,,,,,,,,,0.0,0.0,0.0,0.0,0.0,0.0,0.0,0.0,0.0,7.2669484,3.138085089599161,0.0,0.0,0.0,0.0,0.0,0.0,0.0,0.0,0.0,0.0,0.0,0.0,0.0,0.0,0.0,0.0,5.141351357975177,2.22018888105113,593.9719543702208,256.49480786863205,,,,,,,,,,,,,,,,,0.0,0.0,0.0,0.0,0.0,0.0,0.0,0.0,0.0,0.0,0.0,0.0,5.141351357975177,2.22018888105113,2.22018888105113,21035.023371503874,181.7426019297935,292.0071655422887
705,Malema,37.44907,-14.91905,Maize,1.47492684,147.492684,609.0,2.0407236041412142,1,moz,4500,6000,637,105,264,237,193,41,3,3,2,1,4,7,63,192,17437,17251,16990,15701,14890,13203,13503,16369,18761,20813,19637,17537,23.7,23.4,23.4,22.8,21.0,18.9,18.4,19.4,22.3,24.9,25.1,24.1,31.2,30.9,30.9,30.3,28.5,26.4,26.2,27.2,30.0,32.6,32.8,31.9,16.3,16.0,15.9,15.3,13.5,11.4,10.7,11.7,14.5,17.1,17.3,16.4,1.3,1.3,1.2,1.3,1.7,1.6,1.9,2.0,2.1,1.9,2.0,1.8,22.103745,4.620239854813192,4.55761854011963,4.473498864084966,4.202845570914572,4.056867699736235,3.5341820111461217,3.6798706443048337,4.315872223245036,5.0992793830831715,5.702298147486683,5.52118216418901,4.910563411080285,region_1,01/10,31/12,01/01,28/02,01/03,30/03,01/04,30/05,10,12,91,1,2,58,3,3,29,4,5,59,0.806896551724138,0.9137931034482759,1,0.9830508474576272,0.8813559322033898,0,0,0,0,0.8,0.8,0.8,3.728055606987197,4.164720390109317,4.473498864084966,4.131610900221104,3.575544413326851,0.0,0.0,0.0,0.0,4.561838517989346,4.416945731351208,3.9284507288642283,1010,0.79,1.6328748975,0.8764379880985194,3.728055606987197,4.164720390109317,4.473498864084966,4.131610900221104,0.9631680357182247,0.0,0.0,0.0,0.0,4.0165360862892,4.416945731351208,3.9284507288642283,0.0,0.0,0.0,0.0,783.7129132825878,0.0,0.0,0.0,0.0,163.59072951004393,0.0,0.0,0.0,0.0,0.0,0.0,26.12376377608626,0.0,0.0,0.0,0.0,5.453024317001464,0.0,0.0,0.0,0.0,0.0,0.0,0.6269703306260702,0.0,0.0,0.0,0.0,0.13087258360803514,0.0,0.0,147.492684,0.0,0.0,147.492684,0.0,0.0,147.492684,0.0,0.0,73.746342,0.0,0.0,147.492684,389.3622604311853,162234.27517966056,,,,,,,,,,,,,0.0,0.0,0.0,0.0,0.0,0.0,0.0,0.0,0.0,23.303745,29.408144720828243,0.0,0.0,0.0,0.0,0.0,0.0,0.0,0.0,0.0,0.0,0.0,0.0,0.0,0.0,0.0,0.0,127.16000645639153,160.46948130315602,14690.588581438371,18538.77799628714,,,,,,,,,,,,,,,,,0.0,0.0,0.0,0.0,0.0,0.0,0.0,0.0,0.0,0.0,0.0,0.0,127.16000645639153,160.46948130315602,127.16000645639153,162234.27517966056,1401.7041375522672,16724.537886204693
