alloc_key,NAME,lon,lat,statearea,maize,tavg,srad,prec,wind,PHIHOX,BDRICM,BLD,CLYPPT,TEXMHT,ORCDRC,DRAINFAO,EVI,NDVI,slope,elevation
8082,Ribaue,38.453855008699996,-14.6252979706,644555.7567714689,11226.0,24.358332,17325.25,87.583336,1.2,62.0,111.0,1370.0,17.0,9.0,11.0,5.0,0.3034,0.5880000000000001,0.78564143,423.0
8497,Ribaue,37.988362503299996,-14.8949476529,644555.7567714689,11226.0,23.341667,16929.334,90.083336,1.2,61.0,138.0,1380.0,16.0,9.0,12.0,5.0,0.3229,0.5771000000000001,0.8219791,594.0
8636,Ribaue,37.894944748200004,-14.9849143432,644555.7567714689,11226.0,22.891668,16879.0,92.083336,1.3,62.0,124.0,1380.0,14.0,9.0,10.0,5.0,0.3155,0.5116,1.9647632,661.0
8638,Ribaue,38.0809363957,-14.985740191700001,644555.7567714689,11226.0,23.041666,16906.166,93.75,1.2,62.0,129.0,1430.0,14.0,9.0,9.0,5.0,0.318,0.4625,1.4731827,671.0
9772,Mogovolas,39.384372395999996,-15.7105308232,454898.1983127426,3914.0,25.283333,18582.834,88.416664,1.2,64.0,140.0,1470.0,11.0,9.0,8.0,5.0,0.3383,0.5690000000000001,1.3230503,175.0
10054,Mogovolas,39.5715368492,-15.890925166199999,454898.1983127426,3914.0,25.075003,18719.084,87.833336,1.5,63.0,138.0,1430.0,13.0,9.0,8.0,5.0,0.3425,0.5359,0.5638575,144.0
6928,N'gauma,35.3112028565,-13.8747289394,284491.9811814729,4376.0,19.824999,17749.166,89.833336,2.2,56.0,162.0,1270.0,22.0,6.0,13.0,5.0,0.25270000000000004,0.5145000000000001,0.63806117,1228.0
6929,N'gauma,35.4035656101,-13.8761066005,284491.9811814729,4376.0,20.283335,17715.916,91.0,2.0,59.0,123.0,1400.0,16.0,9.0,9.0,5.0,0.29710000000000003,0.537,1.2037698,1148.0
7069,N'gauma,35.4021682994,-13.9663479499,284491.9811814729,4376.0,20.65,17572.416,91.166664,2.1,59.0,126.0,1370.0,20.0,9.0,9.0,5.0,0.2639,0.4858,0.47876906,1072.0
7210,N'gauma,35.4932053937,-14.057949549100002,284491.9811814729,4376.0,20.841665,17561.666,90.0,2.1,58.0,137.0,1290.0,28.0,6.0,14.0,6.0,0.2605,0.5215000000000001,5.465198,1009.0
7211,N'gauma,35.5856595065,-14.059275357999999,284491.9811814729,4376.0,21.933334,17472.166,90.583336,2.0,59.0,149.0,1310.0,28.0,6.0,11.0,5.0,0.27790000000000004,0.5364,1.6028329,858.0
8913,Malema,37.6148119105,-15.1641614636,608877.7828799557,12265.0,21.908333,16786.5,100.333336,1.3,58.0,152.0,1250.0,27.0,6.0,20.0,6.0,0.4052,0.6115,2.6999779,867.0
8068,Malema,37.1541850088,-14.6186282221,608877.7828799557,12265.0,23.941668,16888.334,80.5,1.3,61.0,120.0,1350.0,19.0,9.0,13.0,5.0,0.2442,0.4433,0.5410203,531.0
8207,Malema,37.0605863803,-14.708237609600001,608877.7828799557,12265.0,24.074999,16860.916,81.666664,1.2,59.0,133.0,1370.0,20.0,6.0,14.0,4.0,0.2503,0.4566,0.50493246,545.0
8631,Malema,37.4300248782,-14.982186198299999,608877.7828799557,12265.0,22.199999,16810.916,87.5,1.3,61.0,89.0,1420.0,17.0,9.0,8.0,5.0,0.2927,0.48260000000000003,1.1134421,682.0
8772,Malema,37.5223791497,-15.073189468099999,608877.7828799557,12265.0,22.5,16831.084,92.916664,1.3,62.0,113.0,1320.0,23.0,6.0,12.0,5.0,0.28190000000000004,0.49100000000000005,1.496181,745.0
7872,Maravia,31.9755851073,-14.430329690999999,1673164.527127983,3859.0,22.216665,17934.334,94.833336,2.1,62.0,109.0,1430.0,15.0,9.0,12.0,4.0,0.2782,0.4954,0.35467866,1020.0
7873,Maravia,32.0676700395,-14.433067595499999,1673164.527127983,3859.0,22.324999,18022.75,93.333336,1.7,61.0,138.0,1480.0,12.0,9.0,11.0,5.0,0.23850000000000002,0.4615,0.6384894,966.0
7874,Maravia,32.1597741963,-14.4357700374,1673164.527127983,3859.0,22.491667,18015.25,92.416664,1.8,61.0,105.0,1380.0,12.0,9.0,14.0,5.0,0.2849,0.5284,0.95674866,932.0
8149,Maravia,31.6935350528,-14.6012598854,1673164.527127983,3859.0,22.099998,17781.084,93.583336,2.1,62.0,134.0,1350.0,22.0,6.0,14.0,4.0,0.215,0.42910000000000004,0.66186297,984.0
8155,Maravia,32.246423021,-14.618007733199999,1673164.527127983,3859.0,23.375,18010.084,90.833336,1.7,64.0,100.0,1350.0,15.0,9.0,16.0,4.0,0.2808,0.48500000000000004,1.5965849,781.0
8286,Maravia,31.4142644329,-14.6820219523,1673164.527127983,3859.0,21.583334,17842.584,89.416664,2.2,60.0,142.0,1360.0,27.0,6.0,15.0,4.0,0.2577,0.47440000000000004,0.6943988,979.0
22606,Panda,34.885652101,-23.9693911994,752721.7726504435,6981.0,23.641668,17449.834,67.5,1.7,61.0,144.0,1350.0,9.0,11.0,8.0,5.0,0.34800000000000003,0.5762,1.3089553,109.0
22746,Panda,34.8827799917,-24.059479880500003,752721.7726504435,6981.0,23.933332,17395.25,68.833336,1.7,60.0,136.0,1340.0,9.0,11.0,8.0,5.0,0.3033,0.5188,0.7390857,82.0
22886,Panda,34.879893723,-24.1495671771,752721.7726504435,6981.0,23.966667,17471.834,69.166664,1.7,60.0,149.0,1340.0,10.0,11.0,8.0,5.0,0.3128,0.5543,1.3717407,92.0
23298,Panda,34.0845718602,-24.3962788867,752721.7726504435,6981.0,23.974998,17130.666,64.916664,1.6,61.0,158.0,1290.0,10.0,11.0,12.0,5.0,0.3058,0.5159,1.4748751,48.0
13917,Gorongosa,34.1882681233,-18.3617784881,683352.7441122661,5439.0,22.483332,17857.75,90.666664,1.5,60.0,118.0,1360.0,27.0,6.0,33.0,6.0,0.43310000000000004,0.7172000000000001,7.221386,451.0
14057,Gorongosa,34.1857596209,-18.451840614800002,683352.7441122661,5439.0,22.225,17851.0,92.25,1.5,60.0,136.0,1280.0,30.0,6.0,25.0,6.0,0.4978,0.7131000000000001,6.29368,419.0
14196,Gorongosa,34.0888247229,-18.539464695699998,683352.7441122661,5439.0,21.466667,17702.916,100.916664,1.5,59.0,135.0,1240.0,27.0,6.0,31.0,5.0,0.4093,0.7622,7.2526045,614.0
14336,Gorongosa,34.086237983800004,-18.629511766,683352.7441122661,5439.0,23.108332,17804.084,95.166664,1.5,60.0,128.0,1370.0,25.0,6.0,12.0,5.0,0.3519,0.5901000000000001,1.3523269,429.0
23563,Magude,32.6037262997,-24.5207368916,655503.3085431918,2930.0,23.008331,17180.416,58.416668,1.6,67.0,174.0,1260.0,25.0,6.0,15.0,3.0,0.3229,0.6117,0.1698994,70.0
23564,Magude,32.7018389804,-24.5248812633,655503.3085431918,2930.0,23.183334,17239.75,57.333332,1.5,67.0,175.0,1330.0,22.0,6.0,14.0,3.0,0.2175,0.41540000000000005,0.14904477,47.0
24263,Magude,32.5806256545,-24.969472898899998,655503.3085431918,2930.0,22.925001,16724.666,63.0,1.7,71.0,159.0,1380.0,29.0,6.0,12.0,3.0,0.2541,0.44680000000000003,0.34522286,44.0
24542,Magude,32.4726479749,-25.1446242421,655503.3085431918,2930.0,23.125,16662.666,60.583332,1.8,65.0,154.0,1370.0,17.0,9.0,15.0,4.0,0.34900000000000003,0.5543,1.2382059,70.0
12683,Nicoadala,36.6554582711,-17.59531983,329560.4849295189,1630.0,25.29167,17362.834,98.083336,1.4,61.0,161.0,1460.0,21.0,6.0,12.0,4.0,0.3452,0.5831000000000001,0.31961593,32.0
12826,Nicoadala,36.9369701283,-17.6888023523,329560.4849295189,1630.0,25.391665,17382.416,110.833336,1.9,65.0,149.0,1310.0,39.0,4.0,24.0,1.0,0.2696,0.4738,0.05602451,5.0
13105,Nicoadala,36.8405668823,-17.868439059900005,329560.4849295189,1630.0,25.091667,17489.916,113.166664,2.3,60.0,175.0,1420.0,36.0,3.0,18.0,2.0,0.219,0.44830000000000003,0.0,6.0
5956,Majune,36.05817035,-13.2526554867,1267969.741783247,11008.0,23.399996,17401.916,103.583336,1.9,58.0,156.0,1300.0,26.0,6.0,14.0,4.0,0.32330000000000003,0.6409,1.3657601,662.0
6094,Majune,35.8726534265,-13.3407509235,1267969.741783247,11008.0,22.641668,17472.084,105.333336,1.9,59.0,155.0,1350.0,18.0,9.0,11.0,5.0,0.2841,0.5552,0.7893853,774.0
6103,Majune,36.702815486,-13.349639921400001,1267969.741783247,11008.0,23.65,17141.084,94.25,1.6,60.0,127.0,1300.0,23.0,6.0,13.0,4.0,0.3416,0.6455000000000001,0.11915278,656.0
6237,Majune,36.1482420158,-13.434327112,1267969.741783247,11008.0,23.483335,17360.416,99.166664,1.9,59.0,148.0,1320.0,21.0,6.0,12.0,5.0,0.3032,0.5383,1.1822668,651.0
18943,Massangena,32.7426783394,-21.557952114000006,688835.4404617787,1208.0,23.841667,18111.25,49.083332,1.7,62.0,166.0,1520.0,18.0,9.0,7.0,4.0,0.3271,0.6547000000000001,0.0,208.0
8484,Cuamba,36.7802589008,-14.886431271300001,488095.4937524157,28471.0,24.0,16917.5,82.333336,1.3,59.0,139.0,1360.0,19.0,9.0,12.0,4.0,0.2908,0.5939,0.7609527,572.0
7921,Cuamba,36.5057025607,-14.522250023,488095.4937524157,28471.0,22.816666,16988.0,82.583336,1.4,58.0,120.0,1280.0,24.0,6.0,17.0,5.0,0.3129,0.5693,2.1394224,696.0
8060,Cuamba,36.4119265699,-14.6115679686,488095.4937524157,28471.0,23.16667,17024.834,81.416664,1.6,59.0,120.0,1330.0,25.0,6.0,13.0,3.0,0.2963,0.49660000000000004,0.46965292,655.0
8199,Cuamba,36.3180749716,-14.7008350429,488095.4937524157,28471.0,23.133331,16942.834,82.916664,1.6,57.0,127.0,1350.0,25.0,6.0,15.0,5.0,0.2963,0.5228,0.89988387,659.0
8200,Cuamba,36.4108652598,-14.7018901405,488095.4937524157,28471.0,23.733335,16957.75,81.5,1.5,60.0,134.0,1360.0,28.0,6.0,16.0,3.0,0.26,0.4585,0.1644257,638.0
8201,Cuamba,36.5036628218,-14.702908184000002,488095.4937524157,28471.0,23.916664,16977.0,80.583336,1.4,60.0,121.0,1390.0,24.0,6.0,11.0,4.0,0.2605,0.453,0.61888057,631.0
8340,Cuamba,36.409796675900004,-14.7922115348,488095.4937524157,28471.0,23.983332,16937.5,82.0,1.6,59.0,117.0,1350.0,26.0,6.0,13.0,3.0,0.2848,0.47440000000000004,0.1426636,583.0
8343,Cuamba,36.6883247852,-14.7951733266,488095.4937524157,28471.0,23.949999,16941.334,80.75,1.3,61.0,94.0,1390.0,22.0,6.0,13.0,5.0,0.2606,0.4818,4.4272857,593.0
8480,Cuamba,36.408720804,-14.882532146800001,488095.4937524157,28471.0,23.800001,16887.834,84.166664,1.4,58.0,132.0,1320.0,28.0,6.0,15.0,3.0,0.2821,0.4929,0.2780504,623.0
8902,Cuamba,36.5914387467,-15.155552475799999,488095.4937524157,28471.0,23.383333,16883.916,93.583336,1.3,58.0,125.0,1320.0,19.0,9.0,15.0,4.0,0.2927,0.47900000000000004,0.84536135,607.0
15444,Sussundenga,32.9278839415,-19.3154100332,731163.253323076,22904.0,20.591665,18783.0,80.0,1.7,60.0,144.0,1400.0,9.0,11.0,9.0,5.0,0.301,0.5162,1.9070965,768.0
15585,Sussundenga,33.019260253,-19.4084268968,731163.253323076,22904.0,20.991667,18792.416,82.083336,1.8,59.0,160.0,1310.0,13.0,9.0,13.0,5.0,0.3413,0.6395000000000001,1.4388785,718.0
15588,Sussundenga,33.303518053000005,-19.4175940702,731163.253323076,22904.0,21.591667,18426.584,91.0,1.7,61.0,129.0,1370.0,15.0,9.0,11.0,5.0,0.2896,0.4993,0.5425695,582.0
15724,Sussundenga,32.9211852423,-19.4951351628,731163.253323076,22904.0,20.691666,18523.584,82.416664,1.8,59.0,129.0,1310.0,12.0,9.0,10.0,5.0,0.3119,0.5143,1.211024,879.0
15864,Sussundenga,32.9178079586,-19.584995555,731163.253323076,22904.0,19.858332,18512.25,82.416664,1.8,59.0,138.0,1230.0,19.0,9.0,13.0,5.0,0.34850000000000003,0.6322,3.3069046,905.0
16014,Sussundenga,33.863927568200005,-19.704625066600002,731163.253323076,22904.0,24.383331,17980.666,77.416664,1.5,63.0,142.0,1330.0,29.0,6.0,20.0,4.0,0.2919,0.6273000000000001,0.4055958,125.0
15038,Nhamatanda,34.2625192425,-19.084706769100002,405001.1811421537,14269.0,25.1,17615.0,83.0,1.4,64.0,167.0,1400.0,24.0,6.0,10.0,3.0,0.35850000000000004,0.611,0.09045622,50.0
15178,Nhamatanda,34.2599449412,-19.1747717682,405001.1811421537,14269.0,25.224998,17574.166,83.166664,1.4,65.0,153.0,1370.0,29.0,6.0,11.0,3.0,0.3274,0.5850000000000001,0.08183168,48.0
15735,Nhamatanda,33.964595018400004,-19.5272883851,405001.1811421537,14269.0,24.125,17866.75,82.166664,1.5,64.0,142.0,1410.0,18.0,9.0,19.0,5.0,0.41850000000000004,0.7344,0.40555242,172.0
15317,Nhamatanda,34.1625275036,-19.2623457371,405001.1811421537,14269.0,24.866667,17744.5,82.166664,1.4,64.0,107.0,1380.0,18.0,9.0,14.0,5.0,0.3642,0.6133000000000001,0.6594881,118.0
15457,Nhamatanda,34.1598726552,-19.3523957565,405001.1811421537,14269.0,24.858335,17708.916,81.333336,1.4,66.0,135.0,1360.0,22.0,6.0,16.0,3.0,0.3914,0.6443,0.15458144,65.0
15458,Nhamatanda,34.254752877899996,-19.354898109,405001.1811421537,14269.0,25.091665,17638.5,82.666664,1.6,64.0,147.0,1400.0,26.0,6.0,14.0,3.0,0.38170000000000004,0.5982000000000001,0.12295928,39.0
15459,Nhamatanda,34.349647648099996,-19.3573513306,405001.1811421537,14269.0,25.224998,17581.166,85.166664,1.6,65.0,151.0,1420.0,28.0,6.0,11.0,3.0,0.3784,0.614,0.11593621,22.0
15599,Nhamatanda,34.347081698800004,-19.4474249678,405001.1811421537,14269.0,25.183332,17503.584,85.916664,1.6,65.0,151.0,1320.0,29.0,6.0,17.0,2.0,0.3655,0.6458,0.09062185,17.0
15877,Nhamatanda,34.1518189512,-19.6225383419,405001.1811421537,14269.0,24.449999,17738.834,82.666664,1.6,62.0,159.0,1400.0,24.0,6.0,20.0,3.0,0.45080000000000003,0.7659,0.4261094,83.0
6530,Maua,37.3469958179,-13.625833218299999,911721.1094710254,1500.0,22.775002,16963.75,90.666664,1.7,59.0,105.0,1380.0,19.0,9.0,11.0,5.0,0.3129,0.5804,0.9621166,841.0
6808,Maua,37.160769916999996,-13.8052861225,911721.1094710254,1500.0,23.566666,17021.084,86.416664,1.7,61.0,112.0,1310.0,19.0,9.0,13.0,5.0,0.32080000000000003,0.6174000000000001,2.1085815,721.0
24405,Manhica,32.7730243835,-25.0676448165,215798.9915787454,45340.0,23.366663,16866.75,68.5,1.9,62.0,170.0,1410.0,30.0,6.0,23.0,4.0,0.3085,0.5275000000000001,0.07729086,22.0
24406,Manhica,32.8716004694,-25.0717628407,215798.9915787454,45340.0,23.375,16956.666,72.0,2.0,62.0,162.0,1340.0,32.0,6.0,39.0,3.0,0.4413,0.6728000000000001,0.1439525,20.0
24547,Manhica,32.9657727894,-25.1656231837,215798.9915787454,45340.0,23.216667,16833.5,77.083336,2.2,65.0,175.0,1290.0,29.0,6.0,15.0,2.0,0.3129,0.5662,0.0937366,13.0
24965,Manhica,32.7546210771,-25.4267292635,215798.9915787454,45340.0,23.041666,16742.084,70.083336,2.6,62.0,168.0,1320.0,10.0,11.0,16.0,5.0,0.3372,0.5482,0.47061005,40.0
24966,Manhica,32.8534839824,-25.430914465500003,215798.9915787454,45340.0,23.041666,16763.916,72.416664,2.8,62.0,165.0,1340.0,34.0,4.0,50.0,2.0,0.4207,0.6606000000000001,0.11532176,8.0
25104,Manhica,32.6510517498,-25.5122274963,215798.9915787454,45340.0,22.866667,16559.916,68.333336,2.6,60.0,156.0,1360.0,8.0,11.0,13.0,5.0,0.3235,0.4852,0.56861615,55.0
8085,Mecuburi,38.7324192224,-14.625784319300001,784656.320010242,10629.0,23.966667,17499.334,90.666664,1.3,62.0,139.0,1410.0,11.0,11.0,6.0,5.0,0.317,0.5006,0.31416863,520.0
8504,Mecuburi,38.639116326199996,-14.8968962842,784656.320010242,10629.0,23.574999,17473.084,92.75,1.2,61.0,136.0,1400.0,12.0,9.0,9.0,5.0,0.2921,0.5497000000000001,0.76071376,584.0
8505,Mecuburi,38.7320873312,-14.8970238274,784656.320010242,10629.0,23.550001,17571.666,93.333336,1.3,60.0,113.0,1380.0,12.0,9.0,8.0,5.0,0.3457,0.5800000000000001,0.9738169,593.0
7390,Mecuburi,39.196308870900005,-14.173772834200001,784656.320010242,10629.0,25.275002,17584.0,86.916664,1.2,63.0,109.0,1370.0,23.0,6.0,11.0,5.0,0.29700000000000004,0.556,0.9993466,327.0
7525,Mecuburi,38.732851226,-14.264121843900002,784656.320010242,10629.0,25.099998,17414.584,86.083336,1.2,60.0,128.0,1370.0,23.0,6.0,16.0,4.0,0.3224,0.5812,0.37712878,355.0
7947,Mecuburi,38.9181662794,-14.5355080876,784656.320010242,10629.0,24.191666,17649.416,89.416664,1.2,63.0,140.0,1400.0,15.0,9.0,8.0,5.0,0.2998,0.4787,0.60996675,491.0
8226,Mecuburi,38.8252040641,-14.7162868849,784656.320010242,10629.0,24.199999,17631.75,90.25,1.2,62.0,156.0,1390.0,13.0,9.0,6.0,5.0,0.5053,0.7581,1.5563529,497.0
8368,Mecuburi,39.0109992589,-14.806766709100001,784656.320010242,10629.0,23.925001,17846.5,91.5,1.3,61.0,137.0,1390.0,14.0,9.0,9.0,5.0,0.334,0.5543,0.35517597,494.0
8506,Mecuburi,38.8250590924,-14.8971136554,784656.320010242,10629.0,23.583334,17656.0,94.25,1.2,59.0,104.0,1350.0,14.0,9.0,10.0,5.0,0.35850000000000004,0.5917,0.591829,576.0
8510,Mecuburi,39.196948451,-14.8970957994,784656.320010242,10629.0,24.191666,18231.916,89.916664,1.2,63.0,128.0,1440.0,14.0,9.0,9.0,5.0,0.3623,0.5355,0.08702259,423.0
18545,Govuro,34.8667673225,-21.353894899100002,378857.8285910845,3110.0,23.516668,17585.334,71.916664,2.3,61.0,163.0,1390.0,27.0,6.0,12.0,3.0,0.42210000000000003,0.7037,0.20245382,64.0
8238,Monapo,39.9399042936,-14.714446715,352331.2851569628,12845.0,24.483332,18263.166,80.416664,1.2,64.0,125.0,1440.0,19.0,9.0,10.0,5.0,0.3275,0.549,1.4825448,246.0
8378,Monapo,39.940292668699996,-14.8048486504,352331.2851569628,12845.0,24.5,18359.75,79.75,1.2,64.0,141.0,1420.0,17.0,9.0,12.0,5.0,0.32070000000000004,0.5779000000000001,1.1227127,208.0
8522,Monapo,40.3124959984,-14.8934221712,352331.2851569628,12845.0,25.491667,18614.416,77.25,1.5,63.0,125.0,1420.0,21.0,6.0,15.0,5.0,0.2518,0.4324,0.845251,61.0
10893,Moma,39.4794314347,-16.4335493406,548859.2575028415,6719.0,25.29167,18556.084,90.5,2.0,63.0,141.0,1420.0,19.0,9.0,15.0,5.0,0.39590000000000003,0.6224000000000001,0.5410203,91.0
10894,Moma,39.573097353099996,-16.433314441900002,548859.2575028415,6719.0,25.66667,18583.166,89.833336,2.0,63.0,136.0,1350.0,21.0,6.0,15.0,4.0,0.38220000000000004,0.6646000000000001,0.65088785,17.0
11169,Moma,39.104854080100004,-16.6148698632,548859.2575028415,6719.0,25.341667,18227.834,93.833336,2.1,63.0,146.0,1420.0,10.0,9.0,10.0,5.0,0.3264,0.5092,1.0629914,55.0
11173,Moma,39.4798776939,-16.6143422813,548859.2575028415,6719.0,25.283333,18506.75,92.333336,2.5,63.0,150.0,1380.0,19.0,9.0,14.0,5.0,0.2952,0.4544,0.5428943,111.0
11309,Moma,39.1049032941,-16.7052681864,548859.2575028415,6719.0,25.433334,18213.166,94.166664,2.2,62.0,139.0,1400.0,12.0,9.0,11.0,4.0,0.3034,0.5257000000000001,0.41879582,40.0
11312,Moma,39.3863044285,-16.7049340312,548859.2575028415,6719.0,25.591667,18706.5,87.166664,2.6,64.0,152.0,1420.0,17.0,9.0,14.0,4.0,0.23820000000000002,0.3784,3.7768025,58.0
8377,Muecate,39.8473709305,-14.805209057799999,391812.4099199256,824.0,24.525,18332.584,81.666664,1.2,63.0,125.0,1410.0,24.0,6.0,11.0,5.0,0.40690000000000004,0.6329,0.41884544,258.0
8094,Muecate,39.5681242839,-14.625245423800001,391812.4099199256,824.0,24.425001,18122.084,85.916664,1.1,61.0,131.0,1420.0,14.0,9.0,9.0,5.0,0.40090000000000003,0.6315000000000001,0.56446445,380.0
8376,Muecate,39.7544468046,-14.805532007,391812.4099199256,824.0,24.574999,18318.334,83.416664,1.2,62.0,129.0,1400.0,21.0,6.0,11.0,5.0,0.46540000000000004,0.7311000000000001,1.0346453,291.0
9921,Mongincual,40.2248070319,-15.797823745599999,415944.6303396385,3809.0,25.316666,19365.166,81.0,2.4,61.0,150.0,1420.0,18.0,9.0,16.0,5.0,0.32,0.5297000000000001,0.5312872,76.0
7758,Angonia,34.3772539919,-14.399787412,282167.6502335962,37275.0,17.9,17187.584,85.583336,2.0,60.0,141.0,1390.0,19.0,9.0,14.0,5.0,0.21100000000000002,0.38330000000000003,1.6069356,1517.0
7893,Angonia,33.9130722076,-14.480335952599999,282167.6502335962,37275.0,19.675001,17301.5,80.583336,1.3,60.0,111.0,1360.0,15.0,9.0,11.0,5.0,0.2672,0.5036,0.63858026,1242.0
7894,Angonia,34.0055080768,-14.482322586099999,282167.6502335962,37275.0,19.558332,17270.666,80.666664,1.3,62.0,142.0,1340.0,23.0,6.0,17.0,5.0,0.1971,0.4126,1.0243014,1285.0
7895,Angonia,34.0979578735,-14.4842731352,282167.6502335962,37275.0,19.275,17250.5,80.666664,1.4,59.0,133.0,1370.0,17.0,9.0,16.0,5.0,0.2414,0.49820000000000003,2.1539388,1312.0
7897,Angonia,34.28289823,-14.4880658817,282167.6502335962,37275.0,19.083332,17225.5,80.583336,2.0,60.0,125.0,1300.0,21.0,6.0,14.0,5.0,0.22690000000000002,0.44470000000000004,3.1124706,1351.0
7898,Angonia,34.3753882796,-14.489908030999999,282167.6502335962,37275.0,18.716667,17269.75,81.75,1.9,60.0,119.0,1330.0,24.0,6.0,15.0,5.0,0.19590000000000002,0.4076,0.19731678,1393.0
8034,Angonia,34.0034806729,-14.5723930874,282167.6502335962,37275.0,19.858335,17286.166,80.25,1.5,60.0,100.0,1370.0,16.0,9.0,11.0,5.0,0.2353,0.46040000000000003,1.2165445,1206.0
8035,Angonia,34.0959676269,-14.5743562854,282167.6502335962,37275.0,19.908333,17290.5,79.666664,1.6,60.0,129.0,1340.0,21.0,6.0,14.0,5.0,0.2399,0.4887,1.7393798,1225.0
8037,Angonia,34.2809823761,-14.5781736276,282167.6502335962,37275.0,19.616667,17298.75,79.333336,1.6,61.0,147.0,1360.0,20.0,6.0,13.0,5.0,0.2257,0.43620000000000003,0.75204325,1273.0
8038,Angonia,34.3735096602,-14.580027723299999,282167.6502335962,37275.0,19.158333,17294.166,81.25,1.7,61.0,102.0,1360.0,17.0,9.0,13.0,5.0,0.2233,0.4359,1.4232656,1362.0
8039,Angonia,34.466049876199996,-14.581845404000001,282167.6502335962,37275.0,19.066668,17321.25,82.75,1.6,59.0,124.0,1410.0,22.0,6.0,15.0,5.0,0.18180000000000002,0.3759,1.2371068,1375.0
8174,Angonia,34.0014393148,-14.662462618,282167.6502335962,37275.0,20.466665,17318.584,79.666664,1.6,60.0,122.0,1350.0,15.0,9.0,12.0,5.0,0.24730000000000002,0.4747,1.2093892,1087.0
8176,Angonia,34.1865017732,-14.666377754200001,282167.6502335962,37275.0,20.416666,17364.416,78.916664,1.5,62.0,90.0,1400.0,12.0,9.0,11.0,5.0,0.22,0.44260000000000005,1.7212105,1140.0
8179,Angonia,34.4641958403,-14.6719758852,282167.6502335962,37275.0,19.491667,17300.166,82.583336,1.4,59.0,104.0,1410.0,22.0,6.0,13.0,5.0,0.15230000000000002,0.328,0.8890263,1320.0
8315,Angonia,34.0919460102,-14.7545196974,282167.6502335962,37275.0,20.391666,17341.834,79.916664,1.5,58.0,116.0,1330.0,21.0,6.0,13.0,5.0,0.2649,0.4878,1.294778,1146.0
8317,Angonia,34.277111079499996,-14.758386288599999,282167.6502335962,37275.0,20.550001,17401.084,79.833336,1.2,63.0,107.0,1420.0,13.0,9.0,12.0,5.0,0.2371,0.44570000000000004,1.1713115,1109.0
8318,Angonia,34.3697136009,-14.7602643054,282167.6502335962,37275.0,20.116667,17367.416,81.0,1.3,60.0,120.0,1340.0,20.0,9.0,16.0,3.0,0.2159,0.4461,0.3193249,1186.0
8455,Angonia,34.0899145871,-14.8445999476,282167.6502335962,37275.0,20.675,17340.75,80.166664,1.3,58.0,146.0,1340.0,8.0,11.0,12.0,5.0,0.2831,0.5348,1.897776,1058.0
8457,Angonia,34.2751555857,-14.848491192400001,282167.6502335962,37275.0,20.966665,17344.416,80.75,1.3,59.0,130.0,1390.0,14.0,9.0,11.0,5.0,0.2849,0.4979,1.492994,1019.0
2495,Mueda,39.6516071871,-11.0081126246,1282102.5835015413,3108.0,25.133331,17756.5,90.583336,1.2,57.0,174.0,1390.0,24.0,6.0,30.0,3.0,0.4071,0.663,4.1723657,50.0
21200,Funhalouro,34.3295913258,-23.052221122,1352285.9645215438,776.0,24.375002,17545.334,54.0,1.5,63.0,173.0,1490.0,15.0,9.0,7.0,5.0,0.3225,0.5593,0.03864545,99.0
3897,Muidumbe,39.8373309811,-11.911940411,172491.9358886979,2167.0,24.074999,17556.084,92.166664,1.3,60.0,167.0,1410.0,28.0,6.0,34.0,5.0,0.45170000000000005,0.7223,6.003585,424.0
3760,Muidumbe,40.1124200516,-11.8205699256,172491.9358886979,2167.0,25.841667,17932.25,86.416664,1.5,64.0,164.0,1310.0,31.0,6.0,18.0,4.0,0.3175,0.5111,0.11049534,38.0
10848,Morrumbala,35.26714777,-16.400901972699998,1310771.4057852987,31034.0,25.408333,17100.166,75.0,1.3,62.0,136.0,1430.0,23.0,6.0,9.0,5.0,0.3919,0.6175,1.4228666,149.0
10989,Morrumbala,35.3589235893,-16.4927599863,1310771.4057852987,31034.0,25.266668,17049.25,78.75,1.2,61.0,109.0,1380.0,25.0,6.0,17.0,5.0,0.3039,0.5770000000000001,0.70599306,156.0
11127,Morrumbala,35.1701475816,-16.5796136785,1310771.4057852987,31034.0,25.533333,17250.416,64.833336,1.3,64.0,165.0,1390.0,32.0,6.0,20.0,2.0,0.3145,0.5810000000000001,0.0,46.0
11133,Morrumbala,35.7315165573,-16.5891976245,1310771.4057852987,31034.0,22.033333,16822.0,125.166664,1.3,56.0,146.0,1390.0,33.0,6.0,24.0,5.0,0.45270000000000005,0.7621,2.8402998,515.0
11134,Morrumbala,35.8251128513,-16.5906481851,1310771.4057852987,31034.0,21.266668,16784.916,140.25,1.3,56.0,139.0,1210.0,29.0,6.0,33.0,5.0,0.5078,0.8051,7.710951,829.0
11273,Morrumbala,35.7299857961,-16.6794483702,1310771.4057852987,31034.0,24.491667,16949.25,94.666664,1.2,60.0,140.0,1450.0,20.0,9.0,17.0,5.0,0.4676,0.7329,1.1135077,230.0
11409,Morrumbala,35.3538080939,-16.7634049393,1310771.4057852987,31034.0,25.733332,17021.334,73.083336,1.2,67.0,156.0,1450.0,28.0,6.0,14.0,3.0,0.3373,0.6023000000000001,0.17898467,48.0
11551,Morrumbala,35.539468520599996,-16.8568678484,1310771.4057852987,31034.0,25.183334,16874.916,79.083336,1.2,62.0,124.0,1370.0,23.0,6.0,18.0,5.0,0.3635,0.6174000000000001,0.5411831,133.0
11693,Morrumbala,35.725336351399996,-16.9501950522,1310771.4057852987,31034.0,23.933334,16818.75,89.25,1.3,60.0,117.0,1430.0,18.0,9.0,16.0,5.0,0.4182,0.6678000000000001,0.7282212,341.0
11831,Morrumbala,35.536161933,-17.0373279311,1310771.4057852987,31034.0,24.574999,16789.584,79.25,1.2,62.0,101.0,1390.0,20.0,9.0,15.0,5.0,0.33990000000000004,0.6312,0.6449124,223.0
11833,Morrumbala,35.7237674124,-17.0404420789,1310771.4057852987,31034.0,23.933334,16813.334,85.583336,1.2,62.0,99.0,1390.0,23.0,6.0,15.0,5.0,0.31010000000000004,0.5597,0.771313,359.0
11969,Morrumbala,35.3468386597,-17.1242514148,1310771.4057852987,31034.0,25.441666,16966.584,69.083336,1.2,64.0,135.0,1430.0,30.0,6.0,21.0,3.0,0.4156,0.6953,0.17927405,56.0
11975,Morrumbala,35.9099227933,-17.1336461294,1310771.4057852987,31034.0,24.25,16902.25,77.333336,1.2,62.0,149.0,1390.0,21.0,6.0,15.0,5.0,0.37110000000000004,0.6699,1.2554104,258.0
12111,Morrumbala,35.5328147696,-17.217784183699994,1310771.4057852987,31034.0,24.233335,16715.416,80.083336,1.4,60.0,106.0,1440.0,19.0,9.0,20.0,5.0,0.4038,0.6705,1.1852051,319.0
12112,Morrumbala,35.6267027873,-17.2193805623,1310771.4057852987,31034.0,23.541666,16782.084,84.333336,1.3,60.0,115.0,1410.0,20.0,6.0,15.0,5.0,0.4036,0.6656000000000001,0.7353371,386.0
12113,Morrumbala,35.720600720300006,-17.2209333034,1310771.4057852987,31034.0,23.599998,16762.5,82.75,1.2,61.0,119.0,1410.0,21.0,6.0,14.0,5.0,0.386,0.6718000000000001,1.6991897,373.0
12114,Morrumbala,35.814508294,-17.2224423868,1310771.4057852987,31034.0,23.875,16849.084,79.166664,1.2,60.0,127.0,1410.0,24.0,6.0,16.0,5.0,0.38020000000000004,0.6716000000000001,0.6655039,324.0
12251,Morrumbala,35.531125915,-17.3080108619,1310771.4057852987,31034.0,23.633333,16733.334,84.583336,1.4,58.0,98.0,1380.0,24.0,6.0,23.0,6.0,0.4202,0.7226,2.4738283,446.0
12252,Morrumbala,35.6250594506,-17.3096161169,1310771.4057852987,31034.0,23.58333,16755.834,82.5,1.3,61.0,126.0,1410.0,19.0,9.0,12.0,5.0,0.33890000000000003,0.5885,0.5596146,399.0
12253,Morrumbala,35.7190029239,-17.3111774919,1310771.4057852987,31034.0,23.650002,16813.584,81.0,1.3,60.0,129.0,1420.0,25.0,6.0,18.0,6.0,0.3997,0.6704,0.28789112,370.0
12255,Morrumbala,35.9069185831,-17.3141685217,1310771.4057852987,31034.0,24.33333,16944.334,73.166664,1.2,62.0,117.0,1470.0,22.0,6.0,18.0,5.0,0.4,0.6977,1.0440966,230.0
12389,Morrumbala,35.3414991739,-17.3948760048,1310771.4057852987,31034.0,25.849998,16924.334,69.416664,1.2,65.0,153.0,1420.0,24.0,6.0,15.0,3.0,0.4063,0.6675,0.52294946,47.0
12391,Morrumbala,35.5294268476,-17.3982365683,1310771.4057852987,31034.0,23.816668,16765.084,81.916664,1.3,59.0,120.0,1420.0,23.0,6.0,17.0,5.0,0.4062,0.6626000000000001,1.2890345,373.0
12392,Morrumbala,35.6234061761,-17.3998507081,1310771.4057852987,31034.0,23.566666,16773.166,82.333336,1.2,62.0,114.0,1430.0,22.0,6.0,15.0,5.0,0.3729,0.6048,0.25475425,379.0
12393,Morrumbala,35.7173954648,-17.4014207252,1310771.4057852987,31034.0,24.033333,16812.416,78.083336,1.2,60.0,133.0,1450.0,21.0,6.0,19.0,6.0,0.4349,0.6824,0.93324083,283.0
12394,Morrumbala,35.811394438200004,-17.4029465992,1310771.4057852987,31034.0,24.225,16874.666,75.416664,1.2,60.0,130.0,1490.0,18.0,9.0,21.0,5.0,0.44430000000000003,0.7172000000000001,1.0116669,262.0
12531,Morrumbala,35.5277175444,-17.4884612982,1310771.4057852987,31034.0,23.875,16780.334,81.833336,1.4,59.0,117.0,1470.0,21.0,6.0,19.0,5.0,0.3659,0.6592,0.9602521,320.0
12532,Morrumbala,35.6217429412,-17.4900843312,1310771.4057852987,31034.0,23.9,16805.416,80.833336,1.2,60.0,127.0,1420.0,21.0,6.0,17.0,5.0,0.3981,0.6787000000000001,0.5386825,313.0
12533,Morrumbala,35.715778321100004,-17.4916629986,1310771.4057852987,31034.0,24.124998,16835.916,78.5,1.2,61.0,119.0,1460.0,20.0,9.0,20.0,5.0,0.387,0.6563,1.0463401,281.0
12669,Morrumbala,35.3378856245,-17.5752874364,1310771.4057852987,31034.0,25.633333,16935.334,75.0,1.3,62.0,102.0,1430.0,20.0,6.0,23.0,5.0,0.4062,0.7104,0.95141965,60.0
12671,Morrumbala,35.525997981799996,-17.578685046900002,1310771.4057852987,31034.0,24.291666,16784.916,81.25,1.2,60.0,121.0,1440.0,19.0,9.0,19.0,5.0,0.3766,0.6301,0.82329726,268.0
12672,Morrumbala,35.6200697231,-17.5803169815,1310771.4057852987,31034.0,24.374998,16858.0,79.333336,1.3,62.0,109.0,1450.0,18.0,9.0,19.0,6.0,0.36920000000000003,0.6854,1.3646768,224.0
12814,Morrumbala,35.8066530344,-17.6736957665,1310771.4057852987,31034.0,25.016668,17015.5,76.916664,1.2,60.0,127.0,1440.0,17.0,9.0,16.0,5.0,0.3951,0.669,0.5659761,100.0
6956,Nipepe,37.9002872872,-13.9001170608,446004.1455625194,2924.0,24.483332,17058.584,84.833336,1.4,62.0,120.0,1360.0,22.0,6.0,12.0,5.0,0.3841,0.6145,0.36087775,439.0
7376,Nipepe,37.8989932459,-14.1713258516,446004.1455625194,2924.0,24.133333,17023.666,84.916664,1.4,59.0,137.0,1350.0,20.0,9.0,13.0,5.0,0.327,0.66,0.44158942,478.0
7384,Lalaua,38.640288256,-14.173583408199999,438632.9967463089,3195.0,25.258337,16983.416,87.666664,1.2,62.0,129.0,1410.0,16.0,9.0,10.0,5.0,0.3856,0.6545000000000001,0.21375301,341.0
9298,Moatize,34.3560171114,-15.391062323900002,870568.8573622673,10909.0,21.000002,17315.666,88.75,1.3,57.0,117.0,1400.0,17.0,9.0,7.0,5.0,0.31980000000000003,0.5700000000000001,0.6995735,977.0
9578,Moatize,34.3519857481,-15.5712815669,870568.8573622673,10909.0,22.058334,17344.75,85.166664,1.4,59.0,97.0,1390.0,22.0,6.0,15.0,5.0,0.3054,0.5875,1.1441195,777.0
9996,Moatize,34.1597017389,-15.8375185575,870568.8573622673,10909.0,25.083334,17372.75,71.416664,1.5,68.0,110.0,1440.0,16.0,9.0,8.0,4.0,0.26730000000000004,0.4279,0.30676413,370.0
10557,Moatize,34.244216428899996,-16.199946513,870568.8573622673,10909.0,25.441666,17708.166,62.916668,1.4,64.0,155.0,1370.0,22.0,6.0,15.0,3.0,0.2889,0.4657,0.43569416,279.0
8284,Zumbu,31.2301803432,-14.675899619900001,1175702.728166527,16766.0,21.250002,18168.084,85.0,2.0,61.0,136.0,1450.0,20.0,6.0,10.0,5.0,0.2411,0.3929,1.2781154,1078.0
8285,Zumbu,31.3222117216,-14.6789787152,1175702.728166527,16766.0,21.349998,18122.5,85.75,2.2,62.0,148.0,1450.0,21.0,6.0,10.0,5.0,0.1778,0.36250000000000004,0.222328,1031.0
8422,Zumbu,31.0429167198,-14.759173238499999,1175702.728166527,16766.0,21.225,18228.666,84.0,2.2,56.0,143.0,1350.0,24.0,6.0,14.0,5.0,0.333,0.5646,2.1968265,989.0
8424,Zumbu,31.2269881493,-14.765478768800001,1175702.728166527,16766.0,21.225,18188.25,85.166664,1.8,56.0,159.0,1360.0,24.0,6.0,15.0,3.0,0.2816,0.5365,0.7464145,1017.0
8425,Zumbu,31.3190564225,-14.7685774827,1175702.728166527,16766.0,21.441668,17919.166,87.5,2.2,60.0,127.0,1350.0,22.0,6.0,13.0,5.0,0.2267,0.4133,1.3154824,972.0
7735,Chifunde,32.2546063763,-14.3486498285,858150.6091957205,7379.0,22.975,17690.666,94.583336,2.1,61.0,150.0,1400.0,12.0,9.0,10.0,5.0,0.2187,0.4254,1.0621958,938.0
7876,Chifunde,32.3440391852,-14.441068398199999,858150.6091957205,7379.0,22.924997,17902.334,91.833336,2.0,61.0,137.0,1340.0,16.0,9.0,11.0,5.0,0.2374,0.4607,1.2464951,831.0
7326,Chifunde,33.275567812,-14.1055672595,858150.6091957205,7379.0,20.525,17472.666,81.416664,1.5,61.0,100.0,1430.0,10.0,11.0,9.0,5.0,0.2543,0.42960000000000004,1.2503376,1125.0
22188,Homoine,35.0898875567,-23.704192587399998,208861.3541778127,1105.0,23.108332,17650.584,73.833336,2.2,61.0,135.0,1340.0,8.0,11.0,9.0,5.0,0.36910000000000004,0.6357,0.801112,169.0
22328,Homoine,35.0871916918,-23.794307015500003,208861.3541778127,1105.0,23.266668,17664.084,73.166664,2.3,62.0,161.0,1370.0,7.0,11.0,9.0,5.0,0.30360000000000004,0.45,0.11449652,156.0
22329,Homoine,35.185130746599995,-23.796762837,208861.3541778127,1105.0,23.566666,17744.25,74.25,2.4,60.0,151.0,1310.0,9.0,11.0,9.0,6.0,0.35250000000000004,0.5939,1.2878479,43.0
22609,Homoine,35.1798340195,-23.977008542199997,208861.3541778127,1105.0,23.900002,17781.25,75.416664,2.4,61.0,153.0,1370.0,10.0,11.0,8.0,5.0,0.32270000000000004,0.5386000000000001,0.27380285,48.0
22749,Homoine,35.1771660029,-24.0671293925,208861.3541778127,1105.0,23.550001,17639.25,80.0,2.4,61.0,169.0,1350.0,10.0,11.0,8.0,5.0,0.3165,0.5524,0.08812119,76.0
11680,Tambara,34.5072639355,-16.9270046275,471133.3684082128,4743.0,25.625,17425.834,62.5,1.3,66.0,117.0,1410.0,24.0,6.0,13.0,3.0,0.2315,0.4338,0.42700702,164.0
7965,Nacala Velha,40.5886990702,-14.530137703900001,160659.2255147909,1224.0,25.391665,18526.666,70.75,2.3,64.0,126.0,1390.0,23.0,6.0,14.0,5.0,0.3068,0.5304,1.4368587,39.0
8479,Mecanhelas,36.3158538831,-14.881463509200001,544741.4026287217,10289.0,23.483335,16920.834,84.5,1.5,61.0,88.0,1400.0,22.0,6.0,14.0,4.0,0.2586,0.4625,1.0902929,608.0
8618,Mecanhelas,36.2218339514,-14.9706633869,544741.4026287217,10289.0,23.591665,16893.584,87.583336,1.3,58.0,146.0,1320.0,30.0,6.0,18.0,3.0,0.2501,0.42250000000000004,0.67163527,628.0
7633,Mecanhelas,35.7667520514,-14.332642805799999,544741.4026287217,10289.0,22.808334,17309.666,85.75,1.6,58.0,138.0,1350.0,28.0,6.0,13.0,3.0,0.2896,0.5099,0.579408,688.0
7772,Mecanhelas,35.6728333069,-14.4216262622,544741.4026287217,10289.0,22.658333,17276.584,86.0,1.7,59.0,122.0,1440.0,19.0,9.0,11.0,5.0,0.25730000000000003,0.462,0.5424896,736.0
8054,Mecanhelas,35.8555303651,-14.604726186199999,544741.4026287217,10289.0,23.166666,17241.084,82.5,1.4,59.0,112.0,1380.0,33.0,6.0,16.0,2.0,0.2642,0.4736,0.19557329,654.0
8616,Mecanhelas,36.0360616298,-14.968323843599999,544741.4026287217,10289.0,22.816668,16829.084,89.083336,1.6,57.0,142.0,1370.0,17.0,9.0,11.0,3.0,0.2629,0.4937,0.60133755,665.0
8617,Mecanhelas,36.1289437404,-14.9695124777,544741.4026287217,10289.0,23.266665,16904.916,88.0,1.4,61.0,159.0,1340.0,22.0,6.0,14.0,3.0,0.2808,0.5797,0.43255463,631.0
8755,Mecanhelas,35.9419027021,-15.0573802366,544741.4026287217,10289.0,22.924997,16956.75,89.666664,1.3,59.0,107.0,1350.0,21.0,6.0,11.0,3.0,0.2595,0.48850000000000005,0.46656764,665.0
8757,Mecanhelas,36.1277363893,-15.0598104473,544741.4026287217,10289.0,23.074999,16848.25,91.75,1.4,58.0,128.0,1330.0,20.0,6.0,12.0,5.0,0.3049,0.49820000000000003,1.1756701,674.0
8895,Mecanhelas,35.9406088845,-15.147662148499998,544741.4026287217,10289.0,23.016668,16890.834,92.416664,1.3,61.0,106.0,1410.0,19.0,9.0,10.0,3.0,0.2975,0.46880000000000005,0.7279641,653.0
8896,Mecanhelas,36.0335607058,-15.148903969100001,544741.4026287217,10289.0,22.583334,16739.334,95.583336,1.3,60.0,110.0,1370.0,28.0,6.0,15.0,6.0,0.3366,0.5947,2.6281807,793.0
9034,Mecanhelas,35.8463238345,-15.2366552548,544741.4026287217,10289.0,22.65,16959.25,91.75,1.4,60.0,108.0,1400.0,22.0,6.0,10.0,4.0,0.2185,0.42700000000000005,0.6512088,641.0
9035,Mecanhelas,35.9393064103,-15.2379432307,544741.4026287217,10289.0,23.016665,16891.666,94.916664,1.3,63.0,144.0,1380.0,31.0,6.0,19.0,3.0,0.2696,0.45330000000000004,0.46546182,665.0
9037,Mecanhelas,36.1252973214,-15.2404039439,544741.4026287217,10289.0,22.183334,16733.5,101.25,1.3,59.0,121.0,1270.0,24.0,6.0,18.0,5.0,0.3094,0.5138,1.6206795,747.0
9175,Mecanhelas,35.9379952623,-15.328223478699998,544741.4026287217,10289.0,22.849998,16834.166,98.75,1.2,61.0,85.0,1480.0,19.0,9.0,7.0,4.0,0.2242,0.41290000000000004,0.55169535,654.0
9176,Mecanhelas,36.0310262029,-15.3294808013,544741.4026287217,10289.0,22.516668,16797.334,101.25,1.3,58.0,86.0,1350.0,19.0,9.0,12.0,3.0,0.29910000000000003,0.4675,1.1225518,657.0
9177,Mecanhelas,36.1240655721,-15.3306994619,544741.4026287217,10289.0,22.283335,16635.084,106.083336,1.3,58.0,115.0,1300.0,24.0,6.0,14.0,4.0,0.28,0.48450000000000004,0.67234635,704.0
9178,Mecanhelas,36.2171131068,-15.3318794449,544741.4026287217,10289.0,22.558332,16719.666,106.083336,1.3,58.0,122.0,1310.0,22.0,6.0,12.0,3.0,0.30310000000000004,0.5853,0.46296456,700.0
9315,Mecanhelas,35.9366754227,-15.418502887799999,544741.4026287217,10289.0,22.591667,16878.584,102.25,1.3,59.0,103.0,1360.0,21.0,6.0,12.0,4.0,0.2807,0.5214,0.7040169,676.0
9317,Mecanhelas,36.1228256574,-15.420994153599999,544741.4026287217,10289.0,22.333334,16766.5,108.583336,1.4,58.0,137.0,1360.0,14.0,9.0,10.0,4.0,0.3017,0.5578000000000001,0.69554126,684.0
6648,Lichinga,35.3140382517,-13.6942624383,511588.9026245977,13527.0,20.425001,17872.25,92.25,2.0,57.0,174.0,1270.0,24.0,6.0,17.0,5.0,0.2541,0.4736,2.053032,1120.0
5947,Lichinga,35.228839139099996,-13.241736508199999,511588.9026245977,13527.0,19.258331,18100.166,90.666664,2.2,58.0,150.0,1300.0,27.0,6.0,14.0,5.0,0.2369,0.43370000000000003,1.4644107,1299.0
5948,Lichinga,35.3209490746,-13.2430822984,511588.9026245977,13527.0,19.491667,17925.25,95.666664,2.3,57.0,149.0,1290.0,28.0,6.0,13.0,5.0,0.2666,0.48650000000000004,1.386272,1213.0
5949,Lichinga,35.4130690901,-13.2443949833,511588.9026245977,13527.0,20.125,17863.084,100.166664,2.1,58.0,148.0,1280.0,29.0,6.0,18.0,5.0,0.2843,0.5141,1.337571,1200.0
5950,Lichinga,35.5051989348,-13.245674546300002,511588.9026245977,13527.0,20.141666,17744.916,103.166664,2.1,59.0,140.0,1300.0,31.0,6.0,21.0,5.0,0.366,0.6826,3.9165423,1220.0
6088,Lichinga,35.3195871418,-13.333319893199999,511588.9026245977,13527.0,19.366667,17898.75,93.833336,2.2,58.0,141.0,1340.0,23.0,6.0,11.0,5.0,0.46690000000000004,0.7485,0.4634022,1304.0
6089,Lichinga,35.411741078,-13.3346418404,511588.9026245977,13527.0,19.766665,17828.834,97.666664,2.1,58.0,134.0,1320.0,21.0,6.0,13.0,5.0,0.21430000000000002,0.37560000000000004,0.73181164,1262.0
6090,Lichinga,35.5039048608,-13.3359304321,511588.9026245977,13527.0,20.2,17705.25,102.666664,2.1,57.0,170.0,1290.0,31.0,6.0,14.0,5.0,0.29350000000000004,0.534,1.6922749,1127.0
6228,Lichinga,35.3182151111,-13.4235567097,511588.9026245977,13527.0,20.0,17870.834,95.833336,2.1,59.0,138.0,1300.0,31.0,6.0,14.0,5.0,0.29810000000000003,0.5109,1.1470336,1196.0
6229,Lichinga,35.4104032194,-13.424887925699997,511588.9026245977,13527.0,20.791668,17798.0,99.916664,2.1,58.0,113.0,1390.0,19.0,9.0,12.0,5.0,0.26030000000000003,0.46080000000000004,1.4279382,1055.0
6230,Lichinga,35.5026011917,-13.4261855525,511588.9026245977,13527.0,20.791668,17743.75,102.0,2.2,60.0,159.0,1320.0,29.0,6.0,16.0,5.0,0.2388,0.46950000000000003,1.233826,1067.0
8655,Meconta,39.6620726625,-14.986631572,406524.458071739,4742.0,24.341665,18507.416,85.333336,1.2,64.0,122.0,1450.0,15.0,9.0,8.0,5.0,0.3427,0.5706,1.3735836,278.0
15164,Manica,32.9345084607,-19.1356791559,427964.38141667185,13676.0,21.108334,18912.75,78.833336,1.7,61.0,142.0,1410.0,10.0,11.0,7.0,5.0,0.30060000000000003,0.5274,1.1063381,646.0
15165,Manica,33.029071754499995,-19.138785581,427964.38141667185,13676.0,21.383333,19130.416,77.916664,1.7,61.0,136.0,1280.0,22.0,6.0,12.0,4.0,0.0468,0.1545,0.6582162,626.0
14325,Manica,33.0482053514,-18.5994651423,427964.38141667185,13676.0,20.850002,18691.334,88.166664,1.6,58.0,157.0,1200.0,24.0,6.0,17.0,5.0,0.36560000000000004,0.6473,0.8034116,634.0
14606,Manica,33.136280714099996,-18.782240743499997,427964.38141667185,13676.0,21.225,18631.084,88.25,1.5,59.0,165.0,1230.0,17.0,9.0,14.0,5.0,0.3271,0.6061000000000001,0.83458817,652.0
14745,Manica,33.0387197191,-18.8691316024,427964.38141667185,13676.0,20.949999,18794.75,83.5,1.8,59.0,138.0,1340.0,19.0,9.0,8.0,5.0,0.33890000000000003,0.5848,1.3586805,702.0
14746,Manica,33.133150518200004,-18.8721435799,427964.38141667185,13676.0,20.525,18652.5,88.083336,1.6,57.0,157.0,1230.0,16.0,9.0,13.0,5.0,0.34450000000000003,0.6486000000000001,7.53633,802.0
14884,Manica,32.9410591684,-18.9559425854,427964.38141667185,13676.0,20.75,18697.166,81.916664,1.7,60.0,123.0,1400.0,15.0,9.0,6.0,5.0,0.2553,0.4433,1.1217691,729.0
14885,Manica,33.0355218268,-18.9590176577,427964.38141667185,13676.0,21.425001,18682.334,84.083336,1.6,60.0,112.0,1320.0,12.0,9.0,8.0,5.0,0.2974,0.5289,0.9120123,667.0
15026,Manica,33.1268368144,-19.0519451329,427964.38141667185,13676.0,21.191668,18740.5,85.416664,1.7,58.0,149.0,1370.0,19.0,9.0,15.0,5.0,0.3297,0.5612,0.7606515,634.0
9604,Namarroi,36.7726569796,-15.6091658945,207739.1840736474,1821.0,22.483332,16652.584,146.91667,1.3,55.0,150.0,1300.0,19.0,9.0,21.0,5.0,0.40230000000000005,0.6827000000000001,0.74759376,650.0
9884,Namarroi,36.7706931601,-15.789841624200001,207739.1840736474,1821.0,23.083334,16749.666,144.0,1.2,58.0,140.0,1320.0,17.0,9.0,17.0,5.0,0.36360000000000003,0.6086,1.1234491,603.0
9885,Namarroi,36.8639935718,-15.7907785664,207739.1840736474,1821.0,23.025002,16788.166,143.66667,1.2,58.0,160.0,1360.0,18.0,9.0,15.0,5.0,0.369,0.6114,1.5720811,563.0
10023,Namarroi,36.676366249000004,-15.8791954889,207739.1840736474,1821.0,22.508333,16731.584,149.83333,1.3,58.0,159.0,1320.0,15.0,9.0,14.0,5.0,0.4249,0.7562,3.0943396,700.0
10165,Namarroi,36.862087308,-15.97146233,207739.1840736474,1821.0,23.300001,16761.666,144.25,1.2,58.0,146.0,1350.0,22.0,6.0,17.0,5.0,0.3915,0.6544,1.1804894,533.0
10166,Namarroi,36.9554769653,-15.9723700802,207739.1840736474,1821.0,23.15,16788.334,141.75,1.3,57.0,152.0,1310.0,26.0,6.0,17.0,5.0,0.40280000000000005,0.6869000000000001,1.5087074,523.0
10167,Namarroi,37.0488724999,-15.9732373542,207739.1840736474,1821.0,23.400002,16883.75,133.66667,1.2,61.0,138.0,1330.0,19.0,9.0,12.0,5.0,0.3443,0.5333,0.7291894,475.0
10307,Namarroi,37.0479940983,-16.0635885828,207739.1840736474,1821.0,23.324999,16902.666,135.58333,1.2,60.0,163.0,1280.0,20.0,9.0,13.0,5.0,0.34490000000000004,0.5985,1.5699718,495.0
9053,Alto Molocue,37.6142213018,-15.254545493699998,743920.1540861216,12835.0,22.574999,16775.75,100.333336,1.2,58.0,135.0,1320.0,18.0,9.0,14.0,5.0,0.3629,0.6081,0.7791745,667.0
9193,Alto Molocue,37.6136267587,-15.344928774100001,743920.1540861216,12835.0,22.366669,16815.666,104.333336,1.2,56.0,153.0,1360.0,17.0,9.0,14.0,5.0,0.3845,0.6374000000000001,0.08014751,731.0
9194,Alto Molocue,37.7067690759,-15.3454881955,743920.1540861216,12835.0,22.416666,16817.416,102.75,1.2,56.0,151.0,1310.0,21.0,6.0,16.0,5.0,0.3776,0.6474000000000001,1.1038648,712.0
9334,Alto Molocue,37.7062107709,-15.435874175699999,743920.1540861216,12835.0,22.441666,16784.5,105.916664,1.2,58.0,99.0,1300.0,28.0,6.0,21.0,5.0,0.399,0.6542,3.118522,695.0
9051,Alto Molocue,37.4280285662,-15.2533176983,743920.1540861216,12835.0,22.025,16732.666,108.916664,1.3,56.0,160.0,1300.0,21.0,6.0,15.0,5.0,0.34090000000000004,0.5877,1.2268802,799.0
9052,Alto Molocue,37.5211228348,-15.2539509024,743920.1540861216,12835.0,22.308334,16740.666,103.833336,1.3,56.0,110.0,1320.0,22.0,6.0,16.0,5.0,0.3594,0.5976,1.5842148,743.0
9190,Alto Molocue,37.3342245195,-15.3430173803,743920.1540861216,12835.0,20.225,16859.416,122.666664,1.3,58.0,114.0,1280.0,27.0,6.0,30.0,6.0,0.3688,0.5956,9.957832,858.0
9191,Alto Molocue,37.427354216,-15.3436933586,743920.1540861216,12835.0,22.108335,16792.916,112.333336,1.3,59.0,142.0,1320.0,19.0,9.0,13.0,5.0,0.3126,0.5069,0.88911426,762.0
9192,Alto Molocue,37.5204883839,-15.3443304926,743920.1540861216,12835.0,22.133333,16821.25,108.333336,1.3,57.0,134.0,1330.0,21.0,6.0,17.0,5.0,0.3153,0.5153,0.4730107,762.0
9331,Alto Molocue,37.4266753944,-15.434068258900002,743920.1540861216,12835.0,21.941668,16812.334,118.083336,1.3,57.0,159.0,1350.0,18.0,9.0,14.0,5.0,0.32120000000000004,0.5372,1.3650508,805.0
9332,Alto Molocue,37.5198497262,-15.434709325999998,743920.1540861216,12835.0,22.324999,16852.334,110.75,1.3,59.0,162.0,1370.0,20.0,9.0,13.0,5.0,0.3689,0.5953,0.5960157,699.0
9472,Alto Molocue,37.5192068529,-15.525087398599998,743920.1540861216,12835.0,22.491667,16837.666,112.916664,1.2,57.0,165.0,1350.0,23.0,6.0,17.0,5.0,0.3748,0.6184000000000001,0.7770133,683.0
9475,Alto Molocue,37.7988754166,-15.5267863848,743920.1540861216,12835.0,23.191666,16868.584,102.0,1.2,58.0,121.0,1390.0,19.0,9.0,15.0,5.0,0.42850000000000005,0.6970000000000001,1.3883555,523.0
9614,Alto Molocue,37.7050830979,-15.6166438674,743920.1540861216,12835.0,22.866667,16832.666,106.75,1.2,60.0,136.0,1370.0,19.0,9.0,11.0,5.0,0.29150000000000004,0.4772,0.31455094,560.0
9615,Alto Molocue,37.7983504527,-15.617174070099999,743920.1540861216,12835.0,23.483332,16910.25,102.583336,1.2,59.0,121.0,1370.0,20.0,6.0,14.0,5.0,0.41950000000000004,0.6764,1.155223,487.0
9752,Alto Molocue,37.5179084254,-15.7058412451,743920.1540861216,12835.0,22.941666,16793.334,116.75,1.3,58.0,161.0,1370.0,19.0,9.0,15.0,5.0,0.3764,0.6009,0.7739039,594.0
9753,Alto Molocue,37.6112090827,-15.706454318499999,743920.1540861216,12835.0,23.125,16846.584,110.75,1.2,59.0,143.0,1370.0,20.0,6.0,13.0,5.0,0.3373,0.5024000000000001,1.3535556,555.0
9891,Alto Molocue,37.4239152108,-15.795560178199999,743920.1540861216,12835.0,22.533335,16826.75,126.75,1.2,58.0,137.0,1290.0,28.0,6.0,37.0,5.0,0.4138,0.7010000000000001,3.18266,627.0
9893,Alto Molocue,37.6105947471,-15.796833790099999,743920.1540861216,12835.0,23.133331,16903.334,113.75,1.2,60.0,124.0,1360.0,20.0,6.0,12.0,5.0,0.319,0.5008,0.7386035,534.0
10031,Alto Molocue,37.4232138941,-15.8859312173,743920.1540861216,12835.0,23.0,16876.584,125.166664,1.2,55.0,150.0,1320.0,28.0,6.0,22.0,5.0,0.4292,0.7178,2.3974671,603.0
10172,Alto Molocue,37.5159289502,-15.9769662077,743920.1540861216,12835.0,23.574999,17012.0,117.5,1.2,61.0,133.0,1350.0,17.0,9.0,13.0,5.0,0.342,0.5559000000000001,1.1766907,440.0
9293,Chiuta,33.8917841081,-15.3808672898,632596.939288556,8992.0,23.141668,17705.084,72.0,1.4,60.0,128.0,1390.0,24.0,6.0,19.0,5.0,0.31770000000000004,0.5699000000000001,0.9411604,630.0
9708,Chiuta,33.4206474236,-15.6396461473,632596.939288556,8992.0,25.433334,17750.834,66.25,1.8,63.0,117.0,1430.0,14.0,9.0,7.0,5.0,0.2619,0.47700000000000004,0.4481437,434.0
9712,Chiuta,33.792192886,-15.648812768099999,632596.939288556,8992.0,25.883333,18053.666,62.916668,1.3,63.0,86.0,1390.0,16.0,9.0,8.0,5.0,0.28550000000000003,0.5488000000000001,0.33681136,305.0
9847,Chiuta,33.325306325999996,-15.7272183448,632596.939288556,8992.0,25.541664,18320.084,59.666668,1.3,62.0,92.0,1490.0,11.0,11.0,5.0,5.0,0.2442,0.4586,0.31175643,408.0
15875,Buzi,33.9617908167,-19.617308764300002,733076.8359571175,6781.0,24.241667,17870.334,81.333336,1.5,64.0,137.0,1370.0,24.0,6.0,17.0,4.0,0.35800000000000004,0.6745,0.61914027,151.0
16297,Buzi,34.1436307156,-19.8926696002,733076.8359571175,6781.0,24.29167,17658.916,81.5,1.6,61.0,168.0,1370.0,24.0,6.0,19.0,5.0,0.3922,0.7269,0.930404,67.0
16298,Buzi,34.238826365,-19.8952474711,733076.8359571175,6781.0,24.633333,17634.084,81.333336,1.6,67.0,145.0,1400.0,25.0,6.0,11.0,3.0,0.373,0.6529,0.62054724,22.0
16300,Buzi,34.429261686,-19.9002513457,733076.8359571175,6781.0,24.708334,17577.584,86.416664,1.9,67.0,152.0,1390.0,25.0,6.0,12.0,3.0,0.2069,0.3448,0.12921053,13.0
16302,Buzi,34.619753756,-19.9050525127,733076.8359571175,6781.0,24.625,17754.416,93.75,2.5,62.0,151.0,1360.0,32.0,6.0,30.0,1.0,0.3531,0.5942000000000001,0.11283355,5.0
16437,Buzi,34.1408712291,-19.982710809500002,733076.8359571175,6781.0,24.441671,17848.25,76.75,1.7,62.0,174.0,1460.0,23.0,6.0,19.0,4.0,0.3754,0.5897,0.47205567,44.0
16439,Buzi,34.3313845128,-19.9878409604,733076.8359571175,6781.0,24.191668,17587.166,84.583336,1.8,60.0,157.0,1440.0,20.0,9.0,20.0,5.0,0.39480000000000004,0.7526,0.3696285,84.0
16862,Buzi,34.6097070952,-20.2654528093,733076.8359571175,6781.0,24.358332,17729.666,85.583336,2.7,63.0,158.0,1410.0,21.0,6.0,13.0,3.0,0.39080000000000004,0.6402,0.2589709,15.0
9889,Ile,37.237253745,-15.7941263864,594235.2202426097,11199.0,23.008333,16816.084,132.58333,1.2,58.0,156.0,1280.0,23.0,6.0,14.0,5.0,0.4072,0.6481,1.1461776,551.0
10029,Ile,37.2364694682,-15.884488803699998,594235.2202426097,11199.0,23.366667,16877.084,129.0,1.2,59.0,130.0,1290.0,29.0,6.0,21.0,5.0,0.3985,0.6065,2.1632502,467.0
10169,Ile,37.2356801289,-15.9748504292,594235.2202426097,11199.0,23.475,16956.166,127.666664,1.2,60.0,133.0,1310.0,18.0,9.0,14.0,5.0,0.3945,0.6289,2.1572092,498.0
10309,Ile,37.2348857165,-16.0652112589,594235.2202426097,11199.0,23.691666,16954.75,126.666664,1.1,61.0,130.0,1360.0,19.0,9.0,12.0,5.0,0.3523,0.5389,1.6714895,435.0
10310,Ile,37.328339285700004,-16.0659614781,594235.2202426097,11199.0,23.908333,16968.666,123.083336,1.1,61.0,148.0,1320.0,20.0,6.0,15.0,5.0,0.41400000000000003,0.6665,0.2961996,398.0
10311,Ile,37.42179767,-16.066670938399998,594235.2202426097,11199.0,23.674997,17011.084,121.75,1.1,57.0,141.0,1330.0,30.0,6.0,24.0,5.0,0.38630000000000003,0.6463,1.2526958,468.0
10312,Ile,37.5152606005,-16.0673396306,594235.2202426097,11199.0,23.35,17042.166,120.333336,1.2,58.0,162.0,1360.0,28.0,6.0,15.0,5.0,0.35660000000000003,0.5247,0.76023257,477.0
10449,Ile,37.2340862202,-16.1555712885,594235.2202426097,11199.0,23.983335,17030.916,125.0,1.1,61.0,138.0,1370.0,14.0,9.0,15.0,5.0,0.3981,0.6143000000000001,0.4791863,421.0
10451,Ile,37.4210827433,-16.1570396123,594235.2202426097,11199.0,24.150002,17076.334,118.666664,1.1,62.0,151.0,1400.0,14.0,9.0,15.0,5.0,0.35400000000000004,0.5993,0.77138036,348.0
9608,Ile,37.1455659932,-15.612631584,594235.2202426097,11199.0,22.550001,16792.416,140.58333,1.3,58.0,154.0,1350.0,24.0,6.0,16.0,5.0,0.3654,0.5903,0.95814085,662.0
9888,Ile,37.1439304564,-15.793349445699999,594235.2202426097,11199.0,23.108335,16832.834,135.25,1.2,57.0,171.0,1360.0,23.0,6.0,16.0,5.0,0.4143,0.6318,0.8385267,563.0
10028,Ile,37.1431047151,-15.8837071911,594235.2202426097,11199.0,23.383333,16912.416,130.5,1.2,62.0,131.0,1350.0,20.0,9.0,13.0,5.0,0.3658,0.5569000000000001,0.44596887,499.0
10168,Ile,37.1422736438,-15.9740641407,594235.2202426097,11199.0,23.358332,16955.166,129.08333,1.1,62.0,123.0,1370.0,22.0,6.0,15.0,5.0,0.3322,0.5183,0.9769351,483.0
10308,Ile,37.1414372311,-16.0644202904,594235.2202426097,11199.0,23.491669,17005.25,128.33333,1.1,61.0,143.0,1330.0,17.0,9.0,13.0,5.0,0.3511,0.5695,1.2830216,425.0
10448,Ile,37.1405954659,-16.154775636,594235.2202426097,11199.0,23.866667,16974.084,128.25,1.1,62.0,123.0,1420.0,18.0,9.0,11.0,5.0,0.32080000000000003,0.48310000000000003,1.136974,381.0
10593,Ile,37.607463154899996,-16.248719461300002,594235.2202426097,11199.0,24.25,17245.75,113.833336,1.1,62.0,134.0,1380.0,17.0,9.0,15.0,5.0,0.38170000000000004,0.6217,0.78877467,324.0
10594,Ile,37.7010192752,-16.249313549100002,594235.2202426097,11199.0,24.08333,17285.584,112.333336,1.2,63.0,135.0,1420.0,9.0,11.0,11.0,5.0,0.3473,0.5876,0.6235214,324.0
10730,Ile,37.3260531496,-16.3370524909,594235.2202426097,11199.0,23.841667,17165.0,121.416664,1.1,62.0,144.0,1390.0,18.0,9.0,14.0,5.0,0.37420000000000003,0.5992000000000001,1.1836184,379.0
10732,Ile,37.5132298511,-16.3384551492,594235.2202426097,11199.0,24.583334,17259.916,114.333336,1.1,60.0,142.0,1440.0,13.0,9.0,19.0,4.0,0.4194,0.7240000000000001,0.9836884,258.0
10733,Ile,37.6068247944,-16.3390942302,594235.2202426097,11199.0,24.241667,17320.666,113.166664,1.1,63.0,134.0,1420.0,8.0,11.0,11.0,5.0,0.3347,0.5542,0.4496832,274.0
10734,Ile,37.7004237718,-16.339691801300006,594235.2202426097,11199.0,24.383333,17353.166,111.583336,1.2,62.0,127.0,1400.0,13.0,9.0,12.0,5.0,0.35850000000000004,0.5912000000000001,0.7805668,258.0
10870,Ile,37.325281426,-16.4274145508,594235.2202426097,11199.0,23.900002,17188.416,121.666664,1.1,58.0,151.0,1370.0,15.0,9.0,17.0,5.0,0.40750000000000003,0.6813,1.4667692,364.0
10872,Ile,37.512544337399994,-16.428825392100002,594235.2202426097,11199.0,24.441668,17332.75,113.916664,1.2,63.0,148.0,1440.0,8.0,11.0,10.0,5.0,0.3945,0.6501,0.5322593,246.0
11012,Ile,37.5118545095,-16.51919483,594235.2202426097,11199.0,24.174997,17364.084,116.333336,1.1,59.0,129.0,1400.0,16.0,9.0,15.0,5.0,0.4222,0.6546000000000001,1.3462543,326.0
11013,Ile,37.6055359624,-16.5198413711,594235.2202426097,11199.0,24.550001,17421.0,112.416664,1.2,62.0,116.0,1400.0,13.0,9.0,14.0,5.0,0.4078,0.6421,0.8543511,225.0
12807,Caia,35.147900524099995,-17.6618963428,323665.3093705834,11115.0,25.866667,16943.25,75.333336,1.3,64.0,150.0,1360.0,32.0,6.0,13.0,3.0,0.3245,0.5394,0.040559,35.0
12525,Caia,34.9637902639,-17.4777926401,323665.3093705834,11115.0,25.691668,16927.5,69.416664,1.3,65.0,120.0,1380.0,25.0,6.0,13.0,4.0,0.26330000000000003,0.4605,0.48574632,108.0
12666,Caia,35.055799049099996,-17.5698570025,323665.3093705834,11115.0,25.975,16872.916,72.416664,1.4,64.0,128.0,1390.0,24.0,6.0,12.0,4.0,0.3583,0.599,0.28374293,45.0
12949,Caia,35.334228730700005,-17.755694853399998,323665.3093705834,11115.0,25.566666,17210.834,77.5,1.4,61.0,175.0,1410.0,28.0,6.0,21.0,3.0,0.4081,0.6586000000000001,0.08989128,33.0
13088,Caia,35.2382034282,-17.8441024661,323665.3093705834,11115.0,25.800001,16955.25,82.75,1.2,64.0,144.0,1340.0,33.0,6.0,15.0,3.0,0.3643,0.5922000000000001,0.04059831,29.0
13089,Caia,35.332383967,-17.8458970444,323665.3093705834,11115.0,25.583334,16960.084,83.75,1.2,61.0,138.0,1420.0,13.0,9.0,11.0,4.0,0.41000000000000003,0.6516000000000001,0.11593621,28.0
17402,Mossurize,32.6886529705,-20.5664867589,442553.6599295081,3491.0,21.258333,18422.834,69.333336,1.7,59.0,140.0,1240.0,32.0,6.0,18.0,5.0,0.3947,0.6461,3.4216828,675.0
17403,Mossurize,32.7840237167,-20.5699504641,442553.6599295081,3491.0,21.633333,18342.75,67.75,1.7,56.0,153.0,1240.0,38.0,3.0,19.0,6.0,0.46490000000000004,0.7141000000000001,1.5416075,612.0
17542,Mossurize,32.684937701799996,-20.6562965177,442553.6599295081,3491.0,21.725,18459.334,62.75,1.8,58.0,122.0,1220.0,36.0,3.0,19.0,5.0,0.4147,0.7123,2.3531923,538.0
17683,Mossurize,32.776684107600005,-20.7496013617,442553.6599295081,3491.0,23.275,18353.166,53.833332,1.6,64.0,162.0,1270.0,41.0,1.0,16.0,4.0,0.2233,0.4771,0.54259604,306.0
17821,Mossurize,32.581930109,-20.8323454379,442553.6599295081,3491.0,23.091667,18550.5,49.333332,1.6,64.0,133.0,1420.0,38.0,4.0,14.0,4.0,0.3327,0.6063000000000001,0.4710504,336.0
3987,Sanga,35.2473041341,-11.9784635671,1200616.8164891605,8527.0,23.725,17460.166,109.333336,1.5,62.0,101.0,1340.0,28.0,6.0,14.0,4.0,0.31670000000000004,0.612,0.7736538,658.0
5668,Sanga,35.3236427176,-13.0626047941,1200616.8164891605,8527.0,20.666666,17893.0,103.166664,2.2,60.0,127.0,1300.0,26.0,6.0,11.0,5.0,0.25620000000000004,0.5239,1.5357697,1081.0
5808,Sanga,35.3223009273,-13.1528439304,1200616.8164891605,8527.0,19.858335,17900.25,99.0,2.1,59.0,145.0,1280.0,27.0,6.0,14.0,5.0,0.248,0.465,4.453598,1181.0
4829,Sanga,35.4233407634,-12.522392948199997,1200616.8164891605,8527.0,21.458334,17610.25,110.333336,1.8,59.0,155.0,1280.0,34.0,6.0,14.0,4.0,0.24750000000000003,0.49560000000000004,0.4889906,921.0
5529,Sanga,35.4169942197,-12.973649831900001,1200616.8164891605,8527.0,21.15,17819.916,106.5,2.1,58.0,146.0,1260.0,33.0,6.0,17.0,4.0,0.22310000000000002,0.4243,1.2442702,1028.0
15313,Gondola,33.783363696,-19.2518982961,593530.750716661,22294.0,23.79167,18128.916,82.416664,1.4,62.0,120.0,1400.0,12.0,9.0,13.0,6.0,0.38980000000000004,0.7174,1.4441497,238.0
15314,Gondola,33.87813145,-19.254583317,593530.750716661,22294.0,23.966667,18037.5,85.083336,1.5,62.0,118.0,1360.0,15.0,9.0,13.0,6.0,0.3685,0.6361,1.8920152,236.0
14609,Gondola,33.4195292882,-18.7909469027,593530.750716661,22294.0,22.458336,18430.916,91.916664,1.5,57.0,110.0,1280.0,20.0,9.0,18.0,6.0,0.29560000000000003,0.5675,1.318857,509.0
22611,Jangamo,35.3760214314,-23.9817745256,155180.3025049308,4385.0,23.499998,17513.75,84.833336,3.2,61.0,157.0,1390.0,10.0,9.0,10.0,5.0,0.2589,0.37370000000000003,0.3339876,23.0
8905,Gurue,36.8704733913,-15.1583602623,560340.6082065259,14217.0,22.258333,16911.75,101.583336,1.3,59.0,135.0,1350.0,20.0,9.0,11.0,5.0,0.28850000000000003,0.5288,1.3071936,797.0
8906,Gurue,36.963497355,-15.1592195935,560340.6082065259,14217.0,22.316668,16807.334,107.25,1.3,58.0,145.0,1300.0,23.0,6.0,23.0,5.0,0.3714,0.6171,4.6899924,802.0
8908,Gurue,37.149562328,-15.1608232925,560340.6082065259,14217.0,22.300001,16821.416,108.0,1.3,55.0,108.0,1360.0,20.0,6.0,22.0,5.0,0.32320000000000004,0.5236000000000001,2.78847,761.0
8903,Gurue,36.6844438244,-15.1565266917,560340.6082065259,14217.0,22.891665,16830.416,94.5,1.3,60.0,110.0,1340.0,18.0,9.0,14.0,5.0,0.3246,0.5019,0.838121,645.0
9044,Gurue,36.7765084058,-15.2478048552,560340.6082065259,14217.0,22.483332,16948.166,105.166664,1.3,59.0,124.0,1390.0,17.0,9.0,13.0,4.0,0.27940000000000004,0.5451,0.5714939,745.0
9467,Gurue,37.0531806017,-15.5214692311,560340.6082065259,14217.0,22.566666,16774.666,145.16667,1.3,58.0,149.0,1280.0,23.0,6.0,14.0,5.0,0.3501,0.5228,1.6442908,647.0
9606,Gurue,36.9590998295,-15.6109777686,560340.6082065259,14217.0,22.666666,16759.834,147.58333,1.3,58.0,118.0,1280.0,18.0,9.0,13.0,5.0,0.3542,0.5586,1.5450767,618.0
9607,Gurue,37.0523301299,-15.611824439200001,560340.6082065259,14217.0,22.574999,16788.334,145.83333,1.3,59.0,104.0,1300.0,16.0,9.0,13.0,5.0,0.39030000000000004,0.6331,0.49072286,633.0
10026,Gurue,36.956391466599996,-15.8820232048,560340.6082065259,14217.0,23.41667,16821.166,138.83333,1.2,59.0,135.0,1290.0,25.0,6.0,15.0,5.0,0.38180000000000003,0.6343,4.3689947,560.0
10027,Gurue,37.0497452921,-15.882885321300002,560340.6082065259,14217.0,23.575003,16844.084,134.16667,1.2,61.0,124.0,1360.0,20.0,6.0,13.0,5.0,0.3526,0.53,1.9683334,485.0
9469,Gurue,37.2395763057,-15.5230344247,560340.6082065259,14217.0,22.358332,16802.166,131.58333,1.3,58.0,154.0,1340.0,22.0,6.0,14.0,5.0,0.3663,0.6039,0.86266804,691.0
9048,Gurue,37.1487735901,-15.2511864927,560340.6082065259,14217.0,20.175001,16702.834,122.25,1.3,59.0,124.0,1230.0,21.0,6.0,19.0,5.0,0.3461,0.6483,5.496448,1139.0
9188,Gurue,37.1479795984,-15.341548926199998,560340.6082065259,14217.0,19.941668,16645.916,130.0,1.4,58.0,142.0,1200.0,25.0,6.0,27.0,5.0,0.38130000000000003,0.6486000000000001,6.270228,1048.0
9324,Gurue,36.7745953602,-15.4284869601,560340.6082065259,14217.0,21.041666,16679.584,135.91667,1.3,54.0,122.0,1260.0,23.0,6.0,27.0,6.0,0.38770000000000004,0.6225,9.322251,907.0
9325,Gurue,36.8677327665,-15.429401414500001,560340.6082065259,14217.0,22.258333,16697.5,143.33333,1.3,56.0,109.0,1320.0,22.0,6.0,17.0,5.0,0.3478,0.6042000000000001,0.90743005,730.0
9468,Gurue,37.1463758107,-15.522271475999998,560340.6082065259,14217.0,22.541666,16793.584,138.5,1.3,61.0,152.0,1400.0,16.0,9.0,11.0,5.0,0.32270000000000004,0.5133,0.447918,661.0
9335,Gile,37.7993969536,-15.4363979433,862713.180336508,13043.0,23.050001,16824.166,101.0,1.2,57.0,105.0,1410.0,19.0,9.0,18.0,5.0,0.377,0.6581,1.6595192,595.0
10181,Gile,38.3568768962,-15.9811238771,862713.180336508,13043.0,23.900002,17472.166,104.083336,1.2,61.0,132.0,1390.0,15.0,9.0,12.0,5.0,0.38470000000000004,0.6548,1.1042348,371.0
10739,Gile,38.1684696899,-16.342056755399998,862713.180336508,13043.0,24.375002,17558.834,107.5,1.2,58.0,136.0,1430.0,14.0,9.0,15.0,5.0,0.3931,0.6735,0.98258066,273.0
12787,Macossa,33.269154728800004,-17.6161358452,1059524.6577630776,2103.0,21.241667,18292.166,83.0,1.5,60.0,122.0,1330.0,27.0,6.0,16.0,5.0,0.3885,0.6718000000000001,0.7091672,726.0
12928,Macossa,33.3601386635,-17.708795171,1059524.6577630776,2103.0,21.433332,18198.416,89.416664,1.5,58.0,143.0,1360.0,30.0,6.0,19.0,5.0,0.3786,0.631,1.0888135,656.0
4838,Mavago,36.2504661153,-12.5321339206,1031280.5595792476,10966.0,23.0,17128.75,107.916664,1.5,58.0,153.0,1300.0,26.0,6.0,14.0,5.0,0.31220000000000003,0.6034,1.8862627,802.0
4978,Mavago,36.2495042763,-12.6224592033,1031280.5595792476,10966.0,22.449999,17167.0,108.0,1.6,59.0,159.0,1300.0,28.0,6.0,12.0,5.0,0.2904,0.5707,2.18849,796.0
12813,Mopeia,35.7125148909,-17.672144647,768905.9889421862,7332.0,24.758331,16936.25,79.083336,1.3,62.0,151.0,1400.0,23.0,6.0,17.0,5.0,0.37170000000000003,0.6301,0.7515357,168.0
12950,Mopeia,35.428373053099996,-17.7574347438,768905.9889421862,7332.0,25.258331,16971.334,81.166664,1.2,63.0,127.0,1380.0,21.0,6.0,16.0,5.0,0.3816,0.6362,0.6619375,88.0
12951,Mopeia,35.522527984,-17.7591295817,768905.9889421862,7332.0,24.966667,16904.084,82.416664,1.2,62.0,105.0,1420.0,21.0,6.0,22.0,5.0,0.3991,0.6673,0.6196332,156.0
12952,Mopeia,35.6166932455,-17.7607793452,768905.9889421862,7332.0,25.125,16991.584,79.75,1.2,61.0,127.0,1450.0,19.0,9.0,18.0,5.0,0.4298,0.7331000000000001,0.7519469,117.0
14047,Barue,33.2428276325,-18.4255047081,461966.7463129248,11535.0,21.816666,18485.084,96.5,1.6,59.0,156.0,1250.0,24.0,6.0,12.0,5.0,0.3544,0.5937,0.9495037,581.0
13067,Barue,33.2634236059,-17.7960046107,461966.7463129248,11535.0,21.625,18364.75,92.666664,1.5,59.0,154.0,1340.0,22.0,6.0,13.0,5.0,0.3441,0.6218,1.1285774,649.0
13207,Barue,33.2605325903,-17.885937080399998,461966.7463129248,11535.0,21.683334,18378.0,98.083336,1.6,58.0,143.0,1280.0,29.0,6.0,15.0,5.0,0.3889,0.6603,0.92288506,622.0
13347,Barue,33.2576245528,-17.9758682662,461966.7463129248,11535.0,21.800001,18445.834,101.833336,1.6,57.0,134.0,1290.0,28.0,6.0,17.0,5.0,0.3501,0.681,1.5228566,586.0
13487,Barue,33.2546994534,-18.065798161500002,461966.7463129248,11535.0,22.1,18437.75,102.166664,1.5,57.0,157.0,1320.0,25.0,6.0,17.0,5.0,0.3672,0.6379,0.63261646,544.0
13627,Barue,33.2517572522,-18.1557267599,461966.7463129248,11535.0,21.975,18428.25,102.333336,1.5,57.0,135.0,1300.0,26.0,6.0,17.0,5.0,0.3039,0.5572,0.30840275,581.0
13767,Barue,33.2487979088,-18.2456540548,461966.7463129248,11535.0,21.824999,18433.25,101.416664,1.6,56.0,138.0,1180.0,29.0,6.0,22.0,5.0,0.3531,0.6096,3.7067912,602.0
13907,Barue,33.2458213826,-18.3355800397,461966.7463129248,11535.0,21.791666,18430.0,99.5,1.6,58.0,163.0,1250.0,22.0,6.0,12.0,5.0,0.3758,0.6045,0.810535,590.0
13345,Barue,33.0697137825,-17.970195879600002,461966.7463129248,11535.0,16.508333,18318.75,89.25,1.6,58.0,131.0,1230.0,33.0,6.0,21.0,6.0,0.33790000000000003,0.5644,6.554063,1439.0
25106,Marracuene,32.8489004195,-25.5206977259,72345.4064689771,6341.0,22.991667,16854.166,70.666664,3.3,61.0,174.0,1310.0,31.0,6.0,29.0,2.0,0.3683,0.6649,0.23203838,3.0
25244,Marracuene,32.6463005326,-25.6019748627,72345.4064689771,6341.0,22.824999,16679.084,66.583336,2.7,63.0,157.0,1330.0,11.0,11.0,16.0,5.0,0.31570000000000004,0.5132,0.6580562,40.0
10021,Lugela,36.489715658200005,-15.877109329000001,534247.1088134736,6732.0,22.583334,16722.084,148.16667,1.2,56.0,160.0,1310.0,17.0,9.0,16.0,3.0,0.3592,0.6029,0.14105979,626.0
10727,Lugela,37.0453251187,-16.3346374025,534247.1088134736,6732.0,24.299997,17052.5,127.583336,1.1,60.0,141.0,1380.0,17.0,9.0,17.0,5.0,0.41490000000000005,0.6897,0.8404132,327.0
10864,Lugela,36.7636179198,-16.422180951199998,534247.1088134736,6732.0,24.516665,17005.166,134.41667,1.1,63.0,132.0,1390.0,18.0,9.0,12.0,5.0,0.3906,0.6243000000000001,0.4102192,294.0
10865,Lugela,36.8572138791,-16.4231574331,534247.1088134736,6732.0,24.483332,16997.584,132.16667,1.1,62.0,133.0,1440.0,18.0,9.0,21.0,5.0,0.4098,0.653,0.92459154,322.0
10867,Lugela,37.044424160300004,-16.4249853732,534247.1088134736,6732.0,24.258333,17089.334,126.583336,1.1,59.0,147.0,1480.0,21.0,6.0,22.0,5.0,0.4164,0.7009000000000001,1.3216821,315.0
11286,Lugela,36.9479483166,-16.695115623299998,534247.1088134736,6732.0,24.933334,17183.584,110.5,1.1,63.0,118.0,1410.0,20.0,9.0,13.0,4.0,0.35600000000000004,0.5869,0.27350852,157.0
11820,Chemba,34.5051155402,-17.0171209009,394739.74681755743,3773.0,25.691666,17344.666,63.333332,1.4,64.0,115.0,1400.0,18.0,9.0,13.0,3.0,0.2727,0.502,0.43608582,185.0
12099,Chemba,34.407031623099996,-17.1952319998,394739.74681755743,3773.0,25.699999,17339.084,65.166664,1.4,63.0,118.0,1410.0,27.0,6.0,14.0,3.0,0.29510000000000003,0.46840000000000004,0.25472242,158.0
12379,Chemba,34.4025519399,-17.3754335018,394739.74681755743,3773.0,25.283333,17345.916,68.666664,1.4,62.0,129.0,1440.0,21.0,6.0,14.0,3.0,0.31970000000000004,0.5492,0.8379875,249.0
12385,Chemba,34.9657754636,-17.387626363800006,394739.74681755743,3773.0,25.900002,16893.666,66.0,1.3,66.0,101.0,1390.0,20.0,6.0,13.0,4.0,0.275,0.48410000000000003,0.80485755,70.0
11821,Chemba,34.5987867797,-17.0191727673,394739.74681755743,3773.0,25.875,17266.5,62.666668,1.3,65.0,143.0,1370.0,18.0,9.0,15.0,3.0,0.36260000000000003,0.6157,0.2795881,105.0
12243,Chemba,34.7800483439,-17.2935917559,394739.74681755743,3773.0,25.816666,17004.25,65.666664,1.4,64.0,121.0,1400.0,20.0,6.0,17.0,3.0,0.315,0.5059,0.8721347,124.0
12381,Chemba,34.5902419186,-17.3796733046,394739.74681755743,3773.0,25.474998,17232.084,67.75,1.3,65.0,95.0,1470.0,17.0,9.0,11.0,4.0,0.23670000000000002,0.4335,0.8587713,213.0
13506,Cheringoma,35.0438476347,-18.110888741700002,791865.4423173008,626.0,25.716665,17104.584,80.666664,1.5,62.0,152.0,1430.0,24.0,6.0,21.0,4.0,0.388,0.6058,0.95355076,46.0
13926,Cheringoma,35.037712610999996,-18.3813903425,791865.4423173008,626.0,24.450003,17220.084,85.5,1.4,61.0,134.0,1420.0,27.0,6.0,22.0,5.0,0.4431,0.74,0.84674454,277.0
14070,Cheringoma,35.4136928279,-18.4790990708,791865.4423173008,626.0,24.641668,17222.25,85.583336,1.4,61.0,164.0,1460.0,16.0,9.0,14.0,5.0,0.4837,0.8196,0.05615886,116.0
8650,Nampula,39.1970308887,-14.9875080046,411391.7695911481,9798.0,24.216667,18187.916,92.583336,1.2,63.0,132.0,1420.0,18.0,9.0,9.0,5.0,0.35500000000000004,0.6147,1.3183408,419.0
8790,Nampula,39.1971138835,-15.0779194932,411391.7695911481,9798.0,24.199999,18346.666,91.833336,1.2,62.0,150.0,1440.0,10.0,11.0,8.0,5.0,0.2748,0.4334,0.8448764,440.0
8791,Nampula,39.2901635813,-15.077819484,411391.7695911481,9798.0,24.416666,18504.416,90.25,1.2,63.0,145.0,1460.0,13.0,9.0,10.0,5.0,0.2884,0.44970000000000004,1.1959809,404.0
8792,Nampula,39.3832124576,-15.077681281199999,411391.7695911481,9798.0,24.358332,18526.916,89.583336,1.2,63.0,141.0,1450.0,14.0,9.0,10.0,5.0,0.3063,0.5003000000000001,1.534801,364.0
8930,Nampula,39.1971974363,-15.168330261500001,411391.7695911481,9798.0,24.33333,18330.25,92.25,1.2,63.0,138.0,1440.0,13.0,9.0,9.0,5.0,0.2962,0.4838,0.89030087,379.0
9071,Nampula,39.290410391900004,-15.2586390406,411391.7695911481,9798.0,24.400002,18435.834,90.833336,1.2,63.0,149.0,1430.0,13.0,9.0,8.0,5.0,0.3316,0.541,1.4958981,333.0
8646,Nampula,38.8249858664,-14.9875259739,411391.7695911481,9798.0,23.849998,17683.416,93.916664,1.2,62.0,157.0,1410.0,12.0,9.0,6.0,5.0,0.32230000000000003,0.5275000000000001,1.3767567,519.0
9069,Nampula,39.104152144400004,-15.258802895699999,411391.7695911481,9798.0,24.541666,18218.0,91.833336,1.2,63.0,107.0,1380.0,18.0,9.0,16.0,5.0,0.35700000000000004,0.5945,0.63115597,351.0
12127,Namacurra,37.036058908600005,-17.238079502,187601.2517209068,2862.0,25.216667,17503.084,104.083336,1.4,62.0,135.0,1400.0,12.0,9.0,9.0,5.0,0.384,0.6416000000000001,0.24583113,87.0
12829,Namacurra,37.2197061557,-17.6915654772,187601.2517209068,2862.0,25.166666,17716.834,113.25,2.7,64.0,175.0,1410.0,22.0,6.0,14.0,3.0,0.4379,0.6755,0.1216949,14.0
16024,Dondo,34.815028412,-19.7293982887,263828.87292858807,6298.0,24.65,17900.334,113.166664,2.5,60.0,175.0,1430.0,20.0,9.0,13.0,4.0,0.32180000000000003,0.5782,0.8076937,15.0
16165,Dondo,34.9079101784,-19.8217371258,263828.87292858807,6298.0,24.758333,18019.5,119.833336,2.9,62.0,151.0,1320.0,37.0,4.0,20.0,1.0,0.30720000000000003,0.5078,0.08216285,4.0
13778,Maringue,34.2850424368,-18.2740679118,673573.3485499511,4490.0,24.183332,17617.75,87.0,1.4,62.0,100.0,1370.0,19.0,9.0,17.0,5.0,0.4036,0.6872,0.6402796,310.0
13779,Maringue,34.379336814,-18.2763744447,673573.3485499511,4490.0,24.983335,17544.75,82.5,1.4,62.0,141.0,1380.0,23.0,6.0,16.0,4.0,0.39940000000000003,0.6679,0.34940398,170.0
13223,Maringue,34.7653345847,-17.924590828499998,673573.3485499511,4490.0,25.208334,17163.75,78.166664,1.4,63.0,99.0,1400.0,24.0,6.0,14.0,4.0,0.3884,0.6746,0.7857695,176.0
13362,Maringue,34.6689784837,-18.0126412903,673573.3485499511,4490.0,25.241669,17255.916,78.083336,1.3,63.0,108.0,1410.0,18.0,9.0,11.0,4.0,0.42110000000000003,0.6901,0.38367248,163.0
12800,Maringue,34.4897072981,-17.6479047752,673573.3485499511,4490.0,24.283333,17267.666,77.166664,1.5,62.0,101.0,1410.0,23.0,6.0,19.0,5.0,0.33380000000000004,0.6106,0.7092176,348.0
12940,Maringue,34.487452978200004,-17.7380124007,673573.3485499511,4490.0,24.258333,17298.25,77.666664,1.5,59.0,143.0,1440.0,24.0,6.0,20.0,4.0,0.3546,0.653,0.5088895,305.0
13082,Maringue,34.6733649059,-17.8323856033,673573.3485499511,4490.0,25.066666,17180.334,77.333336,1.3,63.0,114.0,1430.0,18.0,9.0,10.0,4.0,0.34690000000000004,0.5913,0.57783836,224.0
13219,Maringue,34.3887872152,-17.9160115569,673573.3485499511,4490.0,24.925001,17474.666,77.916664,1.3,63.0,128.0,1330.0,23.0,6.0,12.0,4.0,0.3627,0.6245,0.70748776,240.0
13221,Maringue,34.577034575,-17.9203918184,673573.3485499511,4490.0,24.875,17244.584,78.833336,1.5,60.0,137.0,1430.0,23.0,6.0,17.0,4.0,0.3831,0.6626000000000001,0.44850343,217.0
13361,Maringue,34.57478746,-18.0105077346,673573.3485499511,4490.0,25.008331,17315.25,79.75,1.3,60.0,136.0,1400.0,18.0,9.0,13.0,4.0,0.40340000000000004,0.6795,0.61077183,202.0
9975,Cahora Bassa,32.208994110700004,-15.7850980451,950681.8161662729,9348.0,24.891665,18851.25,59.75,1.4,68.0,101.0,1450.0,20.0,6.0,10.0,5.0,0.22540000000000002,0.392,0.92011815,351.0
9982,Cahora Bassa,32.8584032161,-15.804498020499999,950681.8161662729,9348.0,25.241667,18336.834,60.666668,1.5,65.0,108.0,1440.0,19.0,9.0,10.0,4.0,0.2374,0.43760000000000004,0.50683314,344.0
10953,Cahora Bassa,32.0015441134,-16.4072999764,950681.8161662729,9348.0,22.625,19238.5,56.5,1.4,67.0,127.0,1520.0,21.0,6.0,8.0,4.0,0.2649,0.431,0.441937,586.0
8319,Tsangano,34.4623291042,-14.7621054376,312803.7627155044,24519.0,19.783335,17334.416,83.25,1.6,64.0,125.0,1330.0,22.0,6.0,16.0,4.0,0.1854,0.4186,1.4451524,1278.0
8459,Tsangano,34.4604496431,-14.852234055699999,312803.7627155044,24519.0,19.108334,17310.916,85.75,1.3,59.0,111.0,1370.0,18.0,9.0,12.0,5.0,0.2243,0.4587,2.5384107,1355.0
8599,Tsangano,34.4585574321,-14.9423617339,312803.7627155044,24519.0,19.150002,17346.25,86.5,1.4,60.0,95.0,1440.0,17.0,9.0,10.0,5.0,0.195,0.40140000000000003,1.6178716,1352.0
8460,Tsangano,34.55311592530001,-14.8540497845,312803.7627155044,24519.0,19.250002,17375.25,85.916664,1.2,59.0,123.0,1370.0,26.0,6.0,14.0,5.0,0.2263,0.4413,0.5053962,1356.0
8600,Tsangano,34.551262025999996,-14.944188976400001,312803.7627155044,24519.0,18.483334,17311.0,88.583336,1.5,60.0,135.0,1400.0,25.0,6.0,15.0,5.0,0.1713,0.3503,3.478988,1465.0
8740,Tsangano,34.54939561,-15.0343272321,312803.7627155044,24519.0,18.374998,17315.584,89.416664,1.4,58.0,140.0,1420.0,16.0,9.0,9.0,5.0,0.2587,0.4289,0.7243547,1454.0
9020,Tsangano,34.545625128699996,-15.2146009128,312803.7627155044,24519.0,18.174997,17139.0,94.0,1.7,53.0,102.0,1270.0,22.0,6.0,17.0,6.0,0.2343,0.48560000000000003,0.5179567,1421.0
9159,Tsangano,34.450860585,-15.3028629368,312803.7627155044,24519.0,20.066668,17185.084,92.833336,1.8,53.0,129.0,1330.0,19.0,9.0,14.0,5.0,0.30310000000000004,0.5466,2.77568,1128.0
16714,Chibabava,33.8493272983,-20.154634153099998,652486.7963791271,3507.0,23.85,17783.834,76.833336,1.5,62.0,143.0,1390.0,21.0,6.0,18.0,4.0,0.4375,0.7566,0.5148045,152.0
16995,Chibabava,33.938794906700004,-20.3374250025,652486.7963791271,3507.0,22.966665,17794.0,79.0,1.6,60.0,168.0,1440.0,20.0,9.0,19.0,4.0,0.41000000000000003,0.7245,0.48287925,260.0
17136,Chibabava,34.031340200900004,-20.430191577000002,652486.7963791271,3507.0,23.691668,17745.584,75.25,1.6,60.0,159.0,1420.0,19.0,9.0,15.0,4.0,0.4072,0.7260000000000001,0.4141762,134.0
7928,Metarica,37.1549372605,-14.528259771300002,454519.331104534,2042.0,23.816666,16924.166,80.666664,1.2,60.0,117.0,1330.0,21.0,6.0,13.0,5.0,0.2757,0.4676,1.5025111,571.0
18666,Machaze,33.038129249099995,-21.3888421071,1421607.9891788885,8991.0,23.408333,17970.75,54.916668,1.5,62.0,156.0,1410.0,28.0,6.0,24.0,4.0,0.44420000000000004,0.7606,0.56710005,226.0
17822,Machaze,32.6774475155,-20.8359112979,1421607.9891788885,8991.0,23.175001,18454.084,51.833332,1.7,67.0,148.0,1410.0,35.0,4.0,17.0,4.0,0.2341,0.4975,0.4272142,325.0
17823,Machaze,32.772984893600004,-20.839424466300002,1421607.9891788885,8991.0,23.074999,18354.584,55.333332,1.6,64.0,140.0,1290.0,36.0,4.0,19.0,4.0,0.2959,0.5843,1.1850545,347.0
17961,Machaze,32.578099005,-20.9221336726,1421607.9891788885,8991.0,22.616669,18504.334,52.75,1.8,65.0,128.0,1420.0,48.0,1.0,16.0,4.0,0.2702,0.5274,0.55018854,404.0
17969,Machaze,33.3432309994,-20.9493098883,1421607.9891788885,8991.0,22.858332,17937.916,64.833336,1.6,60.0,157.0,1400.0,17.0,9.0,13.0,5.0,0.41200000000000003,0.7277,0.54676896,298.0
18100,Machaze,32.478638093600004,-21.0082677274,1421607.9891788885,8991.0,22.691668,18561.834,49.75,1.8,65.0,120.0,1470.0,22.0,6.0,13.0,5.0,0.341,0.5941000000000001,0.91027707,383.0
18388,Machaze,33.2371015796,-21.2157911546,1421607.9891788885,8991.0,23.200003,17985.916,58.25,1.5,61.0,161.0,1380.0,24.0,6.0,18.0,4.0,0.4171,0.7296,0.2833779,232.0
10335,Angoche,39.6655435899,-16.0714543782,257717.8165429017,4845.0,25.258333,18754.084,88.0,1.9,64.0,134.0,1400.0,20.0,9.0,12.0,5.0,0.3824,0.5787,0.46547592,77.0
10057,Angoche,39.8517586212,-15.890002854,257717.8165429017,4845.0,25.233332,18939.834,84.333336,1.8,64.0,132.0,1350.0,19.0,9.0,14.0,5.0,0.3919,0.5975,0.80958444,98.0
19798,Mabote,34.1666440924,-22.1462006575,1503526.523737455,5428.0,23.133333,17634.084,53.25,1.5,62.0,171.0,1410.0,12.0,9.0,7.0,4.0,0.35000000000000003,0.6161,0.17061552,162.0
19378,Mabote,34.1758143387,-21.8761307712,1503526.523737455,5428.0,23.4,17471.584,57.083332,1.4,61.0,166.0,1530.0,15.0,9.0,7.0,5.0,0.31070000000000003,0.5227,0.23558104,145.0
19670,Vilanculos,35.329625239,-22.0863721693,569327.8819619213,13958.0,23.725,18062.084,68.416664,3.8,60.0,155.0,1380.0,10.0,11.0,11.0,5.0,0.2421,0.41140000000000004,0.0,13.0
20087,Vilanculos,35.0318562122,-22.349969875,569327.8819619213,13958.0,23.416666,17673.5,67.75,2.0,63.0,175.0,1450.0,14.0,9.0,12.0,4.0,0.38130000000000003,0.7080000000000001,0.17572635,76.0
12128,Maganja da Costa,37.1300725532,-17.2389755824,718969.8459228101,4822.0,25.20833,17560.75,106.583336,1.4,62.0,132.0,1360.0,20.0,6.0,12.0,5.0,0.38830000000000003,0.6679,1.434892,78.0
11434,Maganja da Costa,37.6973896417,-16.7915710642,718969.8459228101,4822.0,24.933334,17641.584,112.416664,1.2,62.0,142.0,1430.0,18.0,9.0,14.0,5.0,0.4328,0.7594000000000001,0.85551953,140.0
11857,Maganja da Costa,37.9774003496,-17.0643047325,718969.8459228101,4822.0,25.425001,17773.834,115.25,2.1,63.0,157.0,1420.0,9.0,11.0,9.0,5.0,0.3951,0.6416000000000001,1.1932254,47.0
11996,Maganja da Costa,37.8828990396,-17.1541868407,718969.8459228101,4822.0,25.408333,17824.0,115.583336,2.2,62.0,155.0,1410.0,14.0,9.0,12.0,4.0,0.3396,0.5641,0.6644758,47.0
11997,Maganja da Costa,37.9769066748,-17.1546847633,718969.8459228101,4822.0,25.324999,17818.834,116.666664,2.4,62.0,150.0,1450.0,10.0,9.0,9.0,5.0,0.3361,0.502,0.6300936,48.0
12135,Maganja da Costa,37.7883067815,-17.2440185988,718969.8459228101,4822.0,25.483332,17775.666,117.083336,2.0,61.0,165.0,1440.0,18.0,9.0,11.0,4.0,0.3987,0.6202000000000001,0.5433948,39.0
12275,Maganja da Costa,37.7877153018,-17.334391169,718969.8459228101,4822.0,25.533333,17833.166,116.416664,2.4,62.0,175.0,1450.0,23.0,6.0,14.0,3.0,0.4772,0.7354,0.31528115,16.0
8314,Macanga,33.9993839754,-14.752531172100001,891378.0320112885,13610.0,20.766666,17370.166,78.666664,1.2,60.0,124.0,1360.0,14.0,9.0,10.0,5.0,0.2979,0.5169,1.8537022,1042.0
8594,Macanga,33.9952312444,-14.9326653268,891378.0320112885,13610.0,21.016666,17308.084,80.0,1.3,57.0,163.0,1330.0,11.0,9.0,11.0,5.0,0.29350000000000004,0.5118,2.0102649,982.0
8734,Macanga,33.9931337978,-15.022730915599999,891378.0320112885,13610.0,21.383333,17346.666,79.333336,1.2,58.0,147.0,1320.0,14.0,9.0,11.0,5.0,0.2752,0.4696,1.2525327,910.0
8867,Macanga,33.342425096599996,-15.0974656236,891378.0320112885,13610.0,24.658335,17630.584,72.5,1.3,60.0,134.0,1370.0,27.0,6.0,23.0,3.0,0.2617,0.516,0.5616892,611.0
8868,Macanga,33.4350361284,-15.099768425299999,891378.0320112885,13610.0,24.591667,17891.75,69.916664,1.3,59.0,158.0,1390.0,19.0,9.0,16.0,4.0,0.3131,0.6136,0.33166105,627.0
8871,Macanga,33.712962179,-15.1064513612,891378.0320112885,13610.0,20.216665,17174.75,80.75,1.9,59.0,157.0,1260.0,16.0,9.0,12.0,5.0,0.3133,0.6117,0.6678271,1109.0
8032,Macanga,33.8185488828,-14.5683577622,891378.0320112885,13610.0,19.666668,17286.666,81.416664,1.5,58.0,120.0,1360.0,13.0,9.0,10.0,5.0,0.2768,0.44770000000000004,1.5536661,1258.0
8171,Macanga,33.7239511243,-14.6563158377,891378.0320112885,13610.0,19.300001,17287.25,82.416664,1.4,59.0,120.0,1240.0,13.0,9.0,13.0,5.0,0.2597,0.5037,1.6018536,1297.0
8310,Macanga,33.6292784787,-14.7442094674,891378.0320112885,13610.0,19.533335,17273.666,82.333336,1.5,59.0,143.0,1280.0,18.0,9.0,16.0,5.0,0.29660000000000003,0.5196000000000001,1.951851,1205.0
8312,Macanga,33.8143021868,-14.7484437883,891378.0320112885,13610.0,20.35,17317.834,80.0,1.3,59.0,140.0,1320.0,12.0,9.0,13.0,5.0,0.22690000000000002,0.4732,2.0283341,1113.0
8590,Macanga,33.6248218829,-14.9242374684,891378.0320112885,13610.0,19.758333,17213.916,82.5,1.7,58.0,136.0,1400.0,14.0,9.0,12.0,5.0,0.22440000000000002,0.4344,2.2337687,1249.0
12528,Mutarara,35.245704013899996,-17.4833262186,655499.6232902571,1838.0,25.924997,16905.334,70.833336,1.4,65.0,168.0,1530.0,25.0,6.0,11.0,4.0,0.3135,0.5174,0.03864545,37.0
12808,Mutarara,35.2419759972,-17.6637163778,655499.6232902571,1838.0,25.591665,17000.75,76.0,1.2,65.0,173.0,1410.0,33.0,6.0,16.0,2.0,0.3647,0.6237,0.14149661,34.0
11257,Mutarara,34.2332241959,-16.6503803657,655499.6232902571,1838.0,26.091667,17862.5,56.333332,1.3,64.0,140.0,1380.0,17.0,9.0,14.0,4.0,0.3244,0.5493,0.43591142,101.0
11262,Mutarara,34.700633745,-16.6606193875,655499.6232902571,1838.0,25.583334,17390.834,61.916668,1.3,64.0,135.0,1300.0,35.0,3.0,18.0,3.0,0.20550000000000002,0.3624,0.4453894,143.0
11402,Mutarara,34.6986118233,-16.7507615174,655499.6232902571,1838.0,26.016668,17410.5,60.583332,1.2,62.0,143.0,1480.0,33.0,6.0,23.0,3.0,0.3388,0.5601,0.26157942,87.0
11966,Mutarara,35.0654375316,-17.1189687967,655499.6232902571,1838.0,23.716665,16895.916,79.083336,1.4,62.0,104.0,1350.0,30.0,6.0,18.0,6.0,0.39780000000000004,0.6218,1.6246871,456.0
11718,Pebane,38.0718112493,-16.9743730116,994591.7436285813,7934.0,25.166666,17796.0,113.583336,2.0,64.0,139.0,1410.0,11.0,9.0,9.0,5.0,0.42260000000000003,0.6959000000000001,1.024781,81.0
11858,Pebane,38.071365648000004,-17.064756393,994591.7436285813,7934.0,25.483335,17854.916,113.833336,2.3,63.0,135.0,1420.0,16.0,9.0,13.0,5.0,0.4005,0.6228,0.7739417,25.0
11443,Pebane,38.5418840063,-16.7951827043,994591.7436285813,7934.0,25.358332,17967.25,104.083336,1.8,62.0,135.0,1370.0,16.0,9.0,14.0,4.0,0.3856,0.598,0.51995647,44.0
11588,Pebane,39.0111124531,-16.8860890681,994591.7436285813,7934.0,25.375,18114.75,98.833336,2.4,61.0,167.0,1440.0,18.0,9.0,10.0,4.0,0.39330000000000004,0.628,0.45913222,48.0
11859,Pebane,38.1653336735,-17.0651645654,994591.7436285813,7934.0,25.258333,17843.166,114.75,2.3,62.0,148.0,1420.0,10.0,11.0,8.0,5.0,0.3632,0.5864,1.1083065,47.0
13515,Chinde,35.892946163400005,-18.1264722477,403497.9707289503,2507.0,25.416666,17225.0,78.0,1.3,65.0,150.0,1370.0,33.0,6.0,19.0,2.0,0.3663,0.5800000000000001,0.04066277,15.0
