10970,[115.]
10971,[141.]
10972,[131.]
11109,[120.]
11110,[124.]
11111,[122.]
11112,[118.]
11113,[114.]
11249,[112.]
11250,[135.]
11251,[115.]
11252,[133.]
11253,[111.]
11388,[124.]
11389,[117.]
11390,[105.]
11391,[110.]
11392,[118.]
11528,[110.]
11529,[118.]
11530,[119.]
11531,[114.]
11532,[114.]
11667,[107.]
11668,[114.]
11669,[121.]
11670,[135.]
11671,[147.]
11672,[131.]
11807,[126.]
11808,[110.]
11809,[113.]
11810,[116.]
11811,[145.]
11812,[143.]
11946,[125.]
11947,[142.]
11948,[117.]
11949,[134.]
11950,[118.]
11951,[126.]
11952,[135.]
12085,[129.]
12086,[154.]
12087,[144.]
12088,[128.]
12089,[125.]
12090,[109.]
12091,[134.]
12092,[135.]
12093,[138.]
12225,[139.]
12226,[128.]
12227,[148.]
12228,[138.]
12229,[114.]
12230,[119.]
12231,[141.]
12232,[148.]
12233,[126.]
12365,[125.]
12366,[139.]
12367,[120.]
12368,[135.]
12369,[119.]
12370,[120.]
12371,[127.]
12372,[159.]
12506,[135.]
12507,[92.]
12508,[124.]
12509,[109.]
8078,[134.]
8079,[121.]
8080,[128.]
8081,[128.]
8082,[111.]
8217,[109.]
8218,[118.]
8219,[135.]
8220,[154.]
8221,[115.]
8222,[98.]
8356,[111.]
8357,[131.]
8358,[130.]
8359,[115.]
8360,[135.]
8361,[122.]
8362,[111.]
8496,[110.]
8497,[138.]
8498,[120.]
8499,[108.]
8500,[159.]
8501,[130.]
8502,[122.]
8635,[105.]
8636,[124.]
8637,[111.]
8638,[129.]
8639,[128.]
8640,[118.]
8641,[113.]
8642,[123.]
8643,[119.]
8644,[121.]
8645,[104.]
8774,[107.]
8775,[119.]
8776,[160.]
8777,[133.]
8778,[121.]
8779,[143.]
8780,[114.]
8781,[116.]
8782,[123.]
8783,[157.]
8784,[165.]
8914,[137.]
8915,[150.]
8916,[143.]
8917,[119.]
8918,[129.]
8919,[117.]
8920,[121.]
8921,[93.]
8922,[145.]
9057,[139.]
9058,[136.]
9059,[141.]
9060,[144.]
9061,[132.]
9199,[143.]
9200,[125.]
9201,[153.]
9340,[136.]
9349,[134.]
9488,[86.]
9489,[114.]
9627,[127.]
9628,[105.]
9629,[132.]
9630,[115.]
9767,[122.]
9768,[113.]
9769,[120.]
9770,[120.]
9771,[120.]
9772,[140.]
9773,[129.]
9774,[124.]
9775,[118.]
9776,[131.]
9907,[131.]
9908,[135.]
9909,[126.]
9910,[146.]
9911,[126.]
9912,[141.]
9913,[158.]
9914,[144.]
9915,[127.]
9916,[117.]
10047,[106.]
10048,[123.]
10049,[112.]
10050,[128.]
10051,[111.]
10052,[150.]
10053,[137.]
10054,[138.]
10055,[134.]
10191,[120.]
10192,[129.]
10193,[141.]
10194,[140.]
10195,[125.]
10333,[133.]
6510,[139.]
6649,[175.]
6650,[162.]
6651,[170.]
6652,[169.]
6653,[171.]
6787,[151.]
6788,[169.]
6789,[166.]
6790,[171.]
6791,[168.]
6792,[162.]
6793,[168.]
6794,[166.]
6795,[165.]
6928,[162.]
6929,[123.]
6930,[142.]
6931,[168.]
6932,[167.]
6933,[162.]
7068,[163.]
7069,[126.]
7070,[149.]
7071,[136.]
7072,[135.]
7209,[115.]
7210,[137.]
7211,[149.]
8073,[125.]
8074,[136.]
8213,[106.]
8214,[147.]
8353,[141.]
8354,[116.]
8355,[108.]
8493,[119.]
8494,[115.]
8495,[114.]
8633,[100.]
8634,[99.]
8773,[115.]
8913,[152.]
7653,[133.]
7654,[121.]
7792,[151.]
7793,[153.]
7931,[122.]
7932,[161.]
7933,[163.]
8068,[120.]
8069,[120.]
8070,[140.]
8071,[145.]
8072,[117.]
8207,[133.]
8208,[135.]
8209,[149.]
8210,[139.]
8211,[130.]
8212,[126.]
8345,[124.]
8346,[156.]
8347,[113.]
8348,[124.]
8349,[141.]
8350,[105.]
8351,[132.]
8352,[121.]
8485,[123.]
8486,[116.]
8487,[110.]
8488,[135.]
8489,[116.]
8490,[121.]
8491,[93.]
8492,[134.]
8624,[123.]
8625,[126.]
8626,[140.]
8627,[136.]
8628,[133.]
8629,[127.]
8630,[89.]
8631,[89.]
8632,[137.]
8770,[89.]
8771,[134.]
8772,[113.]
8910,[136.]
8911,[120.]
7872,[109.]
7873,[138.]
7874,[105.]
8009,[110.]
8010,[163.]
8011,[103.]
8012,[127.]
8013,[102.]
8014,[138.]
8015,[117.]
8148,[155.]
8149,[134.]
8150,[139.]
8151,[138.]
8152,[130.]
8153,[144.]
8154,[148.]
8155,[100.]
8156,[88.]
8157,[98.]
8286,[142.]
8287,[148.]
8288,[161.]
8289,[125.]
8290,[119.]
8291,[139.]
8292,[120.]
8293,[132.]
8294,[124.]
8295,[126.]
8296,[146.]
8297,[109.]
8426,[162.]
8427,[157.]
8428,[156.]
8429,[143.]
8430,[148.]
8431,[163.]
8432,[132.]
8433,[132.]
8434,[128.]
8435,[118.]
8436,[122.]
8437,[117.]
8438,[121.]
8566,[97.]
8567,[155.]
8568,[142.]
8569,[150.]
8570,[158.]
8571,[155.]
8572,[144.]
8573,[141.]
8574,[141.]
8575,[146.]
8576,[148.]
8577,[150.]
8578,[119.]
8579,[146.]
8706,[99.]
8707,[163.]
8708,[160.]
8709,[175.]
8710,[157.]
8711,[144.]
8712,[166.]
8713,[138.]
8714,[136.]
8715,[138.]
8716,[153.]
8717,[119.]
8718,[105.]
8719,[144.]
8847,[157.]
8848,[160.]
8849,[155.]
8850,[153.]
8851,[148.]
8852,[157.]
8853,[166.]
8854,[154.]
8855,[143.]
8856,[145.]
8857,[125.]
8858,[128.]
8859,[101.]
8987,[148.]
8988,[130.]
8989,[139.]
8990,[147.]
8991,[135.]
8992,[128.]
8993,[138.]
8994,[145.]
8995,[133.]
8996,[116.]
8997,[100.]
8998,[102.]
8999,[104.]
9000,[100.]
9127,[128.]
9128,[116.]
9129,[144.]
9130,[150.]
9131,[122.]
9132,[146.]
9133,[121.]
9134,[147.]
9135,[129.]
9136,[110.]
9137,[112.]
9138,[102.]
9139,[106.]
9140,[110.]
9141,[120.]
9267,[109.]
9268,[150.]
9269,[130.]
9270,[135.]
9271,[121.]
9272,[144.]
9273,[126.]
9274,[134.]
9275,[126.]
9276,[113.]
9277,[106.]
9278,[115.]
9279,[108.]
9280,[105.]
9281,[114.]
9282,[136.]
9407,[108.]
9408,[126.]
9409,[121.]
9410,[112.]
9411,[132.]
9412,[132.]
9413,[136.]
9414,[128.]
9415,[109.]
9416,[112.]
9417,[94.]
9418,[117.]
9419,[80.]
9420,[91.]
9421,[86.]
9422,[111.]
9548,[106.]
9549,[128.]
9550,[121.]
9551,[114.]
9552,[117.]
9553,[109.]
9554,[145.]
9555,[107.]
9556,[95.]
9557,[125.]
9558,[92.]
9559,[93.]
9560,[89.]
9561,[105.]
9562,[82.]
9563,[114.]
9689,[120.]
9690,[102.]
9691,[121.]
9692,[113.]
9693,[108.]
9694,[255.]
22037,[156.]
22177,[168.]
22178,[163.]
22179,[167.]
22180,[168.]
22181,[169.]
22182,[168.]
22183,[163.]
22184,[175.]
22185,[167.]
22317,[163.]
22318,[166.]
22319,[169.]
22320,[171.]
22321,[169.]
22322,[164.]
22323,[163.]
22324,[153.]
22325,[157.]
22457,[152.]
22458,[166.]
22459,[172.]
22460,[175.]
22461,[169.]
22462,[145.]
22463,[167.]
22464,[167.]
22465,[175.]
22466,[149.]
22467,[150.]
22597,[175.]
22598,[172.]
22599,[155.]
22600,[168.]
22601,[175.]
22602,[170.]
22603,[173.]
22604,[170.]
22605,[173.]
22606,[144.]
22607,[152.]
22737,[175.]
22738,[162.]
22739,[152.]
22740,[168.]
22741,[162.]
22742,[172.]
22743,[173.]
22744,[163.]
22745,[166.]
22746,[136.]
22878,[155.]
22879,[144.]
22880,[151.]
22881,[175.]
22882,[175.]
22883,[175.]
22884,[133.]
22885,[164.]
22886,[149.]
23018,[163.]
23019,[172.]
23020,[172.]
23021,[175.]
23022,[160.]
23023,[160.]
23024,[175.]
23025,[174.]
23158,[159.]
23159,[175.]
23160,[165.]
23161,[167.]
23162,[174.]
23163,[175.]
23298,[158.]
23439,[172.]
13635,[136.]
13774,[107.]
13775,[123.]
13776,[116.]
13777,[148.]
13914,[132.]
13915,[112.]
13916,[160.]
13917,[118.]
13918,[126.]
13919,[164.]
13920,[124.]
14054,[127.]
14055,[131.]
14056,[149.]
14057,[136.]
14058,[122.]
14059,[154.]
14060,[175.]
14061,[157.]
14062,[152.]
14194,[131.]
14195,[143.]
14196,[135.]
14197,[109.]
14198,[117.]
14199,[161.]
14200,[167.]
14201,[149.]
14202,[153.]
14333,[135.]
14334,[133.]
14335,[126.]
14336,[128.]
14337,[125.]
14338,[122.]
14339,[166.]
14340,[147.]
14341,[165.]
14473,[143.]
14474,[150.]
14475,[159.]
14476,[139.]
14477,[126.]
14478,[154.]
14479,[150.]
14480,[162.]
14481,[162.]
14614,[124.]
14615,[141.]
14616,[115.]
14617,[115.]
14618,[159.]
14619,[145.]
14620,[156.]
14621,[159.]
14755,[118.]
14756,[124.]
14757,[114.]
14758,[152.]
14759,[131.]
14760,[157.]
14897,[148.]
14898,[124.]
14900,[149.]
14901,[166.]
15040,[166.]
15041,[169.]
15180,[174.]
23137,[122.]
23138,[144.]
23277,[98.]
23278,[141.]
23279,[129.]
23280,[150.]
23281,[156.]
23417,[113.]
23418,[117.]
23419,[118.]
23420,[134.]
23421,[151.]
23422,[165.]
23423,[164.]
23424,[162.]
23557,[116.]
23558,[145.]
23559,[119.]
23560,[124.]
23561,[173.]
23562,[170.]
23563,[174.]
23564,[175.]
23697,[106.]
23698,[143.]
23699,[142.]
23700,[137.]
23701,[162.]
23702,[169.]
23703,[168.]
23704,[162.]
23837,[94.]
23838,[165.]
23839,[157.]
23840,[128.]
23841,[156.]
23842,[173.]
23843,[161.]
23844,[165.]
23845,[148.]
23978,[131.]
23979,[157.]
23980,[175.]
23981,[140.]
23982,[160.]
23983,[160.]
23984,[175.]
23985,[148.]
23986,[163.]
24120,[163.]
24121,[153.]
24122,[129.]
24123,[159.]
24124,[163.]
24125,[157.]
24126,[167.]
24262,[154.]
24263,[159.]
24264,[155.]
24265,[165.]
24402,[147.]
24403,[147.]
24404,[166.]
24542,[154.]
24543,[160.]
24544,[167.]
6424,[125.]
6564,[115.]
6702,[124.]
6703,[114.]
6704,[117.]
6842,[87.]
6843,[129.]
6844,[112.]
6981,[134.]
6982,[120.]
6983,[121.]
6984,[118.]
6985,[114.]
7120,[142.]
7121,[150.]
7122,[98.]
7123,[126.]
7124,[137.]
7260,[117.]
7261,[106.]
7262,[112.]
7263,[109.]
7264,[127.]
7265,[146.]
7401,[121.]
7402,[97.]
7403,[93.]
7404,[131.]
7542,[142.]
7543,[142.]
7544,[122.]
7545,[142.]
7546,[145.]
7684,[131.]
7685,[108.]
7686,[135.]
7824,[137.]
7825,[139.]
12122,[154.]
12261,[150.]
12262,[142.]
12402,[154.]
12403,[161.]
12404,[161.]
12541,[146.]
12542,[158.]
12543,[154.]
12544,[165.]
12545,[161.]
12682,[160.]
12683,[161.]
12684,[158.]
12685,[155.]
12823,[154.]
12824,[132.]
12825,[160.]
12826,[149.]
12827,[165.]
12828,[138.]
12964,[170.]
12965,[159.]
12966,[167.]
12967,[165.]
12968,[167.]
13104,[132.]
13105,[175.]
13106,[169.]
13107,[158.]
13246,[169.]
13247,[161.]
6511,[161.]
6512,[175.]
6513,[164.]
6514,[175.]
6515,[111.]
6516,[164.]
6654,[164.]
6655,[171.]
6656,[123.]
6796,[153.]
5122,[171.]
5123,[159.]
5124,[169.]
5261,[170.]
5262,[159.]
5263,[150.]
5264,[155.]
5265,[102.]
5396,[173.]
5397,[175.]
5398,[175.]
5400,[168.]
5401,[162.]
5402,[145.]
5403,[122.]
5404,[141.]
5536,[174.]
5537,[175.]
5538,[168.]
5539,[175.]
5540,[165.]
5541,[125.]
5542,[101.]
5543,[175.]
5676,[159.]
5677,[175.]
5678,[163.]
5679,[161.]
5680,[169.]
5681,[175.]
5682,[171.]
5683,[157.]
5684,[117.]
5816,[175.]
5817,[175.]
5818,[172.]
5819,[130.]
5820,[116.]
5821,[143.]
5822,[116.]
5823,[153.]
5824,[170.]
5825,[159.]
5956,[156.]
5957,[168.]
5958,[171.]
5959,[175.]
5960,[138.]
5961,[119.]
5962,[151.]
5963,[109.]
5964,[113.]
5965,[110.]
5966,[142.]
5967,[147.]
6094,[155.]
6095,[155.]
6096,[160.]
6097,[150.]
6098,[175.]
6099,[145.]
6100,[168.]
6101,[175.]
6102,[155.]
6103,[127.]
6104,[148.]
6105,[175.]
6106,[130.]
6234,[175.]
6235,[171.]
6236,[155.]
6237,[148.]
6238,[156.]
6239,[116.]
6240,[153.]
6241,[133.]
6242,[154.]
6243,[127.]
6244,[162.]
6245,[143.]
6373,[163.]
6374,[137.]
6375,[158.]
6376,[153.]
6377,[148.]
6378,[175.]
6379,[156.]
6380,[172.]
6381,[146.]
6382,[175.]
6383,[131.]
6384,[174.]
6385,[144.]
6517,[161.]
6518,[166.]
6519,[173.]
6520,[163.]
6521,[163.]
6522,[167.]
6523,[161.]
6524,[168.]
6657,[146.]
6658,[163.]
6659,[174.]
6660,[166.]
6661,[166.]
6662,[146.]
6663,[174.]
6664,[175.]
6797,[167.]
6798,[153.]
6799,[144.]
6800,[164.]
6801,[139.]
6802,[154.]
6803,[163.]
6937,[148.]
6938,[175.]
6939,[150.]
18659,[119.]
18660,[112.]
18799,[130.]
18800,[129.]
18801,[106.]
18802,[118.]
18803,[140.]
18938,[126.]
18939,[133.]
18940,[168.]
18941,[165.]
18942,[146.]
18943,[166.]
18944,[126.]
18945,[138.]
18947,[130.]
18948,[139.]
19077,[122.]
19078,[152.]
19079,[123.]
19080,[147.]
19081,[132.]
19082,[143.]
19083,[150.]
19084,[123.]
19085,[150.]
19086,[157.]
19087,[162.]
19216,[141.]
19217,[139.]
19218,[131.]
19219,[137.]
19220,[136.]
19221,[153.]
19222,[142.]
19223,[156.]
19224,[147.]
19225,[169.]
19226,[150.]
19227,[150.]
19355,[143.]
19356,[130.]
19357,[115.]
19358,[136.]
19359,[167.]
19360,[157.]
19361,[157.]
19362,[155.]
19363,[174.]
19364,[175.]
19365,[152.]
19366,[164.]
19367,[161.]
19496,[162.]
19497,[123.]
19498,[134.]
19499,[152.]
19500,[148.]
19501,[146.]
19502,[140.]
19503,[165.]
19504,[172.]
19505,[163.]
19506,[156.]
19507,[170.]
19508,[162.]
19638,[159.]
19639,[150.]
19640,[131.]
19641,[164.]
19642,[167.]
19779,[143.]
19780,[141.]
17422,[158.]
17423,[158.]
17424,[175.]
17560,[158.]
17561,[175.]
17562,[170.]
17563,[163.]
17564,[255.]
17700,[169.]
17701,[175.]
17702,[174.]
17703,[164.]
17704,[161.]
17705,[175.]
17706,[167.]
17838,[160.]
17839,[173.]
17840,[168.]
17841,[141.]
17842,[160.]
17843,[158.]
17844,[170.]
17845,[255.]
17846,[255.]
17977,[173.]
17978,[172.]
17979,[139.]
17980,[133.]
17981,[159.]
17982,[164.]
17983,[175.]
17984,[156.]
17985,[153.]
18118,[175.]
18119,[131.]
18120,[151.]
18121,[143.]
18122,[146.]
18123,[158.]
18124,[159.]
18257,[170.]
18258,[149.]
18259,[162.]
18260,[165.]
18397,[143.]
18398,[126.]
18399,[144.]
8064,[172.]
8204,[126.]
8205,[143.]
8206,[131.]
8344,[133.]
8484,[139.]
7639,[161.]
7779,[161.]
7780,[154.]
7918,[160.]
7919,[163.]
7920,[149.]
7921,[120.]
8058,[153.]
8059,[169.]
8060,[120.]
8061,[117.]
8062,[148.]
8063,[112.]
8198,[128.]
8199,[127.]
8200,[134.]
8201,[121.]
8202,[154.]
8203,[122.]
8339,[115.]
8340,[117.]
8341,[111.]
8342,[104.]
8343,[94.]
8480,[132.]
8481,[105.]
8482,[124.]
8483,[139.]
8619,[113.]
8620,[131.]
8621,[97.]
8622,[120.]
8623,[132.]
8759,[129.]
8760,[123.]
8761,[119.]
8762,[145.]
8763,[125.]
8898,[126.]
8899,[152.]
8900,[129.]
8901,[118.]
8902,[125.]
9040,[131.]
9041,[111.]
15305,[134.]
15306,[119.]
15443,[122.]
15444,[144.]
15445,[149.]
15446,[144.]
15447,[142.]
15583,[126.]
15584,[144.]
15585,[160.]
15586,[143.]
15587,[141.]
15588,[129.]
15724,[129.]
15725,[152.]
15726,[153.]
15727,[160.]
15728,[170.]
15729,[157.]
15864,[138.]
15865,[143.]
15866,[126.]
15867,[134.]
15868,[143.]
15869,[162.]
15870,[133.]
15871,[172.]
15873,[133.]
16004,[121.]
16005,[134.]
16006,[117.]
16007,[154.]
16008,[154.]
16009,[157.]
16010,[163.]
16011,[168.]
16012,[151.]
16013,[148.]
16014,[142.]
16146,[138.]
16147,[128.]
16148,[162.]
16149,[175.]
16150,[171.]
16151,[175.]
16152,[170.]
16153,[143.]
16154,[149.]
16286,[155.]
16287,[134.]
16288,[175.]
16289,[175.]
16290,[173.]
16291,[175.]
16292,[175.]
16293,[169.]
16294,[151.]
16426,[119.]
16427,[175.]
16428,[175.]
16429,[168.]
16430,[175.]
16433,[137.]
16565,[175.]
16566,[175.]
16567,[175.]
16568,[147.]
16569,[170.]
16707,[164.]
16708,[127.]
16709,[169.]
16848,[165.]
14896,[114.]
14899,[135.]
15036,[118.]
15037,[145.]
15038,[167.]
15039,[165.]
15175,[113.]
15176,[110.]
15177,[156.]
15178,[153.]
15179,[163.]
15315,[138.]
15455,[109.]
15595,[129.]
15735,[142.]
15316,[114.]
15317,[107.]
15318,[144.]
15319,[154.]
15320,[163.]
15456,[133.]
15457,[135.]
15458,[147.]
15459,[151.]
15460,[171.]
15461,[156.]
15596,[124.]
15597,[167.]
15598,[156.]
15599,[151.]
15600,[166.]
15601,[157.]
15736,[145.]
15737,[141.]
15738,[156.]
15739,[173.]
15740,[163.]
15741,[156.]
15877,[159.]
15878,[157.]
15879,[170.]
15880,[154.]
15881,[166.]
7649,[168.]
7650,[148.]
7651,[151.]
7652,[118.]
6525,[170.]
6665,[175.]
6666,[165.]
6667,[175.]
6804,[152.]
6805,[167.]
6806,[165.]
6807,[169.]
6940,[168.]
6941,[152.]
6942,[161.]
6943,[158.]
6944,[132.]
6945,[161.]
6946,[154.]
6947,[128.]
7077,[167.]
7078,[149.]
7079,[173.]
7080,[173.]
7081,[172.]
7082,[171.]
7083,[175.]
7084,[157.]
7085,[160.]
7086,[169.]
7087,[151.]
6390,[175.]
6391,[173.]
6392,[157.]
6528,[173.]
6529,[175.]
6530,[105.]
6531,[132.]
6532,[155.]
6668,[147.]
6669,[169.]
6670,[118.]
6671,[147.]
6672,[175.]
6673,[131.]
6674,[152.]
6808,[112.]
6809,[126.]
6810,[134.]
6811,[153.]
6812,[161.]
6813,[150.]
6814,[144.]
6948,[114.]
6949,[157.]
6950,[146.]
6951,[152.]
6952,[137.]
7088,[129.]
7089,[163.]
7090,[142.]
7091,[166.]
7092,[151.]
7217,[153.]
7218,[175.]
7219,[161.]
7220,[155.]
7221,[175.]
7222,[174.]
7223,[172.]
7224,[172.]
7225,[161.]
7226,[160.]
7227,[159.]
7228,[155.]
7229,[150.]
7230,[149.]
7231,[139.]
7232,[166.]
7359,[159.]
7363,[153.]
7364,[149.]
7365,[154.]
7366,[111.]
7367,[156.]
7368,[156.]
7369,[157.]
7370,[143.]
7371,[142.]
7372,[108.]
7506,[140.]
7507,[135.]
7508,[139.]
7509,[123.]
7510,[131.]
7511,[162.]
7512,[128.]
24266,[175.]
24405,[170.]
24406,[162.]
24545,[158.]
24546,[144.]
24407,[169.]
24547,[175.]
24685,[161.]
24686,[175.]
24687,[175.]
24688,[175.]
24824,[150.]
24825,[164.]
24826,[175.]
24827,[175.]
24828,[175.]
24963,[157.]
24964,[163.]
24965,[168.]
24966,[165.]
25103,[165.]
25104,[156.]
25105,[156.]
8083,[134.]
8084,[120.]
8085,[139.]
8223,[122.]
8224,[119.]
8225,[150.]
8363,[122.]
8364,[142.]
8365,[97.]
8503,[111.]
8504,[136.]
8505,[113.]
7109,[109.]
7110,[126.]
7247,[145.]
7248,[119.]
7249,[120.]
7250,[107.]
7251,[107.]
7385,[124.]
7386,[137.]
7387,[157.]
7388,[164.]
7389,[131.]
7390,[109.]
7391,[106.]
7524,[148.]
7525,[128.]
7526,[128.]
7527,[137.]
7528,[112.]
7529,[145.]
7530,[134.]
7531,[125.]
7664,[114.]
7665,[129.]
7666,[87.]
7667,[138.]
7668,[127.]
7669,[151.]
7670,[146.]
7671,[142.]
7804,[126.]
7805,[103.]
7806,[109.]
7807,[113.]
7808,[122.]
7809,[140.]
7810,[155.]
7811,[119.]
7943,[144.]
7944,[117.]
7945,[122.]
7946,[131.]
7947,[140.]
7948,[116.]
7949,[132.]
7950,[147.]
7951,[134.]
8086,[141.]
8087,[133.]
8088,[137.]
8089,[144.]
8090,[136.]
8226,[156.]
8227,[144.]
8228,[144.]
8229,[112.]
8230,[149.]
8366,[105.]
8367,[119.]
8368,[137.]
8369,[113.]
8370,[135.]
8371,[103.]
8506,[104.]
8507,[131.]
8508,[160.]
8509,[100.]
8510,[128.]
17986,[165.]
17987,[167.]
18125,[169.]
18126,[165.]
18261,[137.]
18262,[155.]
18263,[161.]
18264,[168.]
18265,[163.]
18266,[169.]
18400,[86.]
18401,[166.]
18402,[173.]
18403,[173.]
18404,[160.]
18405,[159.]
18406,[172.]
18407,[175.]
18537,[145.]
18538,[156.]
18539,[165.]
18540,[154.]
18541,[174.]
18542,[164.]
18543,[174.]
18544,[173.]
18545,[163.]
18546,[172.]
18547,[175.]
18681,[174.]
18682,[159.]
18683,[163.]
18684,[163.]
18685,[170.]
18821,[175.]
18822,[159.]
18823,[153.]
18824,[164.]
18961,[174.]
7961,[128.]
8098,[143.]
8099,[148.]
8100,[139.]
8101,[142.]
8102,[137.]
8237,[158.]
8238,[125.]
8239,[139.]
8240,[138.]
8241,[150.]
8242,[97.]
8378,[141.]
8379,[126.]
8380,[139.]
8381,[115.]
8382,[103.]
8383,[154.]
8519,[135.]
8520,[143.]
8521,[142.]
8522,[125.]
8660,[147.]
8661,[138.]
8662,[135.]
8799,[119.]
8800,[109.]
8801,[153.]
8802,[146.]
8803,[137.]
8938,[116.]
8939,[140.]
8940,[133.]
8941,[134.]
9080,[124.]
10187,[104.]
10188,[130.]
10189,[124.]
10190,[122.]
10328,[125.]
10329,[105.]
10330,[140.]
10331,[114.]
10332,[138.]
10468,[125.]
10469,[141.]
10470,[155.]
10471,[145.]
10472,[155.]
10473,[133.]
10608,[145.]
10609,[146.]
10610,[161.]
10611,[141.]
10612,[158.]
10613,[153.]
10748,[118.]
10749,[164.]
10750,[145.]
10751,[139.]
10752,[139.]
10753,[132.]
10754,[135.]
10889,[148.]
10890,[157.]
10891,[136.]
10892,[162.]
10893,[141.]
10894,[136.]
10895,[149.]
11029,[133.]
11030,[127.]
11031,[146.]
11032,[145.]
11033,[147.]
11034,[132.]
11035,[137.]
11168,[141.]
11169,[146.]
11170,[123.]
11171,[167.]
11172,[142.]
11173,[150.]
11309,[139.]
11310,[174.]
11311,[147.]
11312,[152.]
11450,[162.]
8091,[139.]
8231,[148.]
8511,[118.]
8377,[125.]
8517,[137.]
7672,[126.]
7673,[126.]
7812,[129.]
7813,[134.]
7814,[143.]
7815,[120.]
7952,[148.]
7953,[141.]
7954,[129.]
7955,[110.]
7956,[150.]
8092,[137.]
8093,[174.]
8094,[131.]
8095,[107.]
8096,[104.]
8232,[117.]
8233,[138.]
8234,[124.]
8235,[112.]
8236,[133.]
8372,[134.]
8373,[146.]
8374,[115.]
8375,[120.]
8376,[129.]
8512,[139.]
8513,[122.]
8514,[134.]
8515,[157.]
8516,[129.]
8652,[118.]
8653,[104.]
5127,[108.]
2897,[130.]
2898,[129.]
2899,[255.]
3036,[121.]
3037,[107.]
3038,[113.]
3039,[106.]
3040,[114.]
3176,[120.]
3177,[94.]
3178,[114.]
3179,[118.]
3180,[105.]
3181,[149.]
3315,[120.]
3316,[96.]
3317,[119.]
3318,[92.]
3319,[107.]
3320,[99.]
3321,[105.]
3446,[131.]
3454,[144.]
3455,[146.]
3456,[99.]
3457,[119.]
3458,[119.]
3459,[166.]
3460,[109.]
3461,[93.]
3586,[131.]
3587,[111.]
3588,[123.]
3589,[149.]
3590,[117.]
3592,[114.]
3593,[128.]
3594,[138.]
3595,[116.]
3596,[102.]
3597,[133.]
3598,[122.]
3599,[133.]
3600,[131.]
3601,[96.]
3726,[129.]
3727,[149.]
3728,[147.]
3729,[117.]
3730,[124.]
3731,[103.]
3732,[141.]
3733,[129.]
3734,[156.]
3735,[159.]
3736,[121.]
3737,[122.]
3738,[98.]
3739,[116.]
3740,[103.]
3741,[167.]
3865,[135.]
3866,[139.]
3867,[132.]
3868,[137.]
3869,[135.]
3870,[152.]
3871,[121.]
3872,[122.]
3873,[139.]
3874,[125.]
3875,[99.]
3876,[96.]
3877,[99.]
3878,[94.]
3879,[101.]
3880,[103.]
3881,[90.]
4005,[159.]
4006,[150.]
4007,[143.]
4008,[138.]
4009,[147.]
4010,[154.]
4011,[131.]
4012,[141.]
4013,[116.]
4014,[147.]
4015,[116.]
4016,[101.]
4017,[88.]
4018,[130.]
4019,[99.]
4020,[104.]
4021,[122.]
4144,[136.]
4145,[113.]
4146,[140.]
4147,[158.]
4148,[147.]
4149,[142.]
4150,[159.]
4151,[145.]
4152,[130.]
4153,[125.]
4154,[121.]
4155,[90.]
4156,[101.]
4157,[111.]
4158,[96.]
4159,[147.]
4160,[106.]
4284,[153.]
4285,[121.]
4286,[118.]
4287,[139.]
4288,[155.]
4289,[144.]
4290,[137.]
4291,[105.]
4292,[126.]
4293,[129.]
4294,[91.]
4295,[83.]
4296,[132.]
4297,[103.]
4298,[116.]
4299,[149.]
4423,[160.]
4424,[169.]
4425,[168.]
4426,[157.]
4427,[153.]
4428,[149.]
4429,[119.]
4430,[153.]
4431,[115.]
4432,[116.]
4433,[86.]
4434,[84.]
4435,[146.]
4436,[114.]
4563,[174.]
4564,[164.]
4565,[138.]
4566,[79.]
4567,[86.]
4568,[119.]
4569,[127.]
4570,[109.]
4571,[130.]
4572,[106.]
4573,[129.]
4574,[155.]
4575,[127.]
4705,[142.]
4706,[111.]
4707,[96.]
4708,[115.]
4709,[124.]
4710,[95.]
4711,[103.]
4712,[138.]
4713,[132.]
4714,[105.]
4846,[132.]
4847,[111.]
4848,[101.]
4849,[104.]
4850,[148.]
4851,[129.]
4987,[137.]
4988,[92.]
4989,[99.]
4990,[74.]
9078,[123.]
9079,[134.]
9081,[128.]
9217,[140.]
9218,[127.]
9219,[118.]
9220,[151.]
9221,[140.]
9357,[171.]
9358,[86.]
9359,[111.]
9360,[147.]
9361,[138.]
9497,[118.]
9498,[124.]
9499,[134.]
9500,[145.]
9501,[117.]
9502,[134.]
9503,[142.]
9637,[141.]
9638,[140.]
9639,[142.]
9640,[136.]
9641,[149.]
9642,[151.]
9643,[152.]
9777,[111.]
9778,[130.]
9779,[135.]
9780,[146.]
9781,[168.]
9782,[145.]
9918,[122.]
9919,[135.]
9920,[169.]
9921,[150.]
10059,[151.]
10060,[134.]
3421,[255.]
3422,[255.]
3423,[255.]
3424,[140.]
3425,[160.]
3426,[153.]
3427,[162.]
3428,[166.]
3561,[255.]
3562,[255.]
3563,[255.]
3564,[137.]
3565,[147.]
3566,[141.]
3567,[96.]
3568,[106.]
3700,[255.]
3701,[255.]
3702,[255.]
3703,[255.]
3704,[152.]
3705,[145.]
3706,[153.]
3707,[108.]
3708,[111.]
3840,[255.]
3841,[255.]
3842,[255.]
3843,[255.]
3844,[165.]
3845,[146.]
3846,[104.]
3847,[110.]
3979,[255.]
3980,[255.]
3981,[255.]
3982,[255.]
3983,[255.]
3984,[128.]
3985,[88.]
3986,[90.]
4119,[255.]
4120,[255.]
4121,[255.]
4122,[255.]
4123,[126.]
4124,[139.]
4125,[130.]
4126,[127.]
4259,[255.]
4260,[255.]
4261,[255.]
4262,[141.]
4263,[155.]
4264,[154.]
4265,[132.]
4266,[149.]
4398,[255.]
4399,[255.]
4400,[255.]
4401,[255.]
4402,[117.]
4403,[125.]
4404,[130.]
4405,[122.]
4406,[165.]
4538,[255.]
4539,[255.]
4540,[255.]
4541,[255.]
4542,[141.]
4543,[155.]
4544,[159.]
4545,[162.]
4546,[139.]
4679,[255.]
4680,[255.]
4681,[255.]
4682,[131.]
4683,[88.]
4684,[128.]
4685,[109.]
4686,[145.]
4819,[255.]
4820,[255.]
4821,[255.]
4822,[113.]
4823,[92.]
4824,[121.]
4825,[114.]
4826,[147.]
4959,[255.]
4960,[255.]
4961,[255.]
4962,[95.]
4963,[139.]
4964,[106.]
4965,[162.]
4966,[169.]
5100,[255.]
5101,[255.]
5102,[255.]
5103,[115.]
5104,[146.]
5105,[169.]
5240,[255.]
5241,[255.]
5242,[255.]
5243,[134.]
5244,[157.]
5245,[162.]
5380,[255.]
5381,[255.]
5382,[255.]
5383,[143.]
5384,[153.]
5520,[255.]
5521,[255.]
5522,[138.]
5523,[150.]
5524,[168.]
5660,[255.]
5661,[255.]
5662,[255.]
5663,[150.]
7758,[141.]
7893,[111.]
7894,[142.]
7895,[133.]
7896,[104.]
7897,[125.]
7898,[119.]
8034,[100.]
8035,[129.]
8036,[127.]
8037,[147.]
8038,[102.]
8039,[124.]
8174,[122.]
8175,[108.]
8176,[90.]
8177,[111.]
8178,[125.]
8179,[104.]
8315,[116.]
8316,[127.]
8317,[107.]
8318,[120.]
8455,[146.]
8456,[147.]
8457,[130.]
8595,[141.]
8596,[129.]
8736,[158.]
3182,[130.]
3322,[99.]
3462,[119.]
3602,[97.]
3742,[165.]
2494,[175.]
2495,[174.]
2632,[175.]
2633,[145.]
2634,[139.]
2635,[146.]
2767,[99.]
2768,[146.]
2769,[119.]
2770,[146.]
2771,[126.]
2772,[99.]
2773,[145.]
2774,[133.]
2905,[159.]
2906,[95.]
2907,[134.]
2908,[140.]
2909,[146.]
2910,[147.]
2911,[134.]
2912,[175.]
2913,[146.]
2914,[168.]
3043,[131.]
3044,[126.]
3045,[98.]
3046,[107.]
3047,[133.]
3048,[124.]
3049,[121.]
3050,[122.]
3051,[145.]
3052,[175.]
3053,[145.]
3054,[158.]
3183,[122.]
3184,[107.]
3185,[121.]
3186,[147.]
3187,[151.]
3188,[120.]
3189,[151.]
3190,[127.]
3191,[115.]
3192,[175.]
3193,[175.]
3194,[175.]
3323,[108.]
3324,[114.]
3325,[133.]
3326,[110.]
3327,[148.]
3328,[156.]
3329,[144.]
3330,[127.]
3331,[136.]
3332,[155.]
3333,[175.]
3334,[175.]
3335,[173.]
3336,[160.]
3337,[137.]
3463,[108.]
3464,[132.]
3465,[132.]
3466,[149.]
3467,[151.]
3468,[126.]
3469,[142.]
3470,[112.]
3471,[102.]
3472,[109.]
3473,[139.]
3474,[163.]
3475,[175.]
3476,[149.]
3477,[167.]
3478,[156.]
3603,[99.]
3604,[130.]
3605,[140.]
3606,[135.]
3607,[137.]
3608,[157.]
3609,[116.]
3610,[109.]
3611,[111.]
3612,[127.]
3613,[133.]
3614,[125.]
3615,[154.]
3616,[175.]
3743,[127.]
3744,[141.]
3745,[146.]
3746,[139.]
3747,[130.]
3748,[129.]
3749,[139.]
3750,[97.]
3751,[98.]
3752,[139.]
3753,[144.]
3754,[109.]
3755,[128.]
3885,[125.]
3886,[124.]
3888,[154.]
3889,[135.]
3890,[102.]
3891,[91.]
3892,[96.]
3893,[130.]
3894,[115.]
4028,[149.]
4029,[123.]
4030,[110.]
4031,[123.]
4032,[97.]
4033,[111.]
4034,[119.]
4170,[147.]
4171,[111.]
4172,[103.]
22038,[164.]
22039,[173.]
22040,[163.]
22041,[158.]
22042,[158.]
22043,[172.]
22044,[173.]
22045,[171.]
19938,[175.]
19939,[142.]
19940,[175.]
20077,[175.]
20078,[159.]
20079,[175.]
20080,[166.]
20081,[162.]
20216,[152.]
20217,[165.]
20218,[164.]
20219,[167.]
20220,[158.]
20221,[173.]
20356,[168.]
20357,[167.]
20358,[173.]
20359,[170.]
20360,[171.]
20361,[175.]
20496,[165.]
20497,[166.]
20498,[159.]
20499,[166.]
20500,[173.]
20501,[170.]
20636,[141.]
20637,[154.]
20638,[138.]
20639,[175.]
20640,[174.]
20775,[145.]
20776,[141.]
20777,[151.]
20778,[175.]
20779,[175.]
20780,[175.]
20781,[173.]
20914,[139.]
20915,[166.]
20916,[175.]
20917,[169.]
20918,[170.]
20919,[175.]
20920,[163.]
20921,[169.]
20922,[170.]
20923,[167.]
20924,[175.]
20925,[164.]
21054,[153.]
21055,[150.]
21056,[152.]
21057,[171.]
21058,[163.]
21059,[167.]
21060,[175.]
21061,[168.]
21062,[175.]
21063,[175.]
21064,[170.]
21065,[156.]
21194,[162.]
21195,[160.]
21196,[163.]
21197,[175.]
21198,[163.]
21199,[146.]
21200,[173.]
21201,[158.]
21202,[171.]
21203,[169.]
21204,[171.]
21205,[175.]
21206,[175.]
21335,[143.]
21336,[145.]
21337,[153.]
21338,[166.]
21339,[175.]
21340,[170.]
21341,[158.]
21342,[173.]
21343,[175.]
21344,[171.]
21345,[172.]
21476,[151.]
21477,[163.]
21478,[167.]
21479,[160.]
21480,[157.]
21481,[153.]
21482,[173.]
21483,[171.]
21484,[162.]
21485,[175.]
21616,[165.]
21617,[153.]
21618,[163.]
21619,[174.]
21620,[147.]
21621,[170.]
21622,[165.]
21623,[172.]
21624,[166.]
21625,[169.]
21756,[166.]
21757,[169.]
21758,[157.]
21759,[165.]
21760,[174.]
21761,[175.]
21762,[161.]
21763,[175.]
21764,[175.]
21765,[172.]
21896,[170.]
21897,[161.]
21898,[151.]
21899,[159.]
21900,[167.]
21901,[168.]
21902,[162.]
21903,[175.]
21904,[175.]
21905,[175.]
3617,[175.]
3618,[137.]
3756,[153.]
3757,[165.]
3758,[151.]
3895,[117.]
3896,[122.]
3897,[167.]
3898,[166.]
4035,[122.]
4036,[126.]
4037,[130.]
3619,[144.]
3620,[150.]
3759,[160.]
3760,[164.]
3899,[160.]
12121,[173.]
12401,[158.]
10848,[136.]
10988,[114.]
10989,[109.]
11127,[165.]
11128,[126.]
11129,[131.]
11130,[120.]
11131,[148.]
11133,[146.]
11134,[139.]
11135,[145.]
11268,[175.]
11269,[145.]
11270,[121.]
11271,[146.]
11272,[127.]
11273,[140.]
11274,[150.]
11275,[125.]
11276,[149.]
11277,[163.]
11278,[148.]
11409,[156.]
11410,[173.]
11411,[134.]
11412,[116.]
11413,[139.]
11414,[146.]
11415,[149.]
11416,[162.]
11417,[139.]
11418,[145.]
11549,[156.]
11550,[166.]
11551,[124.]
11552,[133.]
11553,[132.]
11554,[121.]
11555,[132.]
11556,[160.]
11557,[154.]
11558,[163.]
11559,[162.]
11689,[162.]
11690,[102.]
11691,[136.]
11692,[106.]
11693,[117.]
11694,[138.]
11695,[140.]
11696,[131.]
11697,[163.]
11698,[160.]
11699,[147.]
11829,[141.]
11830,[122.]
11831,[101.]
11832,[105.]
11833,[99.]
11834,[144.]
11835,[149.]
11836,[123.]
11837,[116.]
11838,[135.]
11839,[131.]
11969,[135.]
11970,[108.]
11971,[120.]
11972,[107.]
11973,[148.]
11974,[113.]
11975,[149.]
11976,[138.]
11977,[122.]
11978,[156.]
11979,[161.]
11980,[147.]
12109,[175.]
12110,[107.]
12111,[106.]
12112,[115.]
12113,[119.]
12114,[127.]
12115,[130.]
12116,[135.]
12117,[125.]
12118,[112.]
12119,[145.]
12120,[128.]
12249,[173.]
12250,[114.]
12251,[98.]
12252,[126.]
12253,[129.]
12254,[142.]
12255,[117.]
12256,[126.]
12257,[112.]
12258,[138.]
12259,[163.]
12260,[147.]
12389,[153.]
12390,[115.]
12391,[120.]
12392,[114.]
12393,[133.]
12394,[130.]
12395,[122.]
12396,[131.]
12397,[118.]
12398,[132.]
12399,[125.]
12400,[155.]
12530,[141.]
12531,[117.]
12532,[127.]
12533,[119.]
12534,[129.]
12535,[132.]
12536,[115.]
12537,[141.]
12538,[134.]
12539,[103.]
12669,[102.]
12670,[116.]
12671,[121.]
12672,[109.]
12673,[150.]
12674,[160.]
12814,[127.]
6953,[172.]
6954,[165.]
7093,[175.]
7094,[146.]
7233,[149.]
7234,[144.]
7373,[131.]
7374,[103.]
7513,[124.]
7514,[96.]
6398,[106.]
6537,[137.]
6538,[125.]
6677,[114.]
6678,[139.]
6817,[111.]
6818,[127.]
6819,[144.]
6955,[136.]
6956,[120.]
6957,[125.]
6958,[127.]
6959,[117.]
7095,[151.]
7096,[116.]
7097,[154.]
7098,[119.]
7099,[151.]
7100,[160.]
7235,[116.]
7236,[123.]
7237,[164.]
7238,[131.]
7239,[151.]
7240,[159.]
7241,[160.]
7375,[108.]
7376,[137.]
7377,[152.]
7378,[140.]
7379,[123.]
7516,[135.]
7517,[138.]
8075,[146.]
8076,[87.]
8077,[127.]
8215,[137.]
8216,[149.]
7655,[120.]
7794,[147.]
7795,[159.]
7934,[152.]
7935,[120.]
7383,[150.]
7384,[129.]
7523,[142.]
7663,[155.]
7803,[145.]
7380,[124.]
7381,[143.]
7515,[128.]
7518,[110.]
7519,[127.]
7520,[122.]
7521,[157.]
7656,[106.]
7657,[109.]
7658,[146.]
7659,[111.]
7660,[120.]
7661,[127.]
7382,[145.]
7522,[133.]
7662,[171.]
7796,[128.]
7797,[107.]
7798,[139.]
7799,[150.]
7800,[132.]
7801,[129.]
7802,[138.]
7936,[131.]
7937,[115.]
7938,[113.]
7939,[120.]
7940,[125.]
7941,[131.]
7942,[147.]
10973,[115.]
9297,[136.]
9298,[117.]
9434,[128.]
9435,[131.]
9436,[146.]
9437,[130.]
9438,[104.]
9574,[131.]
9575,[130.]
9576,[146.]
9577,[134.]
9578,[97.]
9713,[140.]
9714,[94.]
9715,[118.]
9716,[147.]
9717,[106.]
9718,[125.]
9849,[155.]
9850,[113.]
9851,[141.]
9852,[117.]
9853,[130.]
9854,[113.]
9855,[154.]
9856,[126.]
9857,[113.]
9989,[107.]
9990,[108.]
9991,[133.]
9992,[113.]
9993,[112.]
9994,[91.]
9995,[109.]
9996,[110.]
10128,[112.]
10129,[93.]
10130,[105.]
10131,[111.]
10132,[119.]
10133,[126.]
10134,[126.]
10135,[90.]
10136,[143.]
10137,[128.]
10269,[116.]
10270,[106.]
10271,[116.]
10272,[123.]
10273,[94.]
10274,[125.]
10275,[129.]
10276,[148.]
10277,[143.]
10278,[99.]
10410,[119.]
10411,[106.]
10412,[109.]
10413,[86.]
10414,[110.]
10415,[128.]
10416,[158.]
10417,[132.]
10418,[152.]
10551,[97.]
10552,[129.]
10553,[118.]
10554,[115.]
10555,[117.]
10556,[111.]
10557,[155.]
10558,[139.]
10692,[124.]
10693,[132.]
10694,[140.]
10695,[128.]
10696,[153.]
10697,[115.]
10698,[141.]
10832,[134.]
10833,[138.]
10834,[163.]
10835,[111.]
10974,[111.]
10975,[120.]
11114,[139.]
8846,[139.]
8986,[153.]
9126,[136.]
9266,[121.]
9406,[109.]
9546,[108.]
9547,[125.]
9686,[111.]
9687,[116.]
9688,[121.]
8284,[136.]
8285,[148.]
8421,[116.]
8422,[143.]
8423,[161.]
8424,[159.]
8425,[127.]
8558,[147.]
8559,[147.]
8560,[123.]
8561,[168.]
8562,[172.]
8563,[161.]
8564,[163.]
8565,[166.]
8696,[128.]
8697,[128.]
8698,[152.]
8699,[152.]
8700,[130.]
8701,[129.]
8702,[141.]
8703,[133.]
8704,[169.]
8705,[159.]
8834,[93.]
8835,[128.]
8836,[129.]
8837,[131.]
8838,[120.]
8839,[124.]
8840,[162.]
8841,[147.]
8842,[161.]
8843,[141.]
8844,[142.]
8845,[140.]
8974,[165.]
8975,[159.]
8976,[142.]
8977,[138.]
8978,[129.]
8979,[139.]
8980,[148.]
8981,[132.]
8982,[156.]
8983,[157.]
8984,[163.]
8985,[167.]
9114,[173.]
9115,[97.]
9116,[142.]
9117,[121.]
9118,[125.]
9119,[144.]
9120,[127.]
9121,[154.]
9122,[154.]
9123,[164.]
9124,[168.]
9125,[143.]
9255,[126.]
9256,[160.]
9257,[119.]
9258,[128.]
9259,[142.]
9260,[141.]
9261,[141.]
9262,[144.]
9263,[163.]
9264,[140.]
9265,[144.]
9396,[114.]
9397,[121.]
9398,[149.]
9399,[143.]
9400,[142.]
9401,[161.]
9402,[164.]
9403,[152.]
9404,[152.]
9405,[109.]
9536,[104.]
9537,[123.]
9538,[129.]
9539,[128.]
9540,[106.]
9541,[123.]
9542,[129.]
9543,[104.]
9544,[101.]
9545,[105.]
9676,[107.]
9677,[127.]
9678,[144.]
9679,[163.]
9680,[132.]
9681,[125.]
9682,[122.]
9683,[155.]
9684,[152.]
9685,[109.]
9816,[140.]
9817,[148.]
9821,[148.]
9822,[111.]
9823,[93.]
9824,[162.]
9825,[255.]
7735,[150.]
7736,[110.]
7737,[117.]
7738,[132.]
7739,[127.]
7740,[160.]
7741,[139.]
7742,[134.]
7743,[135.]
7875,[120.]
7876,[137.]
7877,[139.]
7878,[154.]
7879,[126.]
7880,[145.]
7881,[134.]
7882,[132.]
8016,[119.]
8017,[96.]
8018,[120.]
8019,[121.]
8020,[115.]
8021,[97.]
8022,[131.]
8023,[120.]
8158,[111.]
8159,[127.]
8160,[141.]
8161,[142.]
8162,[123.]
8298,[100.]
8299,[131.]
8300,[122.]
8301,[136.]
8302,[146.]
8303,[117.]
8439,[120.]
8440,[126.]
8441,[143.]
8442,[115.]
8443,[130.]
8580,[111.]
8581,[105.]
8582,[121.]
8583,[105.]
8720,[98.]
8721,[99.]
8722,[147.]
8723,[101.]
8860,[128.]
8861,[126.]
8862,[91.]
8863,[125.]
9001,[81.]
9002,[128.]
9003,[98.]
9142,[112.]
9143,[109.]
7185,[101.]
7323,[142.]
7324,[93.]
7325,[123.]
7326,[100.]
7460,[146.]
7461,[125.]
7462,[142.]
7463,[123.]
7464,[138.]
7598,[140.]
7599,[122.]
7600,[142.]
7601,[143.]
7602,[118.]
7603,[129.]
7604,[156.]
7744,[128.]
8165,[147.]
8304,[118.]
8305,[142.]
8444,[111.]
8584,[138.]
8724,[96.]
8864,[119.]
8865,[119.]
9004,[114.]
9005,[133.]
22046,[168.]
22047,[172.]
22186,[154.]
22187,[140.]
22326,[159.]
22327,[159.]
22747,[165.]
22887,[168.]
22188,[135.]
22328,[161.]
22329,[151.]
22330,[159.]
22468,[164.]
22469,[158.]
22470,[148.]
22608,[149.]
22609,[153.]
22610,[155.]
22748,[151.]
22749,[169.]
11393,[98.]
11533,[135.]
11673,[127.]
11813,[134.]
11953,[134.]
12373,[144.]
11254,[99.]
11255,[107.]
11256,[255.]
11394,[89.]
11395,[118.]
11396,[86.]
11397,[115.]
11398,[153.]
11534,[124.]
11535,[127.]
11536,[109.]
11537,[125.]
11538,[135.]
11539,[128.]
11540,[175.]
11674,[106.]
11675,[102.]
11676,[117.]
11677,[91.]
11678,[125.]
11679,[101.]
11680,[117.]
11814,[120.]
11815,[114.]
11816,[152.]
11817,[113.]
11818,[116.]
11954,[113.]
11955,[127.]
11956,[109.]
11957,[109.]
12094,[136.]
12095,[135.]
12096,[138.]
12097,[115.]
12234,[144.]
12235,[136.]
12236,[100.]
12374,[106.]
12375,[122.]
12376,[137.]
7823,[137.]
7962,[149.]
7963,[140.]
8103,[130.]
8243,[143.]
7827,[134.]
7964,[143.]
7965,[126.]
7966,[150.]
7967,[129.]
8104,[139.]
8105,[134.]
8106,[160.]
8107,[112.]
8244,[144.]
8245,[125.]
8246,[152.]
14482,[132.]
14622,[156.]
14761,[169.]
14762,[138.]
14902,[148.]
15042,[151.]
15181,[168.]
15182,[159.]
14483,[156.]
14623,[115.]
14624,[166.]
14625,[171.]
14626,[171.]
14627,[157.]
14628,[171.]
14629,[166.]
14763,[147.]
14764,[163.]
14765,[175.]
14766,[169.]
14767,[171.]
14768,[172.]
14769,[175.]
14770,[175.]
14903,[144.]
14904,[157.]
14905,[163.]
14906,[174.]
14907,[172.]
14908,[167.]
14909,[175.]
14910,[175.]
14911,[175.]
14912,[160.]
15043,[169.]
15044,[151.]
15045,[149.]
15046,[175.]
15047,[175.]
15048,[175.]
15049,[158.]
15050,[163.]
15051,[162.]
15052,[173.]
15183,[158.]
15184,[163.]
15185,[166.]
15186,[154.]
15187,[161.]
15188,[167.]
15189,[172.]
15190,[168.]
15191,[172.]
15192,[175.]
15323,[154.]
15324,[166.]
15325,[162.]
15326,[159.]
15327,[158.]
15328,[172.]
15329,[173.]
15330,[167.]
15331,[171.]
15464,[155.]
15465,[159.]
15466,[162.]
15467,[175.]
15468,[173.]
15469,[171.]
15470,[175.]
15607,[160.]
15608,[161.]
15609,[168.]
8338,[136.]
8478,[144.]
8479,[88.]
8618,[146.]
8758,[138.]
9038,[129.]
9039,[118.]
7633,[138.]
7634,[137.]
7772,[122.]
7773,[149.]
7774,[145.]
7775,[140.]
7913,[129.]
7914,[117.]
7915,[157.]
8054,[112.]
8055,[147.]
8056,[156.]
8057,[155.]
8195,[166.]
8196,[167.]
8197,[143.]
8335,[162.]
8336,[140.]
8337,[144.]
8475,[150.]
8476,[114.]
8477,[160.]
8615,[129.]
8616,[142.]
8617,[159.]
8754,[158.]
8755,[107.]
8756,[116.]
8757,[128.]
8894,[165.]
8895,[106.]
8896,[110.]
8897,[116.]
9034,[108.]
9035,[144.]
9036,[103.]
9037,[121.]
9174,[166.]
9175,[85.]
9176,[86.]
9177,[115.]
9178,[122.]
9179,[121.]
9315,[103.]
9316,[163.]
9317,[137.]
9318,[163.]
9319,[125.]
6507,[136.]
6508,[154.]
6509,[175.]
6647,[146.]
6648,[174.]
5951,[173.]
6091,[140.]
6092,[156.]
6093,[167.]
6231,[161.]
6232,[169.]
6233,[161.]
6371,[171.]
6372,[152.]
5803,[154.]
5805,[160.]
5943,[163.]
5944,[158.]
5945,[159.]
5946,[125.]
5947,[150.]
5948,[149.]
5949,[148.]
5950,[140.]
6083,[159.]
6084,[130.]
6085,[163.]
6086,[148.]
6087,[131.]
6088,[141.]
6089,[134.]
6090,[170.]
6224,[128.]
6225,[151.]
6226,[167.]
6227,[146.]
6228,[138.]
6229,[113.]
6230,[159.]
6364,[141.]
6365,[159.]
6366,[154.]
6367,[155.]
6368,[155.]
6369,[144.]
6370,[175.]
6505,[127.]
6506,[139.]
6646,[148.]
9352,[102.]
9353,[137.]
9354,[112.]
9355,[135.]
9356,[100.]
9490,[122.]
9491,[126.]
9492,[119.]
9493,[148.]
9494,[104.]
9495,[116.]
9496,[130.]
9631,[98.]
9632,[107.]
9633,[96.]
9634,[102.]
9635,[113.]
9636,[95.]
8518,[121.]
8657,[151.]
8658,[132.]
8659,[120.]
8797,[119.]
8798,[95.]
8937,[114.]
9077,[118.]
8654,[114.]
8655,[122.]
8656,[141.]
8936,[107.]
9076,[95.]
9216,[109.]
8794,[129.]
8795,[108.]
8796,[129.]
8934,[77.]
8935,[81.]
9073,[94.]
9074,[104.]
9075,[124.]
9213,[103.]
9214,[121.]
9215,[133.]
15164,[142.]
15165,[136.]
15166,[255.]
15167,[124.]
15304,[142.]
15307,[165.]
14045,[163.]
14184,[156.]
14185,[170.]
14186,[157.]
14187,[147.]
14324,[152.]
14325,[157.]
14326,[155.]
14327,[170.]
14328,[157.]
14465,[175.]
14466,[159.]
14467,[166.]
14468,[112.]
14604,[120.]
14605,[171.]
14606,[165.]
14607,[139.]
14608,[129.]
14742,[153.]
14743,[136.]
14744,[155.]
14745,[138.]
14746,[157.]
14747,[146.]
14748,[135.]
14882,[149.]
14883,[153.]
14884,[123.]
14885,[112.]
14886,[143.]
14887,[167.]
14888,[141.]
15024,[137.]
15025,[153.]
15026,[149.]
15027,[150.]
15028,[140.]
23026,[172.]
23027,[166.]
23164,[149.]
23165,[174.]
23166,[161.]
23167,[163.]
23299,[171.]
23300,[175.]
23301,[175.]
23302,[166.]
23303,[146.]
23304,[156.]
23305,[175.]
23306,[175.]
23307,[172.]
23440,[162.]
23441,[174.]
23442,[162.]
23443,[144.]
23444,[175.]
23445,[175.]
23446,[255.]
23030,[158.]
23031,[159.]
23169,[168.]
23170,[148.]
23308,[171.]
23309,[175.]
23448,[255.]
23449,[153.]
9602,[129.]
9604,[150.]
9743,[162.]
9744,[115.]
9745,[130.]
9883,[151.]
9884,[140.]
9885,[160.]
10023,[159.]
10024,[128.]
10025,[148.]
10163,[164.]
10164,[157.]
10165,[146.]
10166,[152.]
10167,[138.]
10304,[168.]
10305,[146.]
10306,[145.]
10307,[163.]
10447,[150.]
9053,[135.]
9054,[128.]
9055,[141.]
9193,[153.]
9194,[151.]
9195,[149.]
9333,[131.]
9334,[99.]
8912,[145.]
9049,[126.]
9050,[146.]
9051,[160.]
9052,[110.]
9190,[114.]
9191,[142.]
9192,[134.]
9330,[137.]
9331,[159.]
9332,[162.]
9470,[156.]
9471,[132.]
9472,[165.]
9473,[143.]
9474,[145.]
9475,[121.]
9476,[151.]
9477,[146.]
9609,[130.]
9610,[153.]
9611,[151.]
9612,[146.]
9613,[156.]
9614,[136.]
9615,[121.]
9616,[149.]
9617,[138.]
9751,[148.]
9752,[161.]
9753,[143.]
9754,[151.]
9755,[100.]
9756,[107.]
9757,[154.]
9891,[137.]
9892,[145.]
9893,[124.]
9894,[148.]
9895,[141.]
9896,[135.]
9897,[152.]
10031,[150.]
10032,[161.]
10033,[160.]
10034,[149.]
10035,[124.]
10036,[157.]
10037,[155.]
10038,[120.]
10172,[133.]
10173,[153.]
10174,[140.]
10175,[140.]
10176,[150.]
10177,[114.]
10178,[129.]
10314,[149.]
10315,[127.]
10316,[130.]
10317,[99.]
10454,[139.]
10455,[99.]
10456,[114.]
10457,[115.]
9283,[123.]
9423,[88.]
9288,[139.]
9289,[112.]
9290,[111.]
9291,[136.]
9292,[131.]
9293,[128.]
9294,[147.]
9428,[155.]
9429,[154.]
9430,[144.]
9431,[113.]
9432,[155.]
9433,[127.]
9568,[111.]
9569,[150.]
9570,[141.]
9571,[105.]
9572,[125.]
9573,[127.]
9708,[117.]
9709,[126.]
9710,[104.]
9711,[114.]
9712,[86.]
9848,[113.]
9988,[114.]
9006,[105.]
9144,[92.]
9145,[138.]
9146,[132.]
9284,[123.]
9285,[87.]
9286,[109.]
8872,[151.]
9007,[156.]
9013,[146.]
9147,[132.]
9148,[131.]
9149,[144.]
9150,[123.]
9152,[130.]
9153,[128.]
9154,[123.]
9287,[128.]
9424,[94.]
9425,[102.]
9426,[83.]
9427,[134.]
9564,[79.]
9565,[94.]
9566,[120.]
9567,[114.]
9704,[105.]
9705,[89.]
9706,[127.]
9707,[102.]
9846,[94.]
9847,[92.]
9987,[89.]
17420,[163.]
17421,[145.]
15874,[147.]
15875,[137.]
16015,[115.]
16155,[175.]
15876,[166.]
16016,[162.]
16017,[163.]
16018,[163.]
16019,[154.]
16020,[153.]
16021,[169.]
16022,[166.]
16156,[168.]
16157,[164.]
16158,[166.]
16159,[161.]
16160,[161.]
16161,[170.]
16162,[168.]
16163,[164.]
16297,[168.]
16298,[145.]
16299,[153.]
16300,[152.]
16301,[167.]
16302,[151.]
16303,[169.]
16436,[149.]
16437,[174.]
16438,[169.]
16439,[157.]
16440,[171.]
16441,[151.]
16442,[168.]
16443,[175.]
16576,[147.]
16577,[159.]
16578,[166.]
16579,[168.]
16580,[172.]
16581,[174.]
16582,[166.]
16583,[165.]
16716,[162.]
16717,[158.]
16718,[147.]
16719,[171.]
16720,[153.]
16721,[157.]
16722,[160.]
16857,[163.]
16858,[172.]
16859,[163.]
16860,[162.]
16861,[148.]
16862,[158.]
16863,[156.]
16998,[165.]
16999,[158.]
17000,[141.]
17001,[174.]
17002,[150.]
17138,[152.]
17139,[171.]
17140,[155.]
17141,[170.]
17142,[162.]
17143,[255.]
17279,[170.]
17280,[169.]
17281,[147.]
17283,[255.]
9749,[163.]
9750,[129.]
9889,[156.]
9890,[129.]
10029,[130.]
10030,[148.]
10169,[133.]
10170,[167.]
10171,[160.]
10309,[130.]
10310,[148.]
10311,[141.]
10312,[162.]
10313,[136.]
10449,[138.]
10450,[141.]
10451,[151.]
10452,[128.]
10453,[133.]
9608,[154.]
9748,[156.]
9888,[171.]
10028,[131.]
10168,[123.]
10308,[143.]
10448,[123.]
10588,[124.]
10589,[125.]
10590,[120.]
10591,[112.]
10592,[142.]
10593,[134.]
10594,[135.]
10595,[122.]
10596,[126.]
10728,[134.]
10729,[141.]
10730,[144.]
10731,[134.]
10732,[142.]
10733,[134.]
10734,[127.]
10735,[116.]
10736,[123.]
10870,[151.]
10871,[150.]
10872,[148.]
10873,[156.]
10874,[129.]
10875,[127.]
10876,[130.]
11011,[155.]
11012,[129.]
11013,[116.]
11014,[105.]
11015,[121.]
11016,[135.]
11153,[132.]
11154,[120.]
11155,[143.]
12807,[150.]
12525,[120.]
12526,[154.]
12664,[115.]
12665,[138.]
12666,[128.]
12803,[93.]
12804,[93.]
12805,[136.]
12806,[159.]
12943,[92.]
12944,[127.]
12945,[129.]
12946,[125.]
12947,[164.]
12948,[143.]
12949,[175.]
13084,[175.]
13085,[124.]
13086,[151.]
13087,[173.]
13088,[144.]
13089,[138.]
13090,[160.]
13224,[174.]
13225,[133.]
13226,[159.]
13227,[145.]
13364,[146.]
13365,[168.]
13366,[172.]
13504,[147.]
13505,[151.]
13244,[255.]
13245,[163.]
13384,[164.]
13385,[175.]
13524,[167.]
13525,[175.]
13664,[255.]
16704,[147.]
16705,[170.]
16706,[174.]
16844,[161.]
16845,[162.]
16846,[171.]
16847,[146.]
16849,[146.]
16850,[152.]
16984,[155.]
16985,[154.]
16986,[173.]
16987,[166.]
16988,[137.]
16989,[140.]
17123,[135.]
17124,[150.]
17125,[153.]
17126,[148.]
17127,[148.]
17263,[148.]
17264,[147.]
17265,[156.]
17266,[132.]
17401,[120.]
17402,[140.]
17403,[153.]
17404,[124.]
17405,[140.]
17406,[150.]
17540,[95.]
17541,[122.]
17542,[122.]
17543,[130.]
17544,[131.]
17545,[121.]
17546,[160.]
17681,[139.]
17682,[137.]
17683,[162.]
17684,[126.]
17685,[148.]
17686,[153.]
17821,[133.]
3848,[94.]
3987,[101.]
3988,[121.]
4127,[108.]
4128,[155.]
4267,[154.]
4268,[132.]
4407,[143.]
4408,[119.]
4547,[116.]
4548,[164.]
4687,[106.]
4688,[144.]
4827,[152.]
4828,[170.]
4967,[159.]
4968,[143.]
5106,[144.]
5107,[160.]
5108,[165.]
5246,[136.]
5247,[144.]
5248,[153.]
5385,[131.]
5386,[168.]
5387,[154.]
5388,[125.]
5525,[174.]
5526,[166.]
5527,[142.]
5528,[146.]
5664,[152.]
5665,[158.]
5666,[141.]
5667,[137.]
5668,[127.]
5804,[150.]
5806,[128.]
5807,[135.]
5808,[145.]
3153,[175.]
3154,[146.]
3292,[155.]
3293,[109.]
3294,[134.]
3295,[127.]
3296,[158.]
3429,[129.]
3430,[132.]
3431,[125.]
3432,[125.]
3433,[88.]
3434,[120.]
3435,[111.]
3436,[112.]
3437,[153.]
3569,[115.]
3570,[134.]
3571,[131.]
3572,[129.]
3573,[129.]
3574,[160.]
3575,[143.]
3576,[136.]
3577,[118.]
3578,[128.]
3709,[116.]
3710,[104.]
3711,[136.]
3712,[169.]
3713,[132.]
3714,[104.]
3715,[105.]
3716,[115.]
3717,[117.]
3849,[106.]
3850,[127.]
3851,[99.]
3852,[169.]
3853,[165.]
3854,[158.]
3855,[162.]
3856,[117.]
3989,[112.]
3990,[156.]
3991,[135.]
3992,[127.]
3993,[160.]
3994,[161.]
3995,[163.]
3996,[99.]
4129,[172.]
4130,[160.]
4131,[162.]
4132,[106.]
4133,[152.]
4134,[138.]
4135,[166.]
4269,[159.]
4270,[105.]
4271,[128.]
4272,[153.]
4273,[160.]
4274,[133.]
4409,[130.]
4410,[125.]
4411,[159.]
4412,[142.]
4549,[146.]
4550,[161.]
4551,[106.]
4689,[155.]
4690,[111.]
4691,[126.]
4829,[155.]
4830,[169.]
4969,[129.]
4970,[134.]
5109,[136.]
5249,[136.]
5389,[151.]
5529,[146.]
14613,[120.]
14753,[113.]
14754,[125.]
14893,[117.]
14894,[134.]
14895,[129.]
15033,[122.]
15034,[117.]
15035,[122.]
15173,[124.]
15174,[115.]
15168,[127.]
15169,[116.]
15170,[139.]
15171,[133.]
15172,[132.]
15308,[115.]
15309,[126.]
15310,[175.]
15311,[153.]
15312,[150.]
15313,[120.]
15314,[118.]
15448,[100.]
15449,[127.]
15450,[151.]
15451,[135.]
15452,[166.]
15453,[163.]
15454,[148.]
15589,[153.]
15590,[146.]
15591,[170.]
15592,[148.]
15593,[143.]
15594,[133.]
15730,[150.]
15731,[174.]
15732,[174.]
15733,[144.]
15734,[131.]
15872,[145.]
14609,[110.]
14610,[128.]
14611,[125.]
14612,[141.]
14749,[116.]
14750,[124.]
14751,[118.]
14752,[127.]
14889,[106.]
14890,[140.]
14891,[90.]
14892,[110.]
15029,[130.]
15030,[120.]
15031,[123.]
15032,[125.]
22750,[158.]
22888,[175.]
22889,[156.]
22890,[175.]
23028,[147.]
23029,[142.]
23168,[147.]
22472,[163.]
22611,[157.]
22612,[160.]
22751,[146.]
22752,[162.]
22891,[164.]
22892,[147.]
8764,[117.]
8765,[132.]
8766,[142.]
8767,[156.]
8768,[125.]
8769,[113.]
8904,[114.]
8905,[135.]
8906,[145.]
8907,[139.]
8908,[108.]
8909,[102.]
8903,[110.]
9042,[120.]
9043,[127.]
9044,[124.]
9045,[129.]
9046,[132.]
9180,[116.]
9462,[134.]
9463,[134.]
9464,[111.]
9465,[105.]
9466,[135.]
9467,[149.]
9603,[158.]
9605,[148.]
9606,[118.]
9607,[104.]
9746,[148.]
9747,[130.]
9886,[149.]
9887,[153.]
10026,[135.]
10027,[124.]
9189,[131.]
9329,[138.]
9469,[154.]
9047,[161.]
9048,[124.]
9181,[129.]
9182,[122.]
9183,[88.]
9184,[97.]
9185,[132.]
9186,[124.]
9187,[119.]
9188,[142.]
9322,[127.]
9323,[118.]
9324,[122.]
9325,[109.]
9326,[120.]
9327,[143.]
9328,[128.]
9468,[152.]
9056,[143.]
9196,[157.]
9197,[103.]
9198,[133.]
9335,[105.]
9336,[141.]
9337,[164.]
9338,[150.]
9339,[136.]
10046,[86.]
10186,[121.]
10326,[114.]
10327,[102.]
10467,[140.]
9478,[118.]
9618,[132.]
9758,[134.]
9898,[131.]
10318,[97.]
10458,[151.]
10597,[125.]
10737,[114.]
10877,[125.]
9479,[143.]
9480,[139.]
9481,[138.]
9619,[128.]
9620,[143.]
9621,[149.]
9622,[116.]
9759,[115.]
9760,[117.]
9761,[117.]
9762,[107.]
9763,[140.]
9764,[116.]
9899,[153.]
9900,[112.]
9901,[116.]
9902,[103.]
9903,[128.]
9904,[121.]
9905,[135.]
10039,[107.]
10040,[121.]
10041,[101.]
10042,[135.]
10043,[137.]
10044,[140.]
10045,[109.]
10179,[133.]
10180,[99.]
10181,[132.]
10182,[104.]
10183,[125.]
10184,[125.]
10185,[150.]
10319,[145.]
10320,[130.]
10321,[121.]
10322,[123.]
10323,[122.]
10324,[118.]
10325,[130.]
10459,[139.]
10460,[127.]
10461,[135.]
10462,[112.]
10463,[124.]
10464,[118.]
10465,[127.]
10598,[135.]
10599,[149.]
10600,[114.]
10601,[151.]
10602,[120.]
10603,[117.]
10738,[134.]
10739,[136.]
10740,[144.]
10741,[136.]
10742,[103.]
10743,[130.]
10878,[134.]
10879,[151.]
10880,[117.]
12510,[132.]
12511,[116.]
12512,[115.]
12513,[136.]
13633,[160.]
13634,[120.]
13636,[109.]
13637,[113.]
13773,[154.]
13913,[124.]
14053,[128.]
14193,[137.]
12514,[156.]
12515,[127.]
12516,[129.]
12647,[149.]
12648,[114.]
12649,[147.]
12650,[122.]
12651,[116.]
12652,[161.]
12653,[134.]
12654,[115.]
12655,[130.]
12656,[166.]
12787,[122.]
12788,[151.]
12789,[159.]
12790,[134.]
12791,[142.]
12792,[136.]
12793,[118.]
12794,[164.]
12795,[154.]
12796,[119.]
12928,[143.]
12929,[143.]
12930,[154.]
12931,[135.]
12932,[143.]
12933,[143.]
12934,[146.]
12935,[111.]
12936,[141.]
13068,[152.]
13069,[148.]
13070,[157.]
13071,[135.]
13072,[125.]
13073,[153.]
13074,[138.]
13075,[126.]
13076,[133.]
13208,[144.]
13209,[149.]
13210,[142.]
13211,[147.]
13212,[145.]
13213,[135.]
13214,[122.]
13215,[141.]
13216,[137.]
13217,[131.]
13349,[169.]
13350,[161.]
13351,[165.]
13352,[164.]
13353,[126.]
13354,[126.]
13355,[128.]
13356,[124.]
13357,[130.]
13489,[156.]
13490,[143.]
13491,[161.]
13492,[165.]
13493,[145.]
13494,[116.]
13495,[124.]
13496,[124.]
13497,[138.]
13629,[146.]
13630,[144.]
13631,[134.]
13632,[162.]
13769,[152.]
13770,[149.]
13771,[149.]
13772,[140.]
13909,[156.]
13910,[142.]
13911,[137.]
13912,[149.]
14050,[158.]
14051,[143.]
14052,[145.]
14190,[147.]
14191,[147.]
14192,[151.]
14330,[143.]
14331,[155.]
14332,[133.]
14469,[163.]
14470,[133.]
14471,[143.]
14472,[160.]
5120,[159.]
5121,[153.]
5125,[174.]
5126,[119.]
3444,[90.]
3445,[103.]
3583,[114.]
3584,[118.]
3585,[120.]
3723,[122.]
3724,[116.]
3725,[135.]
3863,[144.]
3864,[141.]
4003,[140.]
4004,[119.]
4143,[139.]
4283,[133.]
4703,[156.]
4704,[142.]
4843,[175.]
4844,[142.]
4845,[175.]
4983,[132.]
4984,[152.]
4985,[130.]
4986,[142.]
3718,[111.]
3857,[117.]
3858,[123.]
3997,[126.]
3998,[131.]
4136,[142.]
4137,[131.]
4138,[121.]
4275,[160.]
4276,[131.]
4277,[128.]
4278,[159.]
4415,[171.]
4416,[164.]
4417,[153.]
4418,[171.]
4555,[128.]
4556,[152.]
4557,[171.]
4558,[155.]
4695,[172.]
4696,[153.]
4697,[164.]
4698,[138.]
4835,[169.]
4836,[175.]
4837,[148.]
4838,[153.]
4975,[169.]
4976,[175.]
4977,[168.]
4978,[159.]
3579,[114.]
3580,[154.]
3719,[119.]
3720,[126.]
3721,[135.]
3722,[135.]
3859,[160.]
3860,[134.]
3861,[130.]
3862,[118.]
3999,[169.]
4000,[108.]
4001,[147.]
4002,[122.]
4139,[117.]
4140,[139.]
4141,[146.]
4142,[157.]
4279,[138.]
4280,[133.]
4281,[154.]
4282,[130.]
4419,[142.]
4420,[147.]
4421,[160.]
4422,[141.]
4559,[135.]
4560,[168.]
4561,[150.]
4562,[144.]
4699,[168.]
4700,[164.]
4701,[157.]
4702,[175.]
4839,[172.]
4840,[152.]
4841,[175.]
4842,[165.]
4979,[166.]
4980,[175.]
4981,[142.]
4982,[165.]
12681,[159.]
12821,[165.]
12822,[149.]
12961,[155.]
12962,[146.]
12963,[162.]
13101,[152.]
13102,[160.]
13103,[164.]
13241,[165.]
13242,[162.]
13243,[162.]
12540,[153.]
12675,[154.]
12676,[164.]
12677,[149.]
12678,[146.]
12679,[155.]
12680,[171.]
12809,[142.]
12810,[113.]
12811,[119.]
12812,[136.]
12813,[151.]
12815,[143.]
12816,[160.]
12817,[163.]
12818,[148.]
12819,[171.]
12820,[154.]
12950,[127.]
12951,[105.]
12952,[127.]
12953,[159.]
12954,[157.]
12955,[157.]
12956,[150.]
12957,[163.]
12958,[160.]
12959,[158.]
12960,[156.]
13091,[130.]
13092,[140.]
13093,[146.]
13094,[155.]
13095,[142.]
13096,[173.]
13097,[156.]
13098,[148.]
13099,[154.]
13100,[160.]
13231,[152.]
13232,[168.]
13233,[162.]
13234,[174.]
13235,[146.]
13236,[132.]
13237,[162.]
13238,[146.]
13239,[147.]
13240,[161.]
13373,[147.]
13374,[155.]
13375,[161.]
13376,[150.]
13377,[152.]
13378,[151.]
13379,[144.]
13380,[141.]
13381,[175.]
13382,[166.]
13383,[148.]
13516,[149.]
13517,[139.]
13518,[138.]
13523,[166.]
18686,[165.]
18687,[162.]
18825,[166.]
18826,[170.]
18827,[160.]
18962,[159.]
18963,[162.]
18964,[165.]
18965,[163.]
18966,[160.]
18967,[172.]
19799,[167.]
19800,[162.]
19801,[175.]
19802,[172.]
18688,[255.]
18828,[150.]
18968,[145.]
18969,[146.]
19102,[159.]
19103,[154.]
19104,[158.]
19105,[167.]
19106,[175.]
19107,[157.]
19108,[170.]
19109,[175.]
19111,[255.]
19242,[157.]
19243,[170.]
19244,[171.]
19245,[152.]
19246,[153.]
19247,[162.]
19248,[175.]
19382,[154.]
19383,[160.]
19384,[174.]
19385,[170.]
19386,[158.]
19387,[161.]
19521,[170.]
19522,[165.]
19523,[161.]
19524,[170.]
19525,[173.]
19526,[160.]
19660,[167.]
19661,[165.]
19662,[160.]
19663,[174.]
12505,[146.]
14046,[168.]
14047,[156.]
14048,[145.]
14188,[154.]
12927,[126.]
13067,[154.]
13207,[143.]
13347,[134.]
13348,[166.]
13487,[157.]
13488,[161.]
13627,[135.]
13628,[148.]
13767,[138.]
13768,[150.]
13907,[163.]
13908,[150.]
14049,[158.]
14189,[151.]
14329,[151.]
12644,[135.]
12645,[130.]
12646,[126.]
12785,[145.]
12786,[142.]
12925,[147.]
12926,[131.]
13065,[143.]
13066,[155.]
13204,[154.]
13205,[172.]
13206,[167.]
13344,[155.]
13345,[131.]
13346,[132.]
13484,[175.]
13485,[172.]
13486,[167.]
13625,[175.]
13626,[153.]
13765,[160.]
13766,[141.]
13905,[162.]
13906,[172.]
8523,[156.]
8663,[139.]
8942,[156.]
8943,[147.]
9082,[141.]
9083,[152.]
9222,[156.]
9223,[154.]
9362,[164.]
9363,[142.]
8247,[156.]
8384,[126.]
8385,[168.]
8386,[145.]
8387,[145.]
8524,[131.]
8525,[124.]
8526,[146.]
8664,[148.]
8665,[120.]
8666,[146.]
8804,[142.]
8805,[174.]
8806,[140.]
8944,[148.]
9084,[160.]
9085,[156.]
9224,[164.]
9225,[175.]
9364,[144.]
9504,[174.]
24967,[147.]
25106,[174.]
25243,[166.]
25244,[157.]
25245,[175.]
25384,[159.]
25385,[175.]
10860,[140.]
10861,[175.]
11001,[158.]
10162,[155.]
10302,[148.]
10303,[155.]
10442,[164.]
10443,[159.]
10444,[148.]
10445,[159.]
10446,[153.]
10021,[160.]
10160,[150.]
10161,[145.]
10300,[163.]
10301,[154.]
10439,[138.]
10440,[136.]
10441,[165.]
10579,[150.]
10580,[170.]
10581,[151.]
10582,[141.]
10583,[167.]
10584,[159.]
10585,[163.]
10586,[145.]
10587,[140.]
10720,[167.]
10721,[167.]
10722,[151.]
10723,[175.]
10724,[148.]
10725,[145.]
10726,[161.]
10727,[141.]
10862,[141.]
10863,[146.]
10864,[132.]
10865,[133.]
10866,[125.]
10867,[147.]
11002,[156.]
11003,[165.]
11004,[154.]
11005,[139.]
11006,[146.]
11007,[143.]
11143,[149.]
11144,[148.]
11145,[153.]
11146,[158.]
11286,[118.]
11426,[141.]
11819,[110.]
11820,[115.]
11958,[113.]
11959,[103.]
11960,[97.]
12098,[121.]
12099,[118.]
12100,[127.]
12239,[113.]
12240,[111.]
12379,[129.]
12380,[104.]
12383,[113.]
12384,[93.]
12385,[101.]
12523,[93.]
12524,[104.]
12663,[82.]
11681,[120.]
11682,[113.]
11683,[168.]
11821,[143.]
11822,[123.]
11823,[98.]
11824,[164.]
11961,[109.]
11962,[99.]
11963,[102.]
11964,[170.]
12101,[101.]
12102,[107.]
12103,[95.]
12104,[126.]
12241,[104.]
12242,[108.]
12243,[121.]
12244,[93.]
12245,[255.]
12381,[95.]
12382,[90.]
12521,[108.]
12522,[116.]
14342,[150.]
14484,[160.]
14485,[168.]
14486,[173.]
14487,[175.]
14488,[175.]
14489,[175.]
14490,[175.]
14491,[168.]
14492,[170.]
14493,[158.]
14630,[161.]
14631,[161.]
14632,[168.]
14633,[158.]
14771,[172.]
14772,[161.]
14773,[169.]
14913,[156.]
13228,[155.]
13229,[124.]
13367,[167.]
13368,[123.]
13369,[126.]
13506,[152.]
13507,[160.]
13508,[159.]
13509,[168.]
13645,[156.]
13646,[138.]
13647,[141.]
13648,[166.]
13649,[175.]
13784,[145.]
13785,[140.]
13786,[110.]
13787,[132.]
13788,[153.]
13789,[158.]
13790,[152.]
13923,[164.]
13924,[139.]
13925,[128.]
13926,[134.]
13927,[147.]
13928,[159.]
13929,[164.]
13930,[160.]
14063,[152.]
14064,[125.]
14065,[103.]
14066,[156.]
14067,[160.]
14068,[155.]
14069,[175.]
14070,[164.]
14203,[139.]
14204,[170.]
14205,[160.]
14206,[167.]
14207,[152.]
14208,[155.]
14209,[166.]
14210,[156.]
14211,[175.]
14343,[174.]
14344,[151.]
14345,[153.]
14346,[160.]
14347,[166.]
14348,[158.]
14349,[159.]
14350,[158.]
14351,[175.]
14352,[155.]
14774,[150.]
14914,[153.]
8785,[159.]
8925,[141.]
9348,[100.]
9350,[99.]
9351,[103.]
8651,[121.]
8650,[132.]
8790,[150.]
8791,[145.]
8792,[141.]
8793,[127.]
8930,[138.]
8931,[141.]
8932,[125.]
8933,[120.]
9070,[127.]
9071,[149.]
9072,[120.]
9210,[137.]
9211,[137.]
9212,[102.]
9066,[129.]
9067,[108.]
8646,[157.]
8647,[101.]
8648,[115.]
8649,[147.]
8786,[110.]
8787,[151.]
8788,[136.]
8789,[126.]
8926,[158.]
8927,[129.]
8928,[153.]
8929,[148.]
9068,[148.]
9069,[107.]
9208,[123.]
9209,[113.]
12127,[135.]
12266,[157.]
12267,[126.]
12268,[162.]
12405,[165.]
12406,[162.]
12407,[157.]
12408,[154.]
12409,[169.]
12546,[158.]
12547,[154.]
12548,[155.]
12549,[167.]
12686,[158.]
12687,[154.]
12688,[162.]
12689,[138.]
12829,[175.]
12690,[149.]
15321,[152.]
15322,[161.]
15462,[157.]
15463,[147.]
15602,[173.]
15603,[141.]
15604,[168.]
15605,[147.]
15606,[173.]
15882,[161.]
15883,[163.]
15884,[171.]
16023,[173.]
16024,[175.]
15742,[170.]
15743,[171.]
15744,[170.]
15745,[161.]
15746,[158.]
15747,[162.]
15748,[172.]
15885,[172.]
15886,[164.]
15887,[164.]
16025,[170.]
16026,[159.]
16165,[151.]
13638,[143.]
13639,[166.]
13640,[157.]
13641,[154.]
13642,[162.]
13778,[100.]
13779,[141.]
13780,[141.]
13781,[155.]
13782,[144.]
13921,[160.]
13922,[156.]
12237,[105.]
12238,[123.]
12377,[111.]
12378,[106.]
13083,[111.]
13223,[99.]
13363,[154.]
13503,[172.]
13643,[153.]
13644,[171.]
12517,[118.]
12657,[145.]
12797,[151.]
12937,[123.]
13077,[131.]
12518,[115.]
12519,[106.]
12520,[144.]
12658,[119.]
12659,[123.]
12660,[119.]
12661,[96.]
12662,[108.]
13222,[123.]
13362,[108.]
13502,[169.]
13783,[154.]
12798,[169.]
12799,[111.]
12800,[101.]
12801,[100.]
12802,[86.]
12938,[106.]
12939,[127.]
12940,[143.]
12941,[114.]
12942,[124.]
13078,[100.]
13079,[104.]
13080,[139.]
13081,[128.]
13082,[114.]
13218,[123.]
13219,[128.]
13220,[145.]
13221,[137.]
13358,[119.]
13359,[101.]
13360,[148.]
13361,[136.]
13498,[164.]
13499,[127.]
13500,[109.]
13501,[130.]
9695,[255.]
9696,[255.]
9697,[255.]
9698,[111.]
9699,[98.]
9700,[104.]
9701,[120.]
9702,[89.]
9703,[96.]
9843,[92.]
9844,[82.]
9983,[95.]
9984,[117.]
10123,[134.]
9834,[255.]
9835,[255.]
9836,[255.]
9837,[118.]
9838,[133.]
9839,[73.]
9840,[86.]
9841,[101.]
9842,[86.]
9974,[255.]
9975,[101.]
9976,[126.]
9977,[136.]
9978,[132.]
9979,[114.]
9980,[110.]
9981,[127.]
9982,[108.]
10114,[127.]
10115,[120.]
10116,[131.]
10117,[137.]
10118,[143.]
10119,[119.]
10120,[135.]
10121,[128.]
10122,[117.]
10254,[161.]
10255,[141.]
10256,[103.]
10257,[139.]
10258,[136.]
10259,[151.]
10260,[144.]
10261,[140.]
10262,[146.]
10394,[131.]
10395,[124.]
10396,[127.]
10397,[159.]
10398,[140.]
10399,[143.]
10400,[147.]
10401,[145.]
10532,[134.]
10533,[118.]
10534,[148.]
10535,[140.]
10536,[126.]
10537,[112.]
10538,[93.]
10539,[136.]
10540,[135.]
10541,[117.]
10672,[139.]
10673,[123.]
10674,[147.]
10675,[129.]
10676,[117.]
10677,[132.]
10678,[112.]
10679,[153.]
10680,[124.]
10681,[134.]
10682,[135.]
10813,[130.]
10814,[119.]
10815,[133.]
10816,[133.]
10817,[141.]
10818,[116.]
10819,[146.]
10820,[161.]
10821,[166.]
10822,[128.]
10953,[127.]
10954,[126.]
10955,[118.]
10956,[90.]
10957,[119.]
10958,[121.]
10959,[98.]
10960,[116.]
11099,[111.]
11100,[140.]
8319,[125.]
8458,[118.]
8459,[111.]
8597,[117.]
8598,[122.]
8599,[95.]
8737,[146.]
8738,[142.]
8739,[115.]
8876,[155.]
8877,[146.]
8878,[156.]
8879,[175.]
9295,[129.]
9296,[139.]
9299,[146.]
8320,[140.]
8460,[123.]
8600,[135.]
8740,[140.]
8880,[116.]
9015,[133.]
9016,[152.]
9017,[158.]
9018,[171.]
9019,[130.]
9020,[102.]
9155,[133.]
9156,[169.]
9157,[142.]
9158,[120.]
9159,[129.]
9160,[129.]
17416,[153.]
17417,[164.]
17418,[172.]
17419,[155.]
17556,[151.]
17557,[135.]
17558,[175.]
17559,[164.]
17696,[150.]
17697,[129.]
17698,[162.]
17699,[175.]
17836,[165.]
17837,[175.]
17976,[159.]
16295,[160.]
16431,[174.]
16432,[151.]
16434,[130.]
16435,[155.]
16570,[175.]
16571,[166.]
16572,[147.]
16573,[146.]
16574,[137.]
16575,[160.]
16710,[148.]
16711,[153.]
16712,[144.]
16713,[162.]
16714,[143.]
16715,[174.]
16851,[135.]
16852,[134.]
16853,[132.]
16854,[136.]
16855,[168.]
16296,[166.]
16856,[154.]
16994,[153.]
16995,[168.]
16996,[115.]
16997,[170.]
17134,[162.]
17135,[156.]
17136,[159.]
17137,[159.]
17274,[166.]
17275,[136.]
17276,[154.]
17277,[154.]
17278,[158.]
17414,[168.]
17415,[161.]
16991,[137.]
16992,[118.]
16993,[168.]
17131,[142.]
17132,[144.]
17133,[138.]
17272,[156.]
17273,[158.]
17413,[166.]
17554,[160.]
17555,[146.]
17695,[166.]
17835,[175.]
17975,[162.]
7644,[137.]
7645,[139.]
7646,[148.]
7647,[175.]
7648,[151.]
7784,[154.]
7785,[131.]
7786,[168.]
7787,[162.]
7788,[169.]
7789,[161.]
7790,[138.]
7791,[165.]
7924,[136.]
7925,[158.]
7926,[127.]
7927,[144.]
7928,[117.]
7929,[159.]
7930,[135.]
8065,[175.]
8066,[148.]
8067,[118.]
7640,[166.]
7641,[132.]
7642,[174.]
7643,[171.]
7781,[150.]
7782,[116.]
7783,[137.]
7922,[123.]
7923,[167.]
7358,[173.]
7360,[172.]
7361,[173.]
7362,[155.]
7498,[170.]
7499,[165.]
7500,[175.]
7501,[159.]
7502,[148.]
7503,[175.]
7504,[155.]
7505,[120.]
18661,[143.]
18662,[156.]
18663,[135.]
18664,[124.]
18665,[151.]
18666,[156.]
18667,[125.]
18668,[145.]
18804,[128.]
18805,[123.]
18806,[141.]
18807,[127.]
18808,[255.]
18946,[162.]
18116,[152.]
18117,[160.]
18256,[162.]
18396,[170.]
16990,[129.]
17128,[172.]
17129,[126.]
17130,[138.]
17267,[146.]
17268,[150.]
17269,[162.]
17270,[150.]
17407,[145.]
17408,[123.]
17409,[151.]
17410,[160.]
17547,[125.]
17548,[154.]
17549,[157.]
17550,[165.]
17687,[116.]
17688,[152.]
17689,[161.]
17690,[175.]
17822,[148.]
17823,[140.]
17824,[151.]
17825,[120.]
17826,[149.]
17827,[135.]
17828,[157.]
17829,[152.]
17830,[175.]
17271,[151.]
17411,[128.]
17412,[162.]
17551,[171.]
17552,[167.]
17553,[169.]
17691,[170.]
17692,[174.]
17693,[175.]
17694,[170.]
17831,[173.]
17832,[170.]
17833,[157.]
17834,[170.]
17970,[166.]
17971,[164.]
17972,[172.]
17973,[162.]
17974,[172.]
17961,[128.]
17962,[120.]
17963,[117.]
17964,[137.]
17965,[132.]
17966,[149.]
17967,[165.]
17968,[165.]
17969,[157.]
18100,[120.]
18101,[129.]
18102,[149.]
18103,[122.]
18104,[144.]
18105,[161.]
18106,[142.]
18107,[138.]
18108,[157.]
18109,[167.]
18110,[163.]
18111,[138.]
18112,[154.]
18113,[156.]
18114,[163.]
18115,[147.]
18240,[142.]
18241,[149.]
18242,[124.]
18243,[129.]
18244,[164.]
18245,[157.]
18246,[134.]
18247,[162.]
18248,[166.]
18249,[159.]
18250,[165.]
18251,[154.]
18252,[168.]
18253,[148.]
18254,[134.]
18255,[165.]
18380,[140.]
18381,[162.]
18382,[111.]
18383,[160.]
18384,[149.]
18385,[173.]
18386,[170.]
18387,[155.]
18388,[161.]
18389,[168.]
18390,[159.]
18391,[153.]
18392,[146.]
18393,[175.]
18394,[164.]
18395,[156.]
18520,[121.]
18521,[129.]
18522,[153.]
18523,[149.]
18524,[169.]
18525,[149.]
18526,[160.]
18527,[167.]
18528,[148.]
18529,[152.]
18530,[169.]
18531,[173.]
18532,[152.]
18533,[164.]
18534,[137.]
18535,[146.]
18669,[159.]
18670,[158.]
18809,[166.]
10056,[139.]
10196,[148.]
10334,[150.]
10335,[134.]
10336,[147.]
10197,[154.]
10337,[138.]
10474,[131.]
10475,[149.]
10476,[147.]
10477,[140.]
10614,[168.]
10615,[150.]
10616,[171.]
10617,[255.]
10755,[168.]
10756,[175.]
10757,[167.]
9917,[112.]
10057,[132.]
10058,[141.]
10198,[153.]
10199,[140.]
10338,[150.]
10339,[255.]
10478,[134.]
19088,[164.]
19228,[166.]
19368,[172.]
18677,[154.]
18678,[157.]
18679,[153.]
18680,[173.]
18817,[157.]
18818,[157.]
18819,[168.]
18820,[167.]
18957,[175.]
18958,[175.]
18959,[165.]
18960,[173.]
19793,[166.]
19794,[167.]
19795,[150.]
19796,[158.]
19797,[157.]
19798,[171.]
19933,[158.]
19934,[172.]
19935,[134.]
19936,[167.]
19937,[171.]
20073,[153.]
20074,[149.]
20075,[150.]
20076,[175.]
20213,[142.]
20214,[159.]
20215,[162.]
20353,[133.]
20354,[150.]
20355,[153.]
20493,[172.]
20494,[153.]
20495,[166.]
20633,[151.]
20634,[165.]
20635,[152.]
20773,[146.]
20774,[154.]
20913,[141.]
19099,[174.]
19100,[173.]
19101,[170.]
19239,[164.]
19240,[154.]
19241,[166.]
19379,[164.]
19380,[172.]
19381,[156.]
19519,[172.]
19520,[159.]
19659,[158.]
18536,[150.]
18671,[150.]
18672,[167.]
18673,[95.]
18674,[146.]
18675,[149.]
18676,[175.]
18810,[129.]
18811,[159.]
18812,[163.]
18813,[146.]
18814,[165.]
18815,[158.]
18816,[173.]
18949,[134.]
18950,[165.]
18951,[163.]
18952,[151.]
18953,[174.]
18954,[163.]
18955,[157.]
18956,[175.]
19089,[168.]
19090,[153.]
19091,[162.]
19092,[168.]
19093,[153.]
19094,[164.]
19095,[163.]
19096,[171.]
19097,[175.]
19098,[175.]
19229,[166.]
19230,[165.]
19231,[161.]
19232,[166.]
19233,[163.]
19234,[166.]
19235,[169.]
19236,[154.]
19237,[175.]
19238,[160.]
19369,[161.]
19370,[163.]
19371,[156.]
19372,[170.]
19373,[175.]
19374,[174.]
19375,[168.]
19376,[162.]
19377,[168.]
19378,[166.]
19509,[173.]
19510,[162.]
19511,[154.]
19512,[163.]
19513,[172.]
19514,[170.]
19515,[154.]
19516,[158.]
19517,[167.]
19518,[175.]
19650,[160.]
19651,[159.]
19652,[161.]
19653,[168.]
19654,[175.]
19655,[160.]
19656,[156.]
19657,[175.]
19658,[165.]
19790,[154.]
19791,[149.]
19792,[164.]
19930,[148.]
19931,[166.]
19932,[171.]
20070,[173.]
20071,[160.]
20072,[167.]
20210,[159.]
20211,[152.]
20212,[164.]
20350,[153.]
20351,[142.]
20352,[143.]
20490,[151.]
20491,[165.]
20492,[153.]
20630,[147.]
20631,[152.]
20632,[145.]
20771,[139.]
20772,[135.]
19803,[166.]
19804,[161.]
19805,[154.]
19806,[168.]
19942,[166.]
19943,[149.]
19944,[167.]
19945,[162.]
19946,[169.]
20083,[169.]
19249,[175.]
19388,[175.]
19389,[161.]
19527,[153.]
19528,[155.]
19529,[151.]
19664,[175.]
19665,[160.]
19666,[150.]
19667,[156.]
19668,[171.]
19669,[175.]
19670,[155.]
19807,[166.]
19808,[169.]
19809,[165.]
19810,[140.]
19811,[255.]
19947,[168.]
19948,[172.]
19949,[160.]
19950,[175.]
19951,[156.]
19952,[162.]
20087,[175.]
20088,[174.]
20089,[255.]
20090,[175.]
20091,[175.]
20092,[148.]
20227,[175.]
20228,[175.]
20229,[156.]
20230,[175.]
20231,[169.]
20232,[156.]
20368,[175.]
20369,[166.]
20370,[175.]
20371,[170.]
20508,[175.]
20509,[175.]
20510,[153.]
20511,[175.]
20648,[170.]
20649,[175.]
20650,[166.]
12128,[132.]
12129,[159.]
12269,[159.]
11152,[158.]
11156,[152.]
12130,[161.]
12270,[175.]
12410,[164.]
12550,[174.]
11292,[135.]
11293,[127.]
11294,[140.]
11295,[134.]
11296,[161.]
11432,[139.]
11433,[138.]
11434,[142.]
11435,[139.]
11436,[153.]
11572,[160.]
11573,[163.]
11574,[151.]
11575,[157.]
11576,[158.]
11711,[158.]
11712,[154.]
11713,[163.]
11714,[151.]
11715,[158.]
11716,[167.]
11717,[155.]
11849,[145.]
11850,[146.]
11851,[153.]
11852,[159.]
11853,[162.]
11854,[155.]
11855,[157.]
11856,[167.]
11857,[157.]
11989,[144.]
11990,[156.]
11991,[158.]
11992,[157.]
11993,[160.]
11994,[160.]
11995,[158.]
11996,[155.]
11997,[150.]
12131,[148.]
12132,[171.]
12133,[158.]
12134,[166.]
12135,[165.]
12136,[148.]
12137,[158.]
12138,[175.]
12271,[160.]
12272,[175.]
12273,[162.]
12274,[146.]
12275,[175.]
12276,[175.]
12277,[255.]
12411,[171.]
12412,[155.]
12413,[157.]
12414,[175.]
12415,[255.]
12551,[165.]
12552,[175.]
12553,[168.]
12691,[158.]
7883,[148.]
8163,[128.]
8033,[129.]
8173,[118.]
8313,[142.]
8314,[124.]
8453,[154.]
8454,[120.]
8593,[173.]
8594,[163.]
8733,[122.]
8734,[147.]
8735,[152.]
8873,[132.]
8874,[150.]
8875,[157.]
7465,[140.]
7466,[107.]
7605,[153.]
7606,[133.]
7745,[164.]
7746,[161.]
7884,[151.]
7885,[131.]
7886,[125.]
8024,[159.]
8025,[125.]
8026,[145.]
8164,[115.]
8166,[134.]
8306,[166.]
8445,[134.]
8446,[137.]
8585,[134.]
8586,[129.]
8725,[101.]
8726,[128.]
8866,[118.]
8867,[134.]
8868,[158.]
8869,[153.]
8870,[147.]
8871,[157.]
9008,[134.]
9009,[111.]
9010,[130.]
9011,[143.]
9012,[167.]
9014,[142.]
9151,[123.]
7607,[156.]
7747,[134.]
7748,[135.]
7887,[166.]
7888,[150.]
7889,[140.]
8027,[132.]
8028,[156.]
8029,[124.]
8031,[137.]
8032,[120.]
8167,[149.]
8168,[110.]
8169,[158.]
8170,[154.]
8171,[120.]
8172,[154.]
8307,[166.]
8308,[126.]
8309,[124.]
8310,[143.]
8311,[153.]
8312,[140.]
8447,[138.]
8448,[175.]
8449,[166.]
8450,[166.]
8451,[166.]
8452,[166.]
8587,[131.]
8588,[155.]
8589,[123.]
8590,[136.]
8591,[175.]
8592,[147.]
8727,[144.]
8728,[127.]
8729,[148.]
8730,[136.]
8731,[175.]
8732,[157.]
11687,[143.]
12107,[114.]
12108,[171.]
12247,[102.]
12248,[171.]
12387,[173.]
12388,[162.]
12527,[156.]
12528,[168.]
12529,[174.]
12667,[255.]
12668,[155.]
12808,[173.]
10699,[156.]
10836,[86.]
10837,[105.]
10838,[96.]
10839,[120.]
10976,[125.]
10977,[102.]
10978,[97.]
10979,[107.]
11115,[77.]
11116,[92.]
11117,[74.]
11118,[93.]
11119,[105.]
11257,[140.]
11258,[138.]
11259,[107.]
11260,[137.]
11399,[158.]
11400,[139.]
12386,[91.]
11541,[255.]
11542,[159.]
11543,[142.]
11544,[107.]
11545,[106.]
11684,[134.]
11685,[89.]
11825,[102.]
11965,[112.]
12105,[175.]
10700,[150.]
10840,[127.]
10980,[117.]
10981,[142.]
11120,[108.]
11121,[122.]
11122,[67.]
11261,[126.]
11262,[135.]
11263,[102.]
11401,[115.]
11402,[143.]
11403,[129.]
11404,[124.]
11405,[136.]
11546,[87.]
11686,[83.]
11966,[104.]
12106,[88.]
12246,[94.]
10607,[92.]
10747,[135.]
10887,[140.]
10888,[149.]
11027,[138.]
11028,[144.]
11167,[138.]
11307,[156.]
11308,[154.]
11447,[148.]
11448,[146.]
11449,[139.]
11017,[155.]
11157,[162.]
10466,[101.]
10604,[121.]
10605,[119.]
10606,[127.]
10744,[94.]
10745,[135.]
10746,[131.]
10881,[120.]
10882,[128.]
10883,[127.]
10884,[117.]
10885,[118.]
10886,[140.]
11158,[161.]
11297,[142.]
11298,[133.]
11437,[150.]
11438,[164.]
11577,[164.]
11578,[170.]
11718,[139.]
11858,[135.]
11998,[146.]
11018,[144.]
11019,[141.]
11020,[141.]
11021,[122.]
11022,[153.]
11023,[147.]
11024,[135.]
11025,[128.]
11026,[148.]
11159,[145.]
11160,[143.]
11161,[134.]
11162,[151.]
11163,[126.]
11164,[155.]
11165,[137.]
11166,[137.]
11299,[150.]
11300,[150.]
11301,[154.]
11302,[162.]
11303,[161.]
11304,[144.]
11305,[160.]
11306,[150.]
11439,[142.]
11440,[167.]
11441,[161.]
11442,[125.]
11443,[135.]
11444,[159.]
11445,[153.]
11446,[145.]
11579,[163.]
11580,[146.]
11581,[156.]
11582,[147.]
11583,[164.]
11584,[141.]
11585,[145.]
11586,[159.]
11587,[142.]
11588,[167.]
11589,[175.]
11719,[161.]
11720,[164.]
11721,[138.]
11722,[163.]
11723,[159.]
11724,[167.]
11725,[160.]
11726,[159.]
11727,[171.]
11728,[161.]
11859,[148.]
11860,[142.]
11861,[140.]
11862,[155.]
11863,[175.]
11864,[175.]
11865,[174.]
11999,[140.]
12000,[155.]
12001,[166.]
12139,[168.]
13515,[150.]
13519,[151.]
13520,[135.]
13521,[147.]
13522,[133.]
13655,[156.]
13656,[154.]
13657,[136.]
13658,[153.]
13659,[139.]
13660,[154.]
13661,[149.]
13662,[137.]
13663,[154.]
13797,[151.]
13798,[142.]
13799,[140.]
13800,[144.]
13801,[151.]
13802,[147.]
13803,[174.]
13938,[159.]
13939,[159.]
13940,[155.]
13941,[170.]
13942,[157.]
14078,[148.]
14079,[141.]
14080,[169.]
14081,[157.]
14218,[131.]
14219,[167.]
14220,[175.]
14221,[161.]
14358,[129.]
14359,[161.]
14360,[163.]
14499,[175.]
14500,[175.]
26083,[175.]
26084,[175.]
26087,[161.]
26223,[175.]
26224,[173.]
26225,[175.]
26227,[175.]
26362,[175.]
26363,[175.]
26364,[175.]
26366,[164.]
26367,[151.]
26500,[159.]
26501,[175.]
26502,[153.]
26503,[175.]
26504,[170.]
26505,[175.]
26506,[175.]
26507,[175.]
26640,[158.]
26641,[119.]
26642,[145.]
26643,[171.]
26644,[175.]
26645,[175.]
26646,[175.]
26647,[175.]
26780,[140.]
26781,[154.]
26782,[166.]
26783,[175.]
26784,[175.]
26785,[170.]
26786,[175.]
26787,[255.]
26920,[136.]
26921,[140.]
26922,[175.]
26923,[171.]
26924,[174.]
26925,[171.]
26926,[146.]
26927,[175.]
27060,[147.]
27061,[144.]
27062,[175.]
27063,[175.]
27064,[175.]
27065,[175.]
27066,[175.]
27067,[175.]
27200,[148.]
27201,[175.]
27202,[175.]
27203,[164.]
27204,[172.]
27205,[175.]
