10970,[10.]
10971,[9.]
10972,[11.]
11109,[13.]
11110,[11.]
11111,[15.]
11112,[11.]
11113,[11.]
11249,[18.]
11250,[19.]
11251,[13.]
11252,[14.]
11253,[21.]
11388,[22.]
11389,[17.]
11390,[14.]
11391,[13.]
11392,[13.]
11528,[17.]
11529,[16.]
11530,[15.]
11531,[14.]
11532,[16.]
11667,[12.]
11668,[18.]
11669,[16.]
11670,[16.]
11671,[19.]
11672,[16.]
11807,[18.]
11808,[22.]
11809,[18.]
11810,[17.]
11811,[17.]
11812,[17.]
11946,[17.]
11947,[18.]
11948,[16.]
11949,[18.]
11950,[15.]
11951,[14.]
11952,[20.]
12085,[17.]
12086,[19.]
12087,[22.]
12088,[14.]
12089,[18.]
12090,[14.]
12091,[17.]
12092,[15.]
12093,[17.]
12225,[18.]
12226,[21.]
12227,[19.]
12228,[17.]
12229,[23.]
12230,[20.]
12231,[21.]
12232,[20.]
12233,[18.]
12365,[18.]
12366,[19.]
12367,[16.]
12368,[17.]
12369,[17.]
12370,[20.]
12371,[16.]
12372,[21.]
12506,[22.]
12507,[15.]
12508,[15.]
12509,[17.]
8078,[14.]
8079,[14.]
8080,[14.]
8081,[19.]
8082,[11.]
8217,[22.]
8218,[15.]
8219,[12.]
8220,[13.]
8221,[8.]
8222,[11.]
8356,[16.]
8357,[17.]
8358,[17.]
8359,[18.]
8360,[14.]
8361,[12.]
8362,[21.]
8496,[17.]
8497,[12.]
8498,[10.]
8499,[11.]
8500,[44.]
8501,[8.]
8502,[9.]
8635,[11.]
8636,[10.]
8637,[9.]
8638,[9.]
8639,[13.]
8640,[7.]
8641,[9.]
8642,[8.]
8643,[8.]
8644,[10.]
8645,[13.]
8774,[11.]
8775,[14.]
8776,[13.]
8777,[11.]
8778,[9.]
8779,[8.]
8780,[7.]
8781,[8.]
8782,[10.]
8783,[23.]
8784,[15.]
8914,[13.]
8915,[15.]
8916,[14.]
8917,[13.]
8918,[14.]
8919,[11.]
8920,[14.]
8921,[14.]
8922,[14.]
9057,[13.]
9058,[17.]
9059,[13.]
9060,[12.]
9061,[13.]
9199,[14.]
9200,[13.]
9201,[22.]
9340,[14.]
9349,[10.]
9488,[14.]
9489,[16.]
9627,[8.]
9628,[9.]
9629,[7.]
9630,[9.]
9767,[9.]
9768,[11.]
9769,[11.]
9770,[11.]
9771,[11.]
9772,[8.]
9773,[9.]
9774,[10.]
9775,[14.]
9776,[13.]
9907,[8.]
9908,[9.]
9909,[11.]
9910,[16.]
9911,[17.]
9912,[8.]
9913,[16.]
9914,[12.]
9915,[9.]
9916,[16.]
10047,[11.]
10048,[9.]
10049,[11.]
10050,[17.]
10051,[19.]
10052,[9.]
10053,[9.]
10054,[8.]
10055,[14.]
10191,[20.]
10192,[15.]
10193,[9.]
10194,[10.]
10195,[13.]
10333,[11.]
6510,[14.]
6649,[12.]
6650,[14.]
6651,[15.]
6652,[17.]
6653,[13.]
6787,[28.]
6788,[12.]
6789,[13.]
6790,[11.]
6791,[13.]
6792,[17.]
6793,[16.]
6794,[15.]
6795,[14.]
6928,[13.]
6929,[9.]
6930,[12.]
6931,[11.]
6932,[15.]
6933,[12.]
7068,[15.]
7069,[9.]
7070,[11.]
7071,[11.]
7072,[12.]
7209,[10.]
7210,[14.]
7211,[11.]
8073,[22.]
8074,[16.]
8213,[15.]
8214,[16.]
8353,[14.]
8354,[16.]
8355,[12.]
8493,[14.]
8494,[11.]
8495,[10.]
8633,[20.]
8634,[19.]
8773,[10.]
8913,[20.]
7653,[12.]
7654,[11.]
7792,[15.]
7793,[19.]
7931,[17.]
7932,[19.]
7933,[11.]
8068,[13.]
8069,[15.]
8070,[16.]
8071,[14.]
8072,[19.]
8207,[14.]
8208,[14.]
8209,[16.]
8210,[17.]
8211,[16.]
8212,[30.]
8345,[16.]
8346,[12.]
8347,[13.]
8348,[19.]
8349,[21.]
8350,[17.]
8351,[15.]
8352,[14.]
8485,[24.]
8486,[16.]
8487,[12.]
8488,[15.]
8489,[21.]
8490,[13.]
8491,[13.]
8492,[16.]
8624,[28.]
8625,[24.]
8626,[16.]
8627,[18.]
8628,[26.]
8629,[13.]
8630,[9.]
8631,[8.]
8632,[12.]
8770,[25.]
8771,[16.]
8772,[12.]
8910,[14.]
8911,[46.]
7872,[12.]
7873,[11.]
7874,[14.]
8009,[10.]
8010,[13.]
8011,[13.]
8012,[12.]
8013,[14.]
8014,[13.]
8015,[15.]
8148,[15.]
8149,[14.]
8150,[14.]
8151,[11.]
8152,[13.]
8153,[13.]
8154,[13.]
8155,[16.]
8156,[17.]
8157,[20.]
8286,[15.]
8287,[14.]
8288,[16.]
8289,[19.]
8290,[14.]
8291,[13.]
8292,[13.]
8293,[22.]
8294,[20.]
8295,[16.]
8296,[25.]
8297,[14.]
8426,[13.]
8427,[16.]
8428,[15.]
8429,[18.]
8430,[13.]
8431,[13.]
8432,[14.]
8433,[15.]
8434,[14.]
8435,[16.]
8436,[20.]
8437,[22.]
8438,[22.]
8566,[12.]
8567,[16.]
8568,[18.]
8569,[13.]
8570,[14.]
8571,[13.]
8572,[14.]
8573,[14.]
8574,[14.]
8575,[23.]
8576,[17.]
8577,[21.]
8578,[18.]
8579,[16.]
8706,[14.]
8707,[14.]
8708,[14.]
8709,[13.]
8710,[15.]
8711,[16.]
8712,[15.]
8713,[16.]
8714,[16.]
8715,[17.]
8716,[18.]
8717,[16.]
8718,[13.]
8719,[14.]
8847,[14.]
8848,[14.]
8849,[13.]
8850,[15.]
8851,[17.]
8852,[16.]
8853,[18.]
8854,[16.]
8855,[14.]
8856,[15.]
8857,[12.]
8858,[11.]
8859,[10.]
8987,[14.]
8988,[14.]
8989,[14.]
8990,[16.]
8991,[10.]
8992,[12.]
8993,[13.]
8994,[13.]
8995,[15.]
8996,[18.]
8997,[11.]
8998,[11.]
8999,[12.]
9000,[12.]
9127,[14.]
9128,[15.]
9129,[13.]
9130,[14.]
9131,[18.]
9132,[24.]
9133,[16.]
9134,[14.]
9135,[12.]
9136,[12.]
9137,[11.]
9138,[15.]
9139,[13.]
9140,[15.]
9141,[15.]
9267,[14.]
9268,[20.]
9269,[16.]
9270,[15.]
9271,[10.]
9272,[14.]
9273,[16.]
9274,[16.]
9275,[13.]
9276,[13.]
9277,[12.]
9278,[20.]
9279,[16.]
9280,[15.]
9281,[11.]
9282,[12.]
9407,[14.]
9408,[14.]
9409,[15.]
9410,[14.]
9411,[13.]
9412,[13.]
9413,[12.]
9414,[14.]
9415,[19.]
9416,[11.]
9417,[11.]
9418,[10.]
9419,[11.]
9420,[16.]
9421,[11.]
9422,[12.]
9548,[18.]
9549,[13.]
9550,[18.]
9551,[13.]
9552,[10.]
9553,[17.]
9554,[14.]
9555,[13.]
9556,[16.]
9557,[19.]
9558,[14.]
9559,[14.]
9560,[13.]
9561,[21.]
9562,[13.]
9563,[16.]
9689,[16.]
9690,[12.]
9691,[12.]
9692,[16.]
9693,[31.]
9694,[-9999.]
22037,[11.]
22177,[7.]
22178,[7.]
22179,[9.]
22180,[7.]
22181,[13.]
22182,[9.]
22183,[8.]
22184,[11.]
22185,[10.]
22317,[7.]
22318,[7.]
22319,[10.]
22320,[9.]
22321,[10.]
22322,[9.]
22323,[10.]
22324,[14.]
22325,[9.]
22457,[6.]
22458,[8.]
22459,[8.]
22460,[7.]
22461,[11.]
22462,[7.]
22463,[6.]
22464,[11.]
22465,[12.]
22466,[7.]
22467,[11.]
22597,[7.]
22598,[7.]
22599,[10.]
22600,[8.]
22601,[11.]
22602,[16.]
22603,[11.]
22604,[11.]
22605,[13.]
22606,[8.]
22607,[9.]
22737,[7.]
22738,[9.]
22739,[7.]
22740,[7.]
22741,[11.]
22742,[10.]
22743,[10.]
22744,[7.]
22745,[8.]
22746,[8.]
22878,[8.]
22879,[7.]
22880,[8.]
22881,[12.]
22882,[14.]
22883,[11.]
22884,[13.]
22885,[14.]
22886,[8.]
23018,[11.]
23019,[11.]
23020,[14.]
23021,[12.]
23022,[10.]
23023,[8.]
23024,[8.]
23025,[14.]
23158,[7.]
23159,[11.]
23160,[7.]
23161,[11.]
23162,[8.]
23163,[11.]
23298,[12.]
23439,[14.]
13635,[15.]
13774,[14.]
13775,[13.]
13776,[22.]
13777,[15.]
13914,[18.]
13915,[14.]
13916,[65.]
13917,[33.]
13918,[18.]
13919,[22.]
13920,[17.]
14054,[16.]
14055,[29.]
14056,[40.]
14057,[25.]
14058,[17.]
14059,[24.]
14060,[18.]
14061,[19.]
14062,[21.]
14194,[17.]
14195,[15.]
14196,[31.]
14197,[13.]
14198,[15.]
14199,[21.]
14200,[12.]
14201,[23.]
14202,[25.]
14333,[16.]
14334,[21.]
14335,[15.]
14336,[12.]
14337,[16.]
14338,[22.]
14339,[14.]
14340,[25.]
14341,[21.]
14473,[13.]
14474,[16.]
14475,[18.]
14476,[10.]
14477,[20.]
14478,[20.]
14479,[21.]
14480,[19.]
14481,[18.]
14614,[14.]
14615,[24.]
14616,[16.]
14617,[14.]
14618,[18.]
14619,[19.]
14620,[15.]
14621,[17.]
14755,[14.]
14756,[17.]
14757,[16.]
14758,[20.]
14759,[19.]
14760,[14.]
14897,[15.]
14898,[11.]
14900,[18.]
14901,[17.]
15040,[19.]
15041,[14.]
15180,[22.]
23137,[13.]
23138,[11.]
23277,[14.]
23278,[13.]
23279,[10.]
23280,[15.]
23281,[13.]
23417,[19.]
23418,[14.]
23419,[12.]
23420,[12.]
23421,[16.]
23422,[12.]
23423,[16.]
23424,[19.]
23557,[20.]
23558,[17.]
23559,[16.]
23560,[15.]
23561,[14.]
23562,[14.]
23563,[15.]
23564,[14.]
23697,[18.]
23698,[16.]
23699,[13.]
23700,[12.]
23701,[19.]
23702,[15.]
23703,[18.]
23704,[16.]
23837,[17.]
23838,[22.]
23839,[14.]
23840,[12.]
23841,[16.]
23842,[16.]
23843,[18.]
23844,[21.]
23845,[19.]
23978,[20.]
23979,[18.]
23980,[18.]
23981,[10.]
23982,[18.]
23983,[15.]
23984,[16.]
23985,[13.]
23986,[10.]
24120,[18.]
24121,[12.]
24122,[15.]
24123,[14.]
24124,[16.]
24125,[15.]
24126,[10.]
24262,[12.]
24263,[12.]
24264,[8.]
24265,[14.]
24402,[16.]
24403,[16.]
24404,[19.]
24542,[15.]
24543,[16.]
24544,[16.]
6424,[15.]
6564,[20.]
6702,[26.]
6703,[18.]
6704,[22.]
6842,[16.]
6843,[16.]
6844,[19.]
6981,[25.]
6982,[19.]
6983,[21.]
6984,[18.]
6985,[17.]
7120,[12.]
7121,[12.]
7122,[14.]
7123,[16.]
7124,[22.]
7260,[16.]
7261,[14.]
7262,[16.]
7263,[17.]
7264,[19.]
7265,[14.]
7401,[13.]
7402,[15.]
7403,[16.]
7404,[15.]
7542,[15.]
7543,[12.]
7544,[13.]
7545,[18.]
7546,[13.]
7684,[10.]
7685,[18.]
7686,[13.]
7824,[14.]
7825,[12.]
12122,[18.]
12261,[17.]
12262,[14.]
12402,[17.]
12403,[17.]
12404,[22.]
12541,[12.]
12542,[11.]
12543,[9.]
12544,[14.]
12545,[14.]
12682,[11.]
12683,[12.]
12684,[11.]
12685,[18.]
12823,[13.]
12824,[28.]
12825,[48.]
12826,[24.]
12827,[13.]
12828,[48.]
12964,[26.]
12965,[17.]
12966,[28.]
12967,[34.]
12968,[22.]
13104,[30.]
13105,[18.]
13106,[20.]
13107,[19.]
13246,[41.]
13247,[13.]
6511,[17.]
6512,[17.]
6513,[14.]
6514,[15.]
6515,[18.]
6516,[19.]
6654,[14.]
6655,[16.]
6656,[14.]
6796,[12.]
5122,[14.]
5123,[15.]
5124,[17.]
5261,[13.]
5262,[19.]
5263,[13.]
5264,[13.]
5265,[14.]
5396,[18.]
5397,[14.]
5398,[15.]
5400,[19.]
5401,[15.]
5402,[13.]
5403,[12.]
5404,[16.]
5536,[19.]
5537,[15.]
5538,[17.]
5539,[17.]
5540,[19.]
5541,[15.]
5542,[13.]
5543,[19.]
5676,[15.]
5677,[15.]
5678,[13.]
5679,[18.]
5680,[13.]
5681,[12.]
5682,[14.]
5683,[15.]
5684,[16.]
5816,[21.]
5817,[20.]
5818,[14.]
5819,[12.]
5820,[12.]
5821,[17.]
5822,[18.]
5823,[17.]
5824,[15.]
5825,[13.]
5956,[14.]
5957,[13.]
5958,[14.]
5959,[12.]
5960,[13.]
5961,[18.]
5962,[16.]
5963,[20.]
5964,[15.]
5965,[17.]
5966,[13.]
5967,[15.]
6094,[11.]
6095,[15.]
6096,[13.]
6097,[12.]
6098,[13.]
6099,[13.]
6100,[19.]
6101,[13.]
6102,[15.]
6103,[13.]
6104,[16.]
6105,[13.]
6106,[17.]
6234,[18.]
6235,[13.]
6236,[13.]
6237,[12.]
6238,[14.]
6239,[14.]
6240,[14.]
6241,[15.]
6242,[14.]
6243,[23.]
6244,[19.]
6245,[17.]
6373,[19.]
6374,[14.]
6375,[13.]
6376,[12.]
6377,[21.]
6378,[13.]
6379,[13.]
6380,[15.]
6381,[14.]
6382,[13.]
6383,[19.]
6384,[17.]
6385,[15.]
6517,[11.]
6518,[13.]
6519,[12.]
6520,[13.]
6521,[14.]
6522,[14.]
6523,[17.]
6524,[15.]
6657,[13.]
6658,[16.]
6659,[14.]
6660,[15.]
6661,[14.]
6662,[16.]
6663,[29.]
6664,[21.]
6797,[13.]
6798,[13.]
6799,[14.]
6800,[13.]
6801,[14.]
6802,[16.]
6803,[18.]
6937,[12.]
6938,[16.]
6939,[13.]
18659,[13.]
18660,[12.]
18799,[9.]
18800,[14.]
18801,[12.]
18802,[16.]
18803,[11.]
18938,[10.]
18939,[10.]
18940,[9.]
18941,[14.]
18942,[9.]
18943,[7.]
18944,[10.]
18945,[8.]
18947,[10.]
18948,[10.]
19077,[11.]
19078,[15.]
19079,[12.]
19080,[23.]
19081,[11.]
19082,[8.]
19083,[16.]
19084,[9.]
19085,[9.]
19086,[9.]
19087,[11.]
19216,[8.]
19217,[11.]
19218,[10.]
19219,[9.]
19220,[14.]
19221,[22.]
19222,[13.]
19223,[10.]
19224,[9.]
19225,[10.]
19226,[8.]
19227,[10.]
19355,[10.]
19356,[8.]
19357,[9.]
19358,[10.]
19359,[20.]
19360,[11.]
19361,[11.]
19362,[13.]
19363,[8.]
19364,[8.]
19365,[8.]
19366,[8.]
19367,[8.]
19496,[12.]
19497,[9.]
19498,[7.]
19499,[11.]
19500,[10.]
19501,[9.]
19502,[6.]
19503,[7.]
19504,[7.]
19505,[8.]
19506,[9.]
19507,[8.]
19508,[8.]
19638,[6.]
19639,[8.]
19640,[8.]
19641,[7.]
19642,[6.]
19779,[7.]
19780,[7.]
17422,[13.]
17423,[15.]
17424,[26.]
17560,[10.]
17561,[11.]
17562,[16.]
17563,[13.]
17564,[-9999.]
17700,[8.]
17701,[10.]
17702,[16.]
17703,[12.]
17704,[9.]
17705,[28.]
17706,[103.]
17838,[15.]
17839,[16.]
17840,[10.]
17841,[10.]
17842,[12.]
17843,[11.]
17844,[10.]
17845,[-9999.]
17846,[-9999.]
17977,[9.]
17978,[9.]
17979,[10.]
17980,[8.]
17981,[11.]
17982,[10.]
17983,[13.]
17984,[11.]
17985,[13.]
18118,[13.]
18119,[8.]
18120,[9.]
18121,[7.]
18122,[11.]
18123,[22.]
18124,[13.]
18257,[16.]
18258,[11.]
18259,[8.]
18260,[16.]
18397,[13.]
18398,[14.]
18399,[13.]
8064,[14.]
8204,[19.]
8205,[13.]
8206,[18.]
8344,[13.]
8484,[12.]
7639,[15.]
7779,[17.]
7780,[12.]
7918,[11.]
7919,[17.]
7920,[15.]
7921,[17.]
8058,[13.]
8059,[14.]
8060,[13.]
8061,[14.]
8062,[17.]
8063,[20.]
8198,[13.]
8199,[15.]
8200,[16.]
8201,[11.]
8202,[20.]
8203,[17.]
8339,[18.]
8340,[13.]
8341,[12.]
8342,[11.]
8343,[13.]
8480,[15.]
8481,[15.]
8482,[21.]
8483,[16.]
8619,[20.]
8620,[19.]
8621,[13.]
8622,[11.]
8623,[15.]
8759,[18.]
8760,[20.]
8761,[18.]
8762,[14.]
8763,[11.]
8898,[17.]
8899,[14.]
8900,[18.]
8901,[21.]
8902,[15.]
9040,[16.]
9041,[13.]
15305,[8.]
15306,[9.]
15443,[47.]
15444,[9.]
15445,[11.]
15446,[30.]
15447,[29.]
15583,[52.]
15584,[26.]
15585,[13.]
15586,[17.]
15587,[22.]
15588,[11.]
15724,[10.]
15725,[13.]
15726,[45.]
15727,[18.]
15728,[22.]
15729,[25.]
15864,[13.]
15865,[15.]
15866,[21.]
15867,[26.]
15868,[27.]
15869,[29.]
15870,[17.]
15871,[19.]
15873,[16.]
16004,[26.]
16005,[36.]
16006,[34.]
16007,[38.]
16008,[31.]
16009,[40.]
16010,[15.]
16011,[18.]
16012,[16.]
16013,[16.]
16014,[20.]
16146,[25.]
16147,[29.]
16148,[30.]
16149,[22.]
16150,[17.]
16151,[13.]
16152,[15.]
16153,[16.]
16154,[19.]
16286,[24.]
16287,[51.]
16288,[16.]
16289,[16.]
16290,[18.]
16291,[12.]
16292,[13.]
16293,[14.]
16294,[20.]
16426,[45.]
16427,[44.]
16428,[21.]
16429,[17.]
16430,[13.]
16433,[19.]
16565,[27.]
16566,[40.]
16567,[35.]
16568,[18.]
16569,[15.]
16707,[32.]
16708,[17.]
16709,[18.]
16848,[15.]
14896,[21.]
14899,[14.]
15036,[22.]
15037,[19.]
15038,[10.]
15039,[17.]
15175,[16.]
15176,[9.]
15177,[16.]
15178,[11.]
15179,[17.]
15315,[12.]
15455,[15.]
15595,[17.]
15735,[19.]
15316,[23.]
15317,[14.]
15318,[20.]
15319,[22.]
15320,[17.]
15456,[15.]
15457,[16.]
15458,[14.]
15459,[11.]
15460,[21.]
15461,[15.]
15596,[19.]
15597,[14.]
15598,[17.]
15599,[17.]
15600,[18.]
15601,[28.]
15736,[16.]
15737,[15.]
15738,[17.]
15739,[18.]
15740,[24.]
15741,[39.]
15877,[20.]
15878,[17.]
15879,[11.]
15880,[18.]
15881,[26.]
7649,[14.]
7650,[10.]
7651,[17.]
7652,[10.]
6525,[17.]
6665,[17.]
6666,[11.]
6667,[15.]
6804,[20.]
6805,[21.]
6806,[23.]
6807,[16.]
6940,[13.]
6941,[17.]
6942,[14.]
6943,[15.]
6944,[19.]
6945,[17.]
6946,[18.]
6947,[13.]
7077,[13.]
7078,[13.]
7079,[16.]
7080,[16.]
7081,[15.]
7082,[15.]
7083,[16.]
7084,[14.]
7085,[12.]
7086,[11.]
7087,[12.]
6390,[15.]
6391,[14.]
6392,[15.]
6528,[15.]
6529,[14.]
6530,[11.]
6531,[15.]
6532,[17.]
6668,[22.]
6669,[23.]
6670,[11.]
6671,[22.]
6672,[12.]
6673,[11.]
6674,[11.]
6808,[13.]
6809,[10.]
6810,[11.]
6811,[11.]
6812,[14.]
6813,[13.]
6814,[13.]
6948,[11.]
6949,[12.]
6950,[12.]
6951,[12.]
6952,[13.]
7088,[11.]
7089,[12.]
7090,[13.]
7091,[11.]
7092,[15.]
7217,[11.]
7218,[14.]
7219,[16.]
7220,[15.]
7221,[13.]
7222,[13.]
7223,[14.]
7224,[14.]
7225,[12.]
7226,[10.]
7227,[13.]
7228,[13.]
7229,[13.]
7230,[15.]
7231,[12.]
7232,[12.]
7359,[14.]
7363,[16.]
7364,[11.]
7365,[12.]
7366,[10.]
7367,[12.]
7368,[11.]
7369,[13.]
7370,[11.]
7371,[10.]
7372,[13.]
7506,[11.]
7507,[16.]
7508,[15.]
7509,[12.]
7510,[13.]
7511,[13.]
7512,[11.]
24266,[19.]
24405,[23.]
24406,[39.]
24545,[12.]
24546,[15.]
24407,[15.]
24547,[15.]
24685,[16.]
24686,[10.]
24687,[32.]
24688,[10.]
24824,[16.]
24825,[23.]
24826,[23.]
24827,[16.]
24828,[12.]
24963,[19.]
24964,[25.]
24965,[16.]
24966,[50.]
25103,[18.]
25104,[13.]
25105,[25.]
8083,[13.]
8084,[8.]
8085,[6.]
8223,[14.]
8224,[21.]
8225,[7.]
8363,[15.]
8364,[7.]
8365,[12.]
8503,[10.]
8504,[9.]
8505,[8.]
7109,[12.]
7110,[15.]
7247,[16.]
7248,[22.]
7249,[14.]
7250,[12.]
7251,[12.]
7385,[11.]
7386,[15.]
7387,[19.]
7388,[19.]
7389,[17.]
7390,[11.]
7391,[19.]
7524,[17.]
7525,[16.]
7526,[17.]
7527,[18.]
7528,[15.]
7529,[14.]
7530,[25.]
7531,[16.]
7664,[17.]
7665,[17.]
7666,[12.]
7667,[16.]
7668,[15.]
7669,[16.]
7670,[17.]
7671,[21.]
7804,[12.]
7805,[15.]
7806,[17.]
7807,[19.]
7808,[22.]
7809,[17.]
7810,[15.]
7811,[16.]
7943,[11.]
7944,[8.]
7945,[8.]
7946,[8.]
7947,[8.]
7948,[10.]
7949,[22.]
7950,[16.]
7951,[15.]
8086,[5.]
8087,[8.]
8088,[12.]
8089,[14.]
8090,[15.]
8226,[6.]
8227,[8.]
8228,[13.]
8229,[13.]
8230,[12.]
8366,[13.]
8367,[14.]
8368,[9.]
8369,[15.]
8370,[10.]
8371,[14.]
8506,[10.]
8507,[12.]
8508,[15.]
8509,[10.]
8510,[9.]
17986,[9.]
17987,[41.]
18125,[14.]
18126,[16.]
18261,[16.]
18262,[15.]
18263,[15.]
18264,[13.]
18265,[11.]
18266,[13.]
18400,[11.]
18401,[15.]
18402,[14.]
18403,[14.]
18404,[15.]
18405,[17.]
18406,[11.]
18407,[44.]
18537,[14.]
18538,[19.]
18539,[16.]
18540,[16.]
18541,[14.]
18542,[12.]
18543,[13.]
18544,[19.]
18545,[12.]
18546,[17.]
18547,[24.]
18681,[15.]
18682,[13.]
18683,[19.]
18684,[14.]
18685,[16.]
18821,[16.]
18822,[18.]
18823,[14.]
18824,[13.]
18961,[12.]
7961,[13.]
8098,[15.]
8099,[15.]
8100,[19.]
8101,[20.]
8102,[19.]
8237,[9.]
8238,[10.]
8239,[17.]
8240,[15.]
8241,[18.]
8242,[21.]
8378,[12.]
8379,[18.]
8380,[20.]
8381,[24.]
8382,[21.]
8383,[18.]
8519,[17.]
8520,[21.]
8521,[18.]
8522,[15.]
8660,[20.]
8661,[14.]
8662,[17.]
8799,[19.]
8800,[16.]
8801,[19.]
8802,[24.]
8803,[19.]
8938,[20.]
8939,[20.]
8940,[20.]
8941,[23.]
9080,[26.]
10187,[10.]
10188,[17.]
10189,[9.]
10190,[11.]
10328,[8.]
10329,[10.]
10330,[9.]
10331,[17.]
10332,[22.]
10468,[15.]
10469,[10.]
10470,[20.]
10471,[16.]
10472,[18.]
10473,[16.]
10608,[18.]
10609,[11.]
10610,[18.]
10611,[21.]
10612,[15.]
10613,[20.]
10748,[16.]
10749,[20.]
10750,[14.]
10751,[21.]
10752,[19.]
10753,[20.]
10754,[18.]
10889,[23.]
10890,[12.]
10891,[14.]
10892,[16.]
10893,[15.]
10894,[15.]
10895,[16.]
11029,[15.]
11030,[17.]
11031,[20.]
11032,[13.]
11033,[21.]
11034,[19.]
11035,[12.]
11168,[11.]
11169,[10.]
11170,[14.]
11171,[16.]
11172,[14.]
11173,[14.]
11309,[11.]
11310,[14.]
11311,[11.]
11312,[14.]
11450,[18.]
8091,[17.]
8231,[13.]
8511,[7.]
8377,[11.]
8517,[10.]
7672,[18.]
7673,[9.]
7812,[7.]
7813,[13.]
7814,[17.]
7815,[18.]
7952,[18.]
7953,[13.]
7954,[12.]
7955,[17.]
7956,[19.]
8092,[17.]
8093,[14.]
8094,[9.]
8095,[14.]
8096,[22.]
8232,[16.]
8233,[14.]
8234,[13.]
8235,[18.]
8236,[12.]
8372,[17.]
8373,[16.]
8374,[16.]
8375,[16.]
8376,[11.]
8512,[14.]
8513,[17.]
8514,[11.]
8515,[8.]
8516,[8.]
8652,[8.]
8653,[11.]
5127,[9.]
2897,[16.]
2898,[14.]
2899,[-9999.]
3036,[17.]
3037,[11.]
3038,[12.]
3039,[15.]
3040,[13.]
3176,[14.]
3177,[13.]
3178,[12.]
3179,[14.]
3180,[16.]
3181,[19.]
3315,[16.]
3316,[13.]
3317,[13.]
3318,[12.]
3319,[16.]
3320,[13.]
3321,[18.]
3446,[16.]
3454,[17.]
3455,[16.]
3456,[12.]
3457,[10.]
3458,[12.]
3459,[21.]
3460,[17.]
3461,[10.]
3586,[15.]
3587,[14.]
3588,[16.]
3589,[14.]
3590,[18.]
3592,[20.]
3593,[18.]
3594,[19.]
3595,[18.]
3596,[21.]
3597,[19.]
3598,[13.]
3599,[10.]
3600,[19.]
3601,[13.]
3726,[18.]
3727,[20.]
3728,[19.]
3729,[13.]
3730,[14.]
3731,[19.]
3732,[20.]
3733,[16.]
3734,[20.]
3735,[19.]
3736,[20.]
3737,[15.]
3738,[11.]
3739,[15.]
3740,[12.]
3741,[17.]
3865,[14.]
3866,[12.]
3867,[19.]
3868,[19.]
3869,[12.]
3870,[19.]
3871,[17.]
3872,[21.]
3873,[17.]
3874,[19.]
3875,[18.]
3876,[15.]
3877,[13.]
3878,[16.]
3879,[15.]
3880,[12.]
3881,[12.]
4005,[13.]
4006,[13.]
4007,[14.]
4008,[20.]
4009,[15.]
4010,[21.]
4011,[14.]
4012,[19.]
4013,[16.]
4014,[31.]
4015,[13.]
4016,[16.]
4017,[14.]
4018,[15.]
4019,[14.]
4020,[14.]
4021,[15.]
4144,[16.]
4145,[14.]
4146,[15.]
4147,[13.]
4148,[14.]
4149,[21.]
4150,[12.]
4151,[13.]
4152,[13.]
4153,[28.]
4154,[16.]
4155,[15.]
4156,[14.]
4157,[13.]
4158,[13.]
4159,[18.]
4160,[15.]
4284,[14.]
4285,[13.]
4286,[16.]
4287,[14.]
4288,[14.]
4289,[11.]
4290,[14.]
4291,[14.]
4292,[19.]
4293,[12.]
4294,[16.]
4295,[15.]
4296,[15.]
4297,[14.]
4298,[12.]
4299,[14.]
4423,[18.]
4424,[15.]
4425,[13.]
4426,[13.]
4427,[14.]
4428,[13.]
4429,[12.]
4430,[12.]
4431,[11.]
4432,[14.]
4433,[17.]
4434,[14.]
4435,[16.]
4436,[15.]
4563,[15.]
4564,[16.]
4565,[14.]
4566,[14.]
4567,[15.]
4568,[13.]
4569,[14.]
4570,[13.]
4571,[12.]
4572,[12.]
4573,[10.]
4574,[14.]
4575,[13.]
4705,[13.]
4706,[13.]
4707,[15.]
4708,[13.]
4709,[11.]
4710,[10.]
4711,[17.]
4712,[15.]
4713,[11.]
4714,[15.]
4846,[14.]
4847,[13.]
4848,[15.]
4849,[15.]
4850,[17.]
4851,[15.]
4987,[16.]
4988,[13.]
4989,[13.]
4990,[15.]
9078,[26.]
9079,[23.]
9081,[21.]
9217,[18.]
9218,[20.]
9219,[21.]
9220,[25.]
9221,[22.]
9357,[25.]
9358,[20.]
9359,[23.]
9360,[21.]
9361,[20.]
9497,[22.]
9498,[23.]
9499,[19.]
9500,[28.]
9501,[24.]
9502,[26.]
9503,[13.]
9637,[20.]
9638,[16.]
9639,[23.]
9640,[20.]
9641,[18.]
9642,[22.]
9643,[14.]
9777,[23.]
9778,[22.]
9779,[24.]
9780,[18.]
9781,[28.]
9782,[16.]
9918,[24.]
9919,[19.]
9920,[18.]
9921,[16.]
10059,[18.]
10060,[17.]
3421,[-9999.]
3422,[-9999.]
3423,[-9999.]
3424,[34.]
3425,[25.]
3426,[33.]
3427,[16.]
3428,[16.]
3561,[-9999.]
3562,[-9999.]
3563,[-9999.]
3564,[26.]
3565,[27.]
3566,[20.]
3567,[22.]
3568,[18.]
3700,[-9999.]
3701,[-9999.]
3702,[-9999.]
3703,[-9999.]
3704,[33.]
3705,[27.]
3706,[15.]
3707,[19.]
3708,[14.]
3840,[-9999.]
3841,[-9999.]
3842,[-9999.]
3843,[-9999.]
3844,[16.]
3845,[20.]
3846,[16.]
3847,[23.]
3979,[-9999.]
3980,[-9999.]
3981,[-9999.]
3982,[-9999.]
3983,[-9999.]
3984,[17.]
3985,[16.]
3986,[15.]
4119,[-9999.]
4120,[-9999.]
4121,[-9999.]
4122,[-9999.]
4123,[11.]
4124,[17.]
4125,[15.]
4126,[14.]
4259,[-9999.]
4260,[-9999.]
4261,[-9999.]
4262,[25.]
4263,[15.]
4264,[14.]
4265,[11.]
4266,[18.]
4398,[-9999.]
4399,[-9999.]
4400,[-9999.]
4401,[-9999.]
4402,[13.]
4403,[12.]
4404,[11.]
4405,[11.]
4406,[18.]
4538,[-9999.]
4539,[-9999.]
4540,[-9999.]
4541,[-9999.]
4542,[17.]
4543,[11.]
4544,[13.]
4545,[17.]
4546,[14.]
4679,[-9999.]
4680,[-9999.]
4681,[-9999.]
4682,[15.]
4683,[20.]
4684,[18.]
4685,[14.]
4686,[23.]
4819,[-9999.]
4820,[-9999.]
4821,[-9999.]
4822,[14.]
4823,[23.]
4824,[15.]
4825,[10.]
4826,[15.]
4959,[-9999.]
4960,[-9999.]
4961,[-9999.]
4962,[25.]
4963,[23.]
4964,[24.]
4965,[24.]
4966,[17.]
5100,[-9999.]
5101,[-9999.]
5102,[-9999.]
5103,[17.]
5104,[19.]
5105,[23.]
5240,[-9999.]
5241,[-9999.]
5242,[-9999.]
5243,[16.]
5244,[16.]
5245,[18.]
5380,[-9999.]
5381,[-9999.]
5382,[-9999.]
5383,[33.]
5384,[33.]
5520,[-9999.]
5521,[-9999.]
5522,[21.]
5523,[28.]
5524,[13.]
5660,[-9999.]
5661,[-9999.]
5662,[-9999.]
5663,[30.]
7758,[14.]
7893,[11.]
7894,[17.]
7895,[16.]
7896,[15.]
7897,[14.]
7898,[15.]
8034,[11.]
8035,[14.]
8036,[14.]
8037,[13.]
8038,[13.]
8039,[15.]
8174,[12.]
8175,[12.]
8176,[11.]
8177,[12.]
8178,[15.]
8179,[13.]
8315,[13.]
8316,[11.]
8317,[12.]
8318,[16.]
8455,[12.]
8456,[12.]
8457,[11.]
8595,[14.]
8596,[11.]
8736,[12.]
3182,[18.]
3322,[13.]
3462,[13.]
3602,[16.]
3742,[23.]
2494,[19.]
2495,[30.]
2632,[19.]
2633,[12.]
2634,[16.]
2635,[14.]
2767,[17.]
2768,[16.]
2769,[20.]
2770,[19.]
2771,[21.]
2772,[17.]
2773,[17.]
2774,[15.]
2905,[19.]
2906,[18.]
2907,[20.]
2908,[17.]
2909,[25.]
2910,[19.]
2911,[25.]
2912,[23.]
2913,[25.]
2914,[24.]
3043,[17.]
3044,[21.]
3045,[19.]
3046,[12.]
3047,[19.]
3048,[20.]
3049,[21.]
3050,[19.]
3051,[24.]
3052,[26.]
3053,[31.]
3054,[19.]
3183,[20.]
3184,[20.]
3185,[15.]
3186,[20.]
3187,[23.]
3188,[20.]
3189,[20.]
3190,[20.]
3191,[18.]
3192,[25.]
3193,[23.]
3194,[23.]
3323,[14.]
3324,[12.]
3325,[18.]
3326,[17.]
3327,[29.]
3328,[28.]
3329,[23.]
3330,[18.]
3331,[30.]
3332,[19.]
3333,[23.]
3334,[20.]
3335,[21.]
3336,[33.]
3337,[20.]
3463,[11.]
3464,[15.]
3465,[19.]
3466,[20.]
3467,[22.]
3468,[19.]
3469,[22.]
3470,[18.]
3471,[18.]
3472,[19.]
3473,[21.]
3474,[21.]
3475,[18.]
3476,[33.]
3477,[21.]
3478,[18.]
3603,[17.]
3604,[16.]
3605,[18.]
3606,[20.]
3607,[16.]
3608,[18.]
3609,[20.]
3610,[16.]
3611,[17.]
3612,[17.]
3613,[21.]
3614,[20.]
3615,[19.]
3616,[22.]
3743,[19.]
3744,[18.]
3745,[18.]
3746,[19.]
3747,[19.]
3748,[24.]
3749,[18.]
3750,[17.]
3751,[17.]
3752,[22.]
3753,[23.]
3754,[21.]
3755,[25.]
3885,[17.]
3886,[20.]
3888,[21.]
3889,[20.]
3890,[15.]
3891,[16.]
3892,[14.]
3893,[21.]
3894,[23.]
4028,[21.]
4029,[21.]
4030,[18.]
4031,[18.]
4032,[17.]
4033,[12.]
4034,[19.]
4170,[19.]
4171,[21.]
4172,[20.]
22038,[8.]
22039,[12.]
22040,[13.]
22041,[8.]
22042,[8.]
22043,[7.]
22044,[13.]
22045,[9.]
19938,[10.]
19939,[11.]
19940,[10.]
20077,[8.]
20078,[15.]
20079,[11.]
20080,[9.]
20081,[12.]
20216,[9.]
20217,[11.]
20218,[17.]
20219,[12.]
20220,[11.]
20221,[12.]
20356,[13.]
20357,[12.]
20358,[14.]
20359,[12.]
20360,[14.]
20361,[18.]
20496,[16.]
20497,[9.]
20498,[9.]
20499,[14.]
20500,[13.]
20501,[12.]
20636,[9.]
20637,[7.]
20638,[7.]
20639,[13.]
20640,[12.]
20775,[9.]
20776,[10.]
20777,[7.]
20778,[15.]
20779,[13.]
20780,[12.]
20781,[12.]
20914,[7.]
20915,[9.]
20916,[8.]
20917,[10.]
20918,[9.]
20919,[11.]
20920,[16.]
20921,[15.]
20922,[18.]
20923,[21.]
20924,[14.]
20925,[20.]
21054,[8.]
21055,[12.]
21056,[15.]
21057,[8.]
21058,[12.]
21059,[10.]
21060,[8.]
21061,[16.]
21062,[18.]
21063,[16.]
21064,[17.]
21065,[21.]
21194,[6.]
21195,[10.]
21196,[12.]
21197,[7.]
21198,[9.]
21199,[8.]
21200,[7.]
21201,[11.]
21202,[14.]
21203,[16.]
21204,[19.]
21205,[14.]
21206,[15.]
21335,[8.]
21336,[11.]
21337,[16.]
21338,[17.]
21339,[8.]
21340,[9.]
21341,[7.]
21342,[15.]
21343,[10.]
21344,[15.]
21345,[18.]
21476,[13.]
21477,[8.]
21478,[9.]
21479,[13.]
21480,[11.]
21481,[15.]
21482,[13.]
21483,[13.]
21484,[15.]
21485,[11.]
21616,[16.]
21617,[9.]
21618,[10.]
21619,[8.]
21620,[8.]
21621,[11.]
21622,[9.]
21623,[10.]
21624,[14.]
21625,[11.]
21756,[11.]
21757,[10.]
21758,[11.]
21759,[9.]
21760,[8.]
21761,[13.]
21762,[11.]
21763,[9.]
21764,[12.]
21765,[12.]
21896,[9.]
21897,[9.]
21898,[11.]
21899,[11.]
21900,[9.]
21901,[9.]
21902,[14.]
21903,[10.]
21904,[7.]
21905,[15.]
3617,[21.]
3618,[20.]
3756,[18.]
3757,[43.]
3758,[28.]
3895,[24.]
3896,[24.]
3897,[34.]
3898,[19.]
4035,[21.]
4036,[23.]
4037,[20.]
3619,[14.]
3620,[22.]
3759,[14.]
3760,[18.]
3899,[24.]
12121,[12.]
12401,[17.]
10848,[9.]
10988,[19.]
10989,[17.]
11127,[20.]
11128,[26.]
11129,[25.]
11130,[24.]
11131,[20.]
11133,[24.]
11134,[33.]
11135,[25.]
11268,[29.]
11269,[14.]
11270,[23.]
11271,[19.]
11272,[17.]
11273,[17.]
11274,[17.]
11275,[16.]
11276,[15.]
11277,[15.]
11278,[18.]
11409,[14.]
11410,[18.]
11411,[17.]
11412,[17.]
11413,[14.]
11414,[17.]
11415,[15.]
11416,[14.]
11417,[15.]
11418,[17.]
11549,[30.]
11550,[15.]
11551,[18.]
11552,[17.]
11553,[16.]
11554,[16.]
11555,[15.]
11556,[14.]
11557,[17.]
11558,[14.]
11559,[18.]
11689,[22.]
11690,[23.]
11691,[18.]
11692,[17.]
11693,[16.]
11694,[18.]
11695,[14.]
11696,[16.]
11697,[14.]
11698,[15.]
11699,[17.]
11829,[22.]
11830,[14.]
11831,[15.]
11832,[15.]
11833,[15.]
11834,[18.]
11835,[17.]
11836,[14.]
11837,[16.]
11838,[16.]
11839,[24.]
11969,[21.]
11970,[19.]
11971,[20.]
11972,[19.]
11973,[16.]
11974,[17.]
11975,[15.]
11976,[20.]
11977,[14.]
11978,[11.]
11979,[17.]
11980,[15.]
12109,[37.]
12110,[21.]
12111,[20.]
12112,[15.]
12113,[14.]
12114,[16.]
12115,[15.]
12116,[17.]
12117,[20.]
12118,[17.]
12119,[15.]
12120,[16.]
12249,[18.]
12250,[23.]
12251,[23.]
12252,[12.]
12253,[18.]
12254,[15.]
12255,[18.]
12256,[17.]
12257,[16.]
12258,[16.]
12259,[14.]
12260,[14.]
12389,[15.]
12390,[22.]
12391,[17.]
12392,[15.]
12393,[19.]
12394,[21.]
12395,[17.]
12396,[16.]
12397,[17.]
12398,[17.]
12399,[15.]
12400,[16.]
12530,[20.]
12531,[19.]
12532,[17.]
12533,[20.]
12534,[18.]
12535,[17.]
12536,[17.]
12537,[16.]
12538,[16.]
12539,[15.]
12669,[23.]
12670,[20.]
12671,[19.]
12672,[19.]
12673,[17.]
12674,[17.]
12814,[16.]
6953,[14.]
6954,[11.]
7093,[11.]
7094,[12.]
7233,[13.]
7234,[14.]
7373,[19.]
7374,[12.]
7513,[15.]
7514,[9.]
6398,[13.]
6537,[17.]
6538,[15.]
6677,[15.]
6678,[15.]
6817,[18.]
6818,[13.]
6819,[16.]
6955,[17.]
6956,[12.]
6957,[15.]
6958,[15.]
6959,[14.]
7095,[13.]
7096,[8.]
7097,[18.]
7098,[18.]
7099,[13.]
7100,[15.]
7235,[16.]
7236,[21.]
7237,[12.]
7238,[15.]
7239,[14.]
7240,[18.]
7241,[15.]
7375,[8.]
7376,[13.]
7377,[14.]
7378,[13.]
7379,[14.]
7516,[14.]
7517,[14.]
8075,[16.]
8076,[10.]
8077,[13.]
8215,[11.]
8216,[14.]
7655,[15.]
7794,[17.]
7795,[16.]
7934,[19.]
7935,[10.]
7383,[20.]
7384,[10.]
7523,[14.]
7663,[13.]
7803,[17.]
7380,[16.]
7381,[18.]
7515,[17.]
7518,[13.]
7519,[17.]
7520,[11.]
7521,[15.]
7656,[14.]
7657,[15.]
7658,[13.]
7659,[16.]
7660,[14.]
7661,[12.]
7382,[12.]
7522,[13.]
7662,[18.]
7796,[14.]
7797,[16.]
7798,[11.]
7799,[18.]
7800,[16.]
7801,[12.]
7802,[14.]
7936,[15.]
7937,[17.]
7938,[14.]
7939,[24.]
7940,[16.]
7941,[11.]
7942,[20.]
10973,[10.]
9297,[18.]
9298,[7.]
9434,[30.]
9435,[13.]
9436,[13.]
9437,[17.]
9438,[9.]
9574,[17.]
9575,[16.]
9576,[20.]
9577,[22.]
9578,[15.]
9713,[16.]
9714,[17.]
9715,[17.]
9716,[22.]
9717,[17.]
9718,[10.]
9849,[22.]
9850,[11.]
9851,[15.]
9852,[15.]
9853,[11.]
9854,[9.]
9855,[10.]
9856,[14.]
9857,[18.]
9989,[13.]
9990,[14.]
9991,[11.]
9992,[16.]
9993,[11.]
9994,[11.]
9995,[10.]
9996,[8.]
10128,[11.]
10129,[8.]
10130,[17.]
10131,[16.]
10132,[15.]
10133,[15.]
10134,[22.]
10135,[11.]
10136,[13.]
10137,[25.]
10269,[10.]
10270,[12.]
10271,[17.]
10272,[16.]
10273,[15.]
10274,[12.]
10275,[10.]
10276,[12.]
10277,[10.]
10278,[10.]
10410,[8.]
10411,[9.]
10412,[13.]
10413,[10.]
10414,[12.]
10415,[11.]
10416,[12.]
10417,[14.]
10418,[16.]
10551,[7.]
10552,[10.]
10553,[11.]
10554,[15.]
10555,[12.]
10556,[11.]
10557,[15.]
10558,[12.]
10692,[15.]
10693,[9.]
10694,[10.]
10695,[12.]
10696,[15.]
10697,[8.]
10698,[13.]
10832,[27.]
10833,[8.]
10834,[15.]
10835,[18.]
10974,[11.]
10975,[20.]
11114,[17.]
8846,[15.]
8986,[15.]
9126,[18.]
9266,[15.]
9406,[14.]
9546,[12.]
9547,[11.]
9686,[14.]
9687,[19.]
9688,[13.]
8284,[10.]
8285,[10.]
8421,[16.]
8422,[14.]
8423,[14.]
8424,[15.]
8425,[13.]
8558,[14.]
8559,[15.]
8560,[24.]
8561,[19.]
8562,[14.]
8563,[15.]
8564,[18.]
8565,[13.]
8696,[14.]
8697,[12.]
8698,[14.]
8699,[20.]
8700,[16.]
8701,[19.]
8702,[23.]
8703,[20.]
8704,[19.]
8705,[17.]
8834,[10.]
8835,[16.]
8836,[12.]
8837,[14.]
8838,[18.]
8839,[25.]
8840,[16.]
8841,[21.]
8842,[19.]
8843,[16.]
8844,[16.]
8845,[22.]
8974,[20.]
8975,[16.]
8976,[14.]
8977,[15.]
8978,[31.]
8979,[18.]
8980,[17.]
8981,[16.]
8982,[16.]
8983,[20.]
8984,[14.]
8985,[12.]
9114,[17.]
9115,[8.]
9116,[16.]
9117,[19.]
9118,[32.]
9119,[16.]
9120,[19.]
9121,[13.]
9122,[16.]
9123,[13.]
9124,[15.]
9125,[15.]
9255,[13.]
9256,[22.]
9257,[15.]
9258,[21.]
9259,[14.]
9260,[14.]
9261,[15.]
9262,[13.]
9263,[15.]
9264,[15.]
9265,[13.]
9396,[14.]
9397,[24.]
9398,[12.]
9399,[11.]
9400,[13.]
9401,[14.]
9402,[15.]
9403,[13.]
9404,[13.]
9405,[14.]
9536,[12.]
9537,[18.]
9538,[17.]
9539,[14.]
9540,[15.]
9541,[13.]
9542,[16.]
9543,[20.]
9544,[17.]
9545,[22.]
9676,[12.]
9677,[13.]
9678,[16.]
9679,[19.]
9680,[16.]
9681,[17.]
9682,[17.]
9683,[18.]
9684,[15.]
9685,[21.]
9816,[12.]
9817,[20.]
9821,[18.]
9822,[16.]
9823,[13.]
9824,[14.]
9825,[-9999.]
7735,[10.]
7736,[12.]
7737,[29.]
7738,[13.]
7739,[22.]
7740,[22.]
7741,[23.]
7742,[15.]
7743,[21.]
7875,[12.]
7876,[11.]
7877,[18.]
7878,[13.]
7879,[14.]
7880,[24.]
7881,[14.]
7882,[15.]
8016,[14.]
8017,[13.]
8018,[15.]
8019,[16.]
8020,[18.]
8021,[12.]
8022,[13.]
8023,[35.]
8158,[15.]
8159,[16.]
8160,[24.]
8161,[16.]
8162,[18.]
8298,[15.]
8299,[20.]
8300,[18.]
8301,[18.]
8302,[29.]
8303,[15.]
8439,[19.]
8440,[16.]
8441,[19.]
8442,[14.]
8443,[17.]
8580,[11.]
8581,[14.]
8582,[13.]
8583,[18.]
8720,[11.]
8721,[10.]
8722,[16.]
8723,[15.]
8860,[11.]
8861,[14.]
8862,[13.]
8863,[15.]
9001,[14.]
9002,[10.]
9003,[15.]
9142,[10.]
9143,[16.]
7185,[13.]
7323,[15.]
7324,[13.]
7325,[12.]
7326,[9.]
7460,[22.]
7461,[18.]
7462,[15.]
7463,[14.]
7464,[13.]
7598,[13.]
7599,[17.]
7600,[26.]
7601,[14.]
7602,[18.]
7603,[16.]
7604,[14.]
7744,[17.]
8165,[13.]
8304,[14.]
8305,[17.]
8444,[14.]
8584,[18.]
8724,[14.]
8864,[16.]
8865,[15.]
9004,[13.]
9005,[15.]
22046,[17.]
22047,[9.]
22186,[7.]
22187,[7.]
22326,[8.]
22327,[8.]
22747,[8.]
22887,[11.]
22188,[9.]
22328,[9.]
22329,[9.]
22330,[9.]
22468,[7.]
22469,[10.]
22470,[13.]
22608,[7.]
22609,[8.]
22610,[13.]
22748,[7.]
22749,[8.]
11393,[17.]
11533,[15.]
11673,[17.]
11813,[19.]
11953,[21.]
12373,[14.]
11254,[13.]
11255,[22.]
11256,[-9999.]
11394,[14.]
11395,[24.]
11396,[18.]
11397,[9.]
11398,[21.]
11534,[22.]
11535,[17.]
11536,[11.]
11537,[12.]
11538,[15.]
11539,[16.]
11540,[16.]
11674,[14.]
11675,[10.]
11676,[15.]
11677,[13.]
11678,[15.]
11679,[15.]
11680,[13.]
11814,[16.]
11815,[14.]
11816,[18.]
11817,[15.]
11818,[12.]
11954,[16.]
11955,[21.]
11956,[18.]
11957,[12.]
12094,[19.]
12095,[20.]
12096,[19.]
12097,[13.]
12234,[16.]
12235,[19.]
12236,[14.]
12374,[13.]
12375,[16.]
12376,[18.]
7823,[13.]
7962,[13.]
7963,[23.]
8103,[13.]
8243,[21.]
7827,[16.]
7964,[20.]
7965,[14.]
7966,[13.]
7967,[15.]
8104,[17.]
8105,[14.]
8106,[12.]
8107,[23.]
8244,[22.]
8245,[16.]
8246,[12.]
14482,[19.]
14622,[22.]
14761,[16.]
14762,[20.]
14902,[18.]
15042,[20.]
15181,[21.]
15182,[16.]
14483,[23.]
14623,[17.]
14624,[21.]
14625,[13.]
14626,[18.]
14627,[15.]
14628,[20.]
14629,[24.]
14763,[21.]
14764,[14.]
14765,[21.]
14766,[24.]
14767,[18.]
14768,[14.]
14769,[19.]
14770,[18.]
14903,[12.]
14904,[23.]
14905,[19.]
14906,[15.]
14907,[18.]
14908,[18.]
14909,[19.]
14910,[14.]
14911,[18.]
14912,[19.]
15043,[16.]
15044,[19.]
15045,[13.]
15046,[16.]
15047,[14.]
15048,[20.]
15049,[13.]
15050,[12.]
15051,[14.]
15052,[13.]
15183,[12.]
15184,[14.]
15185,[13.]
15186,[12.]
15187,[15.]
15188,[13.]
15189,[13.]
15190,[17.]
15191,[22.]
15192,[35.]
15323,[12.]
15324,[17.]
15325,[13.]
15326,[12.]
15327,[15.]
15328,[14.]
15329,[14.]
15330,[17.]
15331,[25.]
15464,[12.]
15465,[12.]
15466,[12.]
15467,[15.]
15468,[12.]
15469,[17.]
15470,[24.]
15607,[11.]
15608,[16.]
15609,[12.]
8338,[19.]
8478,[15.]
8479,[14.]
8618,[18.]
8758,[22.]
9038,[12.]
9039,[16.]
7633,[13.]
7634,[12.]
7772,[11.]
7773,[15.]
7774,[13.]
7775,[12.]
7913,[16.]
7914,[13.]
7915,[11.]
8054,[16.]
8055,[11.]
8056,[14.]
8057,[13.]
8195,[16.]
8196,[11.]
8197,[15.]
8335,[12.]
8336,[15.]
8337,[16.]
8475,[11.]
8476,[16.]
8477,[15.]
8615,[14.]
8616,[11.]
8617,[14.]
8754,[30.]
8755,[11.]
8756,[9.]
8757,[12.]
8894,[37.]
8895,[10.]
8896,[15.]
8897,[11.]
9034,[10.]
9035,[19.]
9036,[14.]
9037,[18.]
9174,[24.]
9175,[7.]
9176,[12.]
9177,[14.]
9178,[12.]
9179,[11.]
9315,[12.]
9316,[13.]
9317,[10.]
9318,[21.]
9319,[16.]
6507,[15.]
6508,[16.]
6509,[14.]
6647,[18.]
6648,[17.]
5951,[20.]
6091,[12.]
6092,[18.]
6093,[16.]
6231,[18.]
6232,[19.]
6233,[17.]
6371,[24.]
6372,[14.]
5803,[30.]
5805,[19.]
5943,[15.]
5944,[18.]
5945,[22.]
5946,[17.]
5947,[14.]
5948,[13.]
5949,[18.]
5950,[21.]
6083,[15.]
6084,[14.]
6085,[19.]
6086,[14.]
6087,[11.]
6088,[11.]
6089,[13.]
6090,[14.]
6224,[13.]
6225,[23.]
6226,[18.]
6227,[13.]
6228,[14.]
6229,[12.]
6230,[16.]
6364,[16.]
6365,[12.]
6366,[17.]
6367,[17.]
6368,[22.]
6369,[15.]
6370,[14.]
6505,[14.]
6506,[24.]
6646,[14.]
9352,[15.]
9353,[13.]
9354,[20.]
9355,[12.]
9356,[25.]
9490,[10.]
9491,[11.]
9492,[22.]
9493,[16.]
9494,[14.]
9495,[13.]
9496,[21.]
9631,[13.]
9632,[11.]
9633,[19.]
9634,[13.]
9635,[17.]
9636,[19.]
8518,[14.]
8657,[10.]
8658,[12.]
8659,[14.]
8797,[12.]
8798,[21.]
8937,[24.]
9077,[17.]
8654,[12.]
8655,[8.]
8656,[13.]
8936,[19.]
9076,[18.]
9216,[20.]
8794,[8.]
8795,[9.]
8796,[15.]
8934,[14.]
8935,[18.]
9073,[16.]
9074,[19.]
9075,[19.]
9213,[16.]
9214,[9.]
9215,[20.]
15164,[7.]
15165,[12.]
15166,[-9999.]
15167,[14.]
15304,[8.]
15307,[16.]
14045,[21.]
14184,[18.]
14185,[18.]
14186,[16.]
14187,[17.]
14324,[64.]
14325,[17.]
14326,[16.]
14327,[14.]
14328,[15.]
14465,[19.]
14466,[19.]
14467,[14.]
14468,[9.]
14604,[43.]
14605,[14.]
14606,[14.]
14607,[14.]
14608,[14.]
14742,[25.]
14743,[31.]
14744,[23.]
14745,[8.]
14746,[13.]
14747,[16.]
14748,[18.]
14882,[15.]
14883,[9.]
14884,[6.]
14885,[8.]
14886,[26.]
14887,[14.]
14888,[9.]
15024,[10.]
15025,[6.]
15026,[15.]
15027,[15.]
15028,[11.]
23026,[14.]
23027,[14.]
23164,[10.]
23165,[12.]
23166,[11.]
23167,[11.]
23299,[11.]
23300,[16.]
23301,[11.]
23302,[10.]
23303,[9.]
23304,[10.]
23305,[17.]
23306,[17.]
23307,[11.]
23440,[11.]
23441,[13.]
23442,[32.]
23443,[14.]
23444,[12.]
23445,[15.]
23446,[-9999.]
23030,[9.]
23031,[9.]
23169,[11.]
23170,[15.]
23308,[10.]
23309,[12.]
23448,[-9999.]
23449,[12.]
9602,[13.]
9604,[21.]
9743,[14.]
9744,[22.]
9745,[15.]
9883,[18.]
9884,[17.]
9885,[15.]
10023,[14.]
10024,[36.]
10025,[29.]
10163,[17.]
10164,[23.]
10165,[17.]
10166,[17.]
10167,[12.]
10304,[21.]
10305,[22.]
10306,[15.]
10307,[13.]
10447,[15.]
9053,[14.]
9054,[12.]
9055,[11.]
9193,[14.]
9194,[16.]
9195,[17.]
9333,[19.]
9334,[21.]
8912,[12.]
9049,[34.]
9050,[14.]
9051,[15.]
9052,[16.]
9190,[30.]
9191,[13.]
9192,[17.]
9330,[25.]
9331,[14.]
9332,[13.]
9470,[20.]
9471,[29.]
9472,[17.]
9473,[15.]
9474,[14.]
9475,[15.]
9476,[15.]
9477,[14.]
9609,[34.]
9610,[27.]
9611,[22.]
9612,[23.]
9613,[14.]
9614,[11.]
9615,[14.]
9616,[17.]
9617,[20.]
9751,[26.]
9752,[15.]
9753,[13.]
9754,[14.]
9755,[13.]
9756,[16.]
9757,[15.]
9891,[37.]
9892,[17.]
9893,[12.]
9894,[13.]
9895,[12.]
9896,[11.]
9897,[15.]
10031,[22.]
10032,[24.]
10033,[17.]
10034,[19.]
10035,[15.]
10036,[15.]
10037,[18.]
10038,[15.]
10172,[13.]
10173,[17.]
10174,[14.]
10175,[16.]
10176,[25.]
10177,[12.]
10178,[15.]
10314,[18.]
10315,[16.]
10316,[15.]
10317,[18.]
10454,[16.]
10455,[18.]
10456,[18.]
10457,[16.]
9283,[13.]
9423,[14.]
9288,[12.]
9289,[12.]
9290,[15.]
9291,[13.]
9292,[19.]
9293,[19.]
9294,[13.]
9428,[15.]
9429,[20.]
9430,[13.]
9431,[17.]
9432,[17.]
9433,[33.]
9568,[8.]
9569,[11.]
9570,[13.]
9571,[12.]
9572,[15.]
9573,[21.]
9708,[7.]
9709,[12.]
9710,[11.]
9711,[11.]
9712,[8.]
9848,[7.]
9988,[12.]
9006,[15.]
9144,[20.]
9145,[13.]
9146,[15.]
9284,[17.]
9285,[11.]
9286,[10.]
8872,[27.]
9007,[16.]
9013,[17.]
9147,[18.]
9148,[18.]
9149,[15.]
9150,[24.]
9152,[29.]
9153,[37.]
9154,[34.]
9287,[13.]
9424,[13.]
9425,[8.]
9426,[15.]
9427,[14.]
9564,[9.]
9565,[14.]
9566,[21.]
9567,[23.]
9704,[16.]
9705,[16.]
9706,[8.]
9707,[10.]
9846,[8.]
9847,[5.]
9987,[10.]
17420,[10.]
17421,[11.]
15874,[15.]
15875,[17.]
16015,[19.]
16155,[8.]
15876,[17.]
16016,[16.]
16017,[15.]
16018,[22.]
16019,[14.]
16020,[18.]
16021,[43.]
16022,[23.]
16156,[20.]
16157,[15.]
16158,[13.]
16159,[13.]
16160,[16.]
16161,[30.]
16162,[27.]
16163,[20.]
16297,[19.]
16298,[11.]
16299,[14.]
16300,[12.]
16301,[37.]
16302,[30.]
16303,[33.]
16436,[20.]
16437,[19.]
16438,[18.]
16439,[20.]
16440,[13.]
16441,[19.]
16442,[24.]
16443,[20.]
16576,[23.]
16577,[27.]
16578,[19.]
16579,[15.]
16580,[15.]
16581,[20.]
16582,[24.]
16583,[18.]
16716,[17.]
16717,[17.]
16718,[15.]
16719,[20.]
16720,[18.]
16721,[21.]
16722,[25.]
16857,[17.]
16858,[16.]
16859,[15.]
16860,[18.]
16861,[15.]
16862,[13.]
16863,[24.]
16998,[16.]
16999,[12.]
17000,[13.]
17001,[12.]
17002,[14.]
17138,[13.]
17139,[18.]
17140,[14.]
17141,[14.]
17142,[13.]
17143,[-9999.]
17279,[12.]
17280,[16.]
17281,[12.]
17283,[-9999.]
9749,[28.]
9750,[38.]
9889,[14.]
9890,[32.]
10029,[21.]
10030,[21.]
10169,[14.]
10170,[17.]
10171,[16.]
10309,[12.]
10310,[15.]
10311,[24.]
10312,[15.]
10313,[17.]
10449,[15.]
10450,[16.]
10451,[15.]
10452,[18.]
10453,[17.]
9608,[16.]
9748,[19.]
9888,[16.]
10028,[13.]
10168,[15.]
10308,[13.]
10448,[11.]
10588,[13.]
10589,[17.]
10590,[15.]
10591,[21.]
10592,[15.]
10593,[15.]
10594,[11.]
10595,[16.]
10596,[22.]
10728,[20.]
10729,[16.]
10730,[14.]
10731,[11.]
10732,[19.]
10733,[11.]
10734,[12.]
10735,[18.]
10736,[17.]
10870,[17.]
10871,[21.]
10872,[10.]
10873,[11.]
10874,[16.]
10875,[18.]
10876,[15.]
11011,[18.]
11012,[15.]
11013,[14.]
11014,[18.]
11015,[16.]
11016,[14.]
11153,[17.]
11154,[17.]
11155,[18.]
12807,[13.]
12525,[13.]
12526,[23.]
12664,[14.]
12665,[19.]
12666,[12.]
12803,[10.]
12804,[11.]
12805,[14.]
12806,[11.]
12943,[15.]
12944,[20.]
12945,[19.]
12946,[20.]
12947,[26.]
12948,[14.]
12949,[21.]
13084,[21.]
13085,[24.]
13086,[13.]
13087,[19.]
13088,[15.]
13089,[11.]
13090,[35.]
13224,[19.]
13225,[19.]
13226,[29.]
13227,[17.]
13364,[14.]
13365,[21.]
13366,[29.]
13504,[17.]
13505,[11.]
13244,[-9999.]
13245,[19.]
13384,[13.]
13385,[41.]
13524,[13.]
13525,[43.]
13664,[-9999.]
16704,[26.]
16705,[34.]
16706,[37.]
16844,[21.]
16845,[23.]
16846,[34.]
16847,[30.]
16849,[18.]
16850,[15.]
16984,[28.]
16985,[20.]
16986,[24.]
16987,[38.]
16988,[18.]
16989,[16.]
17123,[26.]
17124,[27.]
17125,[24.]
17126,[20.]
17127,[22.]
17263,[26.]
17264,[23.]
17265,[20.]
17266,[18.]
17401,[25.]
17402,[18.]
17403,[19.]
17404,[26.]
17405,[16.]
17406,[20.]
17540,[11.]
17541,[22.]
17542,[19.]
17543,[22.]
17544,[17.]
17545,[20.]
17546,[15.]
17681,[24.]
17682,[17.]
17683,[16.]
17684,[17.]
17685,[18.]
17686,[17.]
17821,[14.]
3848,[16.]
3987,[14.]
3988,[13.]
4127,[13.]
4128,[11.]
4267,[15.]
4268,[12.]
4407,[10.]
4408,[15.]
4547,[17.]
4548,[21.]
4687,[17.]
4688,[33.]
4827,[33.]
4828,[17.]
4967,[32.]
4968,[15.]
5106,[20.]
5107,[23.]
5108,[17.]
5246,[33.]
5247,[22.]
5248,[23.]
5385,[14.]
5386,[19.]
5387,[14.]
5388,[22.]
5525,[15.]
5526,[16.]
5527,[16.]
5528,[15.]
5664,[23.]
5665,[16.]
5666,[19.]
5667,[15.]
5668,[11.]
5804,[26.]
5806,[22.]
5807,[13.]
5808,[14.]
3153,[22.]
3154,[15.]
3292,[19.]
3293,[16.]
3294,[16.]
3295,[20.]
3296,[23.]
3429,[16.]
3430,[12.]
3431,[20.]
3432,[17.]
3433,[16.]
3434,[14.]
3435,[15.]
3436,[19.]
3437,[13.]
3569,[13.]
3570,[12.]
3571,[20.]
3572,[27.]
3573,[18.]
3574,[13.]
3575,[13.]
3576,[13.]
3577,[13.]
3578,[14.]
3709,[13.]
3710,[13.]
3711,[13.]
3712,[15.]
3713,[13.]
3714,[17.]
3715,[13.]
3716,[16.]
3717,[13.]
3849,[16.]
3850,[14.]
3851,[19.]
3852,[20.]
3853,[16.]
3854,[16.]
3855,[15.]
3856,[15.]
3989,[13.]
3990,[12.]
3991,[13.]
3992,[17.]
3993,[15.]
3994,[15.]
3995,[15.]
3996,[18.]
4129,[11.]
4130,[18.]
4131,[13.]
4132,[16.]
4133,[25.]
4134,[27.]
4135,[16.]
4269,[10.]
4270,[16.]
4271,[15.]
4272,[14.]
4273,[18.]
4274,[15.]
4409,[24.]
4410,[14.]
4411,[20.]
4412,[22.]
4549,[18.]
4550,[17.]
4551,[21.]
4689,[16.]
4690,[15.]
4691,[16.]
4829,[14.]
4830,[13.]
4969,[17.]
4970,[14.]
5109,[13.]
5249,[17.]
5389,[13.]
5529,[17.]
14613,[17.]
14753,[19.]
14754,[17.]
14893,[15.]
14894,[13.]
14895,[15.]
15033,[14.]
15034,[15.]
15035,[21.]
15173,[18.]
15174,[14.]
15168,[13.]
15169,[10.]
15170,[12.]
15171,[15.]
15172,[23.]
15308,[14.]
15309,[15.]
15310,[22.]
15311,[19.]
15312,[25.]
15313,[13.]
15314,[13.]
15448,[15.]
15449,[24.]
15450,[19.]
15451,[25.]
15452,[12.]
15453,[12.]
15454,[14.]
15589,[20.]
15590,[23.]
15591,[23.]
15592,[15.]
15593,[16.]
15594,[16.]
15730,[19.]
15731,[14.]
15732,[16.]
15733,[15.]
15734,[15.]
15872,[20.]
14609,[18.]
14610,[18.]
14611,[18.]
14612,[17.]
14749,[10.]
14750,[10.]
14751,[16.]
14752,[20.]
14889,[8.]
14890,[8.]
14891,[9.]
14892,[16.]
15029,[12.]
15030,[12.]
15031,[16.]
15032,[16.]
22750,[9.]
22888,[11.]
22889,[10.]
22890,[11.]
23028,[10.]
23029,[19.]
23168,[10.]
22472,[12.]
22611,[10.]
22612,[10.]
22751,[8.]
22752,[9.]
22891,[7.]
22892,[25.]
8764,[16.]
8765,[15.]
8766,[15.]
8767,[18.]
8768,[13.]
8769,[12.]
8904,[15.]
8905,[11.]
8906,[23.]
8907,[23.]
8908,[22.]
8909,[11.]
8903,[14.]
9042,[14.]
9043,[16.]
9044,[13.]
9045,[17.]
9046,[20.]
9180,[25.]
9462,[17.]
9463,[13.]
9464,[17.]
9465,[14.]
9466,[11.]
9467,[14.]
9603,[16.]
9605,[16.]
9606,[13.]
9607,[13.]
9746,[26.]
9747,[26.]
9886,[16.]
9887,[18.]
10026,[15.]
10027,[13.]
9189,[24.]
9329,[27.]
9469,[14.]
9047,[25.]
9048,[19.]
9181,[19.]
9182,[26.]
9183,[15.]
9184,[14.]
9185,[41.]
9186,[24.]
9187,[42.]
9188,[27.]
9322,[17.]
9323,[12.]
9324,[27.]
9325,[17.]
9326,[42.]
9327,[48.]
9328,[35.]
9468,[11.]
9056,[14.]
9196,[13.]
9197,[18.]
9198,[13.]
9335,[18.]
9336,[16.]
9337,[12.]
9338,[14.]
9339,[15.]
10046,[18.]
10186,[15.]
10326,[15.]
10327,[10.]
10467,[14.]
9478,[18.]
9618,[14.]
9758,[13.]
9898,[16.]
10318,[18.]
10458,[15.]
10597,[10.]
10737,[15.]
10877,[16.]
9479,[16.]
9480,[8.]
9481,[16.]
9619,[15.]
9620,[19.]
9621,[16.]
9622,[17.]
9759,[16.]
9760,[22.]
9761,[19.]
9762,[18.]
9763,[22.]
9764,[13.]
9899,[15.]
9900,[15.]
9901,[10.]
9902,[15.]
9903,[16.]
9904,[22.]
9905,[15.]
10039,[17.]
10040,[17.]
10041,[20.]
10042,[9.]
10043,[18.]
10044,[20.]
10045,[14.]
10179,[16.]
10180,[20.]
10181,[12.]
10182,[10.]
10183,[10.]
10184,[10.]
10185,[18.]
10319,[13.]
10320,[14.]
10321,[16.]
10322,[14.]
10323,[14.]
10324,[15.]
10325,[14.]
10459,[14.]
10460,[13.]
10461,[7.]
10462,[16.]
10463,[16.]
10464,[18.]
10465,[16.]
10598,[12.]
10599,[16.]
10600,[17.]
10601,[17.]
10602,[19.]
10603,[18.]
10738,[18.]
10739,[15.]
10740,[20.]
10741,[18.]
10742,[17.]
10743,[24.]
10878,[15.]
10879,[15.]
10880,[15.]
12510,[19.]
12511,[16.]
12512,[14.]
12513,[13.]
13633,[16.]
13634,[14.]
13636,[15.]
13637,[12.]
13773,[18.]
13913,[17.]
14053,[17.]
14193,[18.]
12514,[13.]
12515,[17.]
12516,[18.]
12647,[20.]
12648,[16.]
12649,[22.]
12650,[14.]
12651,[14.]
12652,[16.]
12653,[16.]
12654,[14.]
12655,[14.]
12656,[17.]
12787,[16.]
12788,[14.]
12789,[15.]
12790,[19.]
12791,[18.]
12792,[18.]
12793,[15.]
12794,[19.]
12795,[17.]
12796,[14.]
12928,[19.]
12929,[22.]
12930,[17.]
12931,[15.]
12932,[17.]
12933,[16.]
12934,[20.]
12935,[16.]
12936,[15.]
13068,[15.]
13069,[22.]
13070,[15.]
13071,[16.]
13072,[14.]
13073,[15.]
13074,[15.]
13075,[17.]
13076,[18.]
13208,[20.]
13209,[21.]
13210,[17.]
13211,[13.]
13212,[10.]
13213,[13.]
13214,[11.]
13215,[17.]
13216,[18.]
13217,[19.]
13349,[19.]
13350,[14.]
13351,[14.]
13352,[12.]
13353,[10.]
13354,[16.]
13355,[16.]
13356,[16.]
13357,[18.]
13489,[14.]
13490,[15.]
13491,[14.]
13492,[17.]
13493,[13.]
13494,[16.]
13495,[13.]
13496,[16.]
13497,[18.]
13629,[14.]
13630,[15.]
13631,[18.]
13632,[14.]
13769,[15.]
13770,[15.]
13771,[16.]
13772,[14.]
13909,[17.]
13910,[17.]
13911,[14.]
13912,[16.]
14050,[16.]
14051,[19.]
14052,[16.]
14190,[18.]
14191,[16.]
14192,[19.]
14330,[13.]
14331,[18.]
14332,[17.]
14469,[19.]
14470,[19.]
14471,[14.]
14472,[16.]
5120,[22.]
5121,[17.]
5125,[13.]
5126,[13.]
3444,[18.]
3445,[16.]
3583,[12.]
3584,[12.]
3585,[13.]
3723,[16.]
3724,[14.]
3725,[13.]
3863,[12.]
3864,[15.]
4003,[13.]
4004,[13.]
4143,[14.]
4283,[24.]
4703,[17.]
4704,[13.]
4843,[13.]
4844,[16.]
4845,[13.]
4983,[14.]
4984,[17.]
4985,[15.]
4986,[17.]
3718,[12.]
3857,[15.]
3858,[16.]
3997,[13.]
3998,[12.]
4136,[16.]
4137,[12.]
4138,[12.]
4275,[13.]
4276,[15.]
4277,[13.]
4278,[13.]
4415,[15.]
4416,[11.]
4417,[12.]
4418,[13.]
4555,[23.]
4556,[13.]
4557,[13.]
4558,[14.]
4695,[20.]
4696,[15.]
4697,[15.]
4698,[18.]
4835,[19.]
4836,[21.]
4837,[23.]
4838,[14.]
4975,[26.]
4976,[21.]
4977,[22.]
4978,[12.]
3579,[12.]
3580,[12.]
3719,[13.]
3720,[13.]
3721,[12.]
3722,[12.]
3859,[13.]
3860,[15.]
3861,[18.]
3862,[12.]
3999,[16.]
4000,[16.]
4001,[42.]
4002,[15.]
4139,[16.]
4140,[15.]
4141,[30.]
4142,[17.]
4279,[14.]
4280,[14.]
4281,[22.]
4282,[15.]
4419,[16.]
4420,[14.]
4421,[14.]
4422,[18.]
4559,[17.]
4560,[12.]
4561,[15.]
4562,[36.]
4699,[12.]
4700,[12.]
4701,[31.]
4702,[27.]
4839,[12.]
4840,[28.]
4841,[18.]
4842,[21.]
4979,[15.]
4980,[18.]
4981,[22.]
4982,[18.]
12681,[10.]
12821,[13.]
12822,[14.]
12961,[13.]
12962,[17.]
12963,[20.]
13101,[22.]
13102,[28.]
13103,[20.]
13241,[36.]
13242,[27.]
13243,[27.]
12540,[13.]
12675,[17.]
12676,[14.]
12677,[15.]
12678,[17.]
12679,[12.]
12680,[13.]
12809,[25.]
12810,[19.]
12811,[20.]
12812,[20.]
12813,[17.]
12815,[16.]
12816,[20.]
12817,[16.]
12818,[17.]
12819,[14.]
12820,[12.]
12950,[16.]
12951,[22.]
12952,[18.]
12953,[16.]
12954,[16.]
12955,[14.]
12956,[15.]
12957,[13.]
12958,[14.]
12959,[15.]
12960,[15.]
13091,[18.]
13092,[19.]
13093,[15.]
13094,[12.]
13095,[18.]
13096,[13.]
13097,[16.]
13098,[17.]
13099,[14.]
13100,[19.]
13231,[25.]
13232,[16.]
13233,[14.]
13234,[18.]
13235,[17.]
13236,[21.]
13237,[20.]
13238,[20.]
13239,[19.]
13240,[17.]
13373,[25.]
13374,[23.]
13375,[22.]
13376,[27.]
13377,[24.]
13378,[19.]
13379,[19.]
13380,[30.]
13381,[30.]
13382,[32.]
13383,[22.]
13516,[20.]
13517,[19.]
13518,[20.]
13523,[20.]
18686,[14.]
18687,[15.]
18825,[16.]
18826,[11.]
18827,[22.]
18962,[16.]
18963,[16.]
18964,[15.]
18965,[14.]
18966,[13.]
18967,[14.]
19799,[15.]
19800,[10.]
19801,[15.]
19802,[16.]
18688,[-9999.]
18828,[8.]
18968,[8.]
18969,[11.]
19102,[16.]
19103,[18.]
19104,[15.]
19105,[16.]
19106,[14.]
19107,[13.]
19108,[9.]
19109,[11.]
19111,[-9999.]
19242,[14.]
19243,[14.]
19244,[14.]
19245,[15.]
19246,[15.]
19247,[13.]
19248,[11.]
19382,[16.]
19383,[13.]
19384,[15.]
19385,[15.]
19386,[14.]
19387,[13.]
19521,[12.]
19522,[16.]
19523,[15.]
19524,[14.]
19525,[17.]
19526,[15.]
19660,[8.]
19661,[11.]
19662,[14.]
19663,[16.]
12505,[14.]
14046,[19.]
14047,[12.]
14048,[14.]
14188,[15.]
12927,[12.]
13067,[13.]
13207,[15.]
13347,[17.]
13348,[14.]
13487,[17.]
13488,[17.]
13627,[17.]
13628,[14.]
13767,[22.]
13768,[17.]
13907,[12.]
13908,[19.]
14049,[17.]
14189,[14.]
14329,[15.]
12644,[16.]
12645,[15.]
12646,[23.]
12785,[19.]
12786,[34.]
12925,[21.]
12926,[23.]
13065,[27.]
13066,[17.]
13204,[16.]
13205,[27.]
13206,[21.]
13344,[25.]
13345,[21.]
13346,[21.]
13484,[16.]
13485,[61.]
13486,[21.]
13625,[52.]
13626,[17.]
13765,[52.]
13766,[37.]
13905,[24.]
13906,[17.]
8523,[20.]
8663,[20.]
8942,[24.]
8943,[19.]
9082,[24.]
9083,[32.]
9222,[21.]
9223,[27.]
9362,[26.]
9363,[25.]
8247,[11.]
8384,[26.]
8385,[23.]
8386,[28.]
8387,[13.]
8524,[23.]
8525,[31.]
8526,[16.]
8664,[16.]
8665,[15.]
8666,[17.]
8804,[22.]
8805,[24.]
8806,[17.]
8944,[23.]
9084,[16.]
9085,[10.]
9224,[23.]
9225,[13.]
9364,[14.]
9504,[44.]
24967,[14.]
25106,[29.]
25243,[18.]
25244,[16.]
25245,[24.]
25384,[12.]
25385,[49.]
10860,[23.]
10861,[22.]
11001,[17.]
10162,[29.]
10302,[17.]
10303,[21.]
10442,[21.]
10443,[15.]
10444,[15.]
10445,[16.]
10446,[15.]
10021,[16.]
10160,[25.]
10161,[32.]
10300,[20.]
10301,[16.]
10439,[32.]
10440,[31.]
10441,[33.]
10579,[34.]
10580,[48.]
10581,[46.]
10582,[36.]
10583,[27.]
10584,[21.]
10585,[22.]
10586,[15.]
10587,[18.]
10720,[35.]
10721,[39.]
10722,[39.]
10723,[31.]
10724,[29.]
10725,[18.]
10726,[16.]
10727,[17.]
10862,[15.]
10863,[20.]
10864,[12.]
10865,[21.]
10866,[12.]
10867,[22.]
11002,[14.]
11003,[14.]
11004,[21.]
11005,[18.]
11006,[17.]
11007,[21.]
11143,[14.]
11144,[14.]
11145,[16.]
11146,[17.]
11286,[13.]
11426,[17.]
11819,[13.]
11820,[13.]
11958,[17.]
11959,[11.]
11960,[12.]
12098,[13.]
12099,[14.]
12100,[12.]
12239,[18.]
12240,[12.]
12379,[14.]
12380,[14.]
12383,[14.]
12384,[13.]
12385,[13.]
12523,[13.]
12524,[18.]
12663,[11.]
11681,[16.]
11682,[17.]
11683,[29.]
11821,[15.]
11822,[15.]
11823,[13.]
11824,[22.]
11961,[10.]
11962,[12.]
11963,[13.]
11964,[15.]
12101,[14.]
12102,[16.]
12103,[13.]
12104,[11.]
12241,[10.]
12242,[13.]
12243,[17.]
12244,[12.]
12245,[-9999.]
12381,[11.]
12382,[13.]
12521,[13.]
12522,[11.]
14342,[19.]
14484,[24.]
14485,[19.]
14486,[24.]
14487,[22.]
14488,[22.]
14489,[17.]
14490,[17.]
14491,[15.]
14492,[22.]
14493,[16.]
14630,[11.]
14631,[15.]
14632,[28.]
14633,[26.]
14771,[18.]
14772,[30.]
14773,[31.]
14913,[31.]
13228,[23.]
13229,[17.]
13367,[17.]
13368,[16.]
13369,[17.]
13506,[21.]
13507,[18.]
13508,[27.]
13509,[22.]
13645,[15.]
13646,[18.]
13647,[15.]
13648,[24.]
13649,[23.]
13784,[19.]
13785,[16.]
13786,[13.]
13787,[13.]
13788,[16.]
13789,[25.]
13790,[14.]
13923,[30.]
13924,[20.]
13925,[18.]
13926,[22.]
13927,[15.]
13928,[14.]
13929,[19.]
13930,[25.]
14063,[22.]
14064,[17.]
14065,[16.]
14066,[14.]
14067,[18.]
14068,[19.]
14069,[27.]
14070,[14.]
14203,[18.]
14204,[34.]
14205,[25.]
14206,[24.]
14207,[15.]
14208,[29.]
14209,[18.]
14210,[22.]
14211,[16.]
14343,[33.]
14344,[16.]
14345,[19.]
14346,[24.]
14347,[13.]
14348,[17.]
14349,[13.]
14350,[12.]
14351,[15.]
14352,[16.]
14774,[26.]
14914,[26.]
8785,[17.]
8925,[16.]
9348,[9.]
9350,[14.]
9351,[10.]
8651,[8.]
8650,[9.]
8790,[8.]
8791,[10.]
8792,[10.]
8793,[8.]
8930,[9.]
8931,[7.]
8932,[11.]
8933,[7.]
9070,[11.]
9071,[8.]
9072,[9.]
9210,[9.]
9211,[12.]
9212,[14.]
9066,[14.]
9067,[10.]
8646,[6.]
8647,[8.]
8648,[8.]
8649,[8.]
8786,[15.]
8787,[13.]
8788,[12.]
8789,[27.]
8926,[22.]
8927,[19.]
8928,[9.]
8929,[8.]
9068,[8.]
9069,[16.]
9208,[8.]
9209,[18.]
12127,[9.]
12266,[24.]
12267,[16.]
12268,[20.]
12405,[19.]
12406,[14.]
12407,[14.]
12408,[13.]
12409,[16.]
12546,[12.]
12547,[10.]
12548,[11.]
12549,[10.]
12686,[19.]
12687,[23.]
12688,[12.]
12689,[19.]
12829,[14.]
12690,[28.]
15321,[20.]
15322,[14.]
15462,[15.]
15463,[16.]
15602,[19.]
15603,[13.]
15604,[11.]
15605,[14.]
15606,[15.]
15882,[30.]
15883,[11.]
15884,[15.]
16023,[25.]
16024,[13.]
15742,[17.]
15743,[15.]
15744,[13.]
15745,[14.]
15746,[13.]
15747,[12.]
15748,[17.]
15885,[14.]
15886,[11.]
15887,[12.]
16025,[21.]
16026,[22.]
16165,[20.]
13638,[18.]
13639,[18.]
13640,[19.]
13641,[31.]
13642,[17.]
13778,[17.]
13779,[16.]
13780,[19.]
13781,[21.]
13782,[33.]
13921,[19.]
13922,[19.]
12237,[16.]
12238,[14.]
12377,[16.]
12378,[15.]
13083,[14.]
13223,[14.]
13363,[19.]
13503,[20.]
13643,[27.]
13644,[16.]
12517,[13.]
12657,[17.]
12797,[18.]
12937,[15.]
13077,[17.]
12518,[14.]
12519,[15.]
12520,[19.]
12658,[14.]
12659,[17.]
12660,[17.]
12661,[14.]
12662,[14.]
13222,[13.]
13362,[11.]
13502,[16.]
13783,[20.]
12798,[19.]
12799,[18.]
12800,[19.]
12801,[15.]
12802,[12.]
12938,[15.]
12939,[19.]
12940,[20.]
12941,[15.]
12942,[12.]
13078,[17.]
13079,[10.]
13080,[16.]
13081,[14.]
13082,[10.]
13218,[19.]
13219,[12.]
13220,[15.]
13221,[17.]
13358,[18.]
13359,[10.]
13360,[17.]
13361,[13.]
13498,[17.]
13499,[17.]
13500,[11.]
13501,[13.]
9695,[-9999.]
9696,[-9999.]
9697,[-9999.]
9698,[12.]
9699,[15.]
9700,[20.]
9701,[10.]
9702,[14.]
9703,[14.]
9843,[10.]
9844,[10.]
9983,[13.]
9984,[13.]
10123,[12.]
9834,[-9999.]
9835,[-9999.]
9836,[-9999.]
9837,[10.]
9838,[8.]
9839,[9.]
9840,[8.]
9841,[17.]
9842,[10.]
9974,[-9999.]
9975,[10.]
9976,[11.]
9977,[13.]
9978,[9.]
9979,[9.]
9980,[6.]
9981,[7.]
9982,[10.]
10114,[10.]
10115,[7.]
10116,[9.]
10117,[8.]
10118,[9.]
10119,[7.]
10120,[8.]
10121,[8.]
10122,[9.]
10254,[21.]
10255,[14.]
10256,[9.]
10257,[8.]
10258,[7.]
10259,[10.]
10260,[8.]
10261,[10.]
10262,[11.]
10394,[14.]
10395,[12.]
10396,[16.]
10397,[20.]
10398,[8.]
10399,[10.]
10400,[10.]
10401,[11.]
10532,[14.]
10533,[21.]
10534,[17.]
10535,[18.]
10536,[11.]
10537,[18.]
10538,[12.]
10539,[7.]
10540,[10.]
10541,[7.]
10672,[14.]
10673,[11.]
10674,[12.]
10675,[16.]
10676,[9.]
10677,[15.]
10678,[14.]
10679,[16.]
10680,[8.]
10681,[9.]
10682,[8.]
10813,[13.]
10814,[16.]
10815,[13.]
10816,[12.]
10817,[16.]
10818,[14.]
10819,[16.]
10820,[12.]
10821,[12.]
10822,[7.]
10953,[8.]
10954,[12.]
10955,[11.]
10956,[12.]
10957,[14.]
10958,[20.]
10959,[11.]
10960,[19.]
11099,[20.]
11100,[21.]
8319,[16.]
8458,[12.]
8459,[12.]
8597,[9.]
8598,[11.]
8599,[10.]
8737,[10.]
8738,[10.]
8739,[10.]
8876,[11.]
8877,[9.]
8878,[16.]
8879,[12.]
9295,[18.]
9296,[13.]
9299,[10.]
8320,[15.]
8460,[14.]
8600,[15.]
8740,[9.]
8880,[9.]
9015,[12.]
9016,[13.]
9017,[12.]
9018,[13.]
9019,[24.]
9020,[17.]
9155,[13.]
9156,[10.]
9157,[14.]
9158,[12.]
9159,[14.]
9160,[15.]
17416,[18.]
17417,[13.]
17418,[12.]
17419,[14.]
17556,[13.]
17557,[16.]
17558,[11.]
17559,[9.]
17696,[13.]
17697,[10.]
17698,[11.]
17699,[12.]
17836,[12.]
17837,[13.]
17976,[14.]
16295,[19.]
16431,[18.]
16432,[21.]
16434,[18.]
16435,[18.]
16570,[17.]
16571,[19.]
16572,[19.]
16573,[18.]
16574,[16.]
16575,[23.]
16710,[20.]
16711,[18.]
16712,[19.]
16713,[18.]
16714,[18.]
16715,[28.]
16851,[17.]
16852,[16.]
16853,[20.]
16854,[20.]
16855,[16.]
16296,[17.]
16856,[14.]
16994,[19.]
16995,[19.]
16996,[12.]
16997,[23.]
17134,[19.]
17135,[20.]
17136,[15.]
17137,[16.]
17274,[23.]
17275,[9.]
17276,[16.]
17277,[14.]
17278,[15.]
17414,[16.]
17415,[11.]
16991,[14.]
16992,[15.]
16993,[23.]
17131,[18.]
17132,[20.]
17133,[12.]
17272,[18.]
17273,[13.]
17413,[23.]
17554,[14.]
17555,[13.]
17695,[9.]
17835,[10.]
17975,[10.]
7644,[10.]
7645,[10.]
7646,[12.]
7647,[12.]
7648,[15.]
7784,[13.]
7785,[15.]
7786,[17.]
7787,[11.]
7788,[12.]
7789,[14.]
7790,[12.]
7791,[19.]
7924,[20.]
7925,[19.]
7926,[16.]
7927,[15.]
7928,[13.]
7929,[11.]
7930,[13.]
8065,[18.]
8066,[18.]
8067,[15.]
7640,[13.]
7641,[11.]
7642,[15.]
7643,[13.]
7781,[16.]
7782,[21.]
7783,[17.]
7922,[11.]
7923,[17.]
7358,[13.]
7360,[15.]
7361,[14.]
7362,[18.]
7498,[13.]
7499,[11.]
7500,[18.]
7501,[13.]
7502,[17.]
7503,[13.]
7504,[14.]
7505,[10.]
18661,[11.]
18662,[18.]
18663,[17.]
18664,[13.]
18665,[11.]
18666,[24.]
18667,[11.]
18668,[9.]
18804,[11.]
18805,[9.]
18806,[11.]
18807,[11.]
18808,[-9999.]
18946,[12.]
18116,[11.]
18117,[12.]
18256,[11.]
18396,[14.]
16990,[17.]
17128,[19.]
17129,[16.]
17130,[18.]
17267,[18.]
17268,[17.]
17269,[19.]
17270,[16.]
17407,[16.]
17408,[16.]
17409,[16.]
17410,[18.]
17547,[14.]
17548,[18.]
17549,[24.]
17550,[17.]
17687,[14.]
17688,[22.]
17689,[17.]
17690,[20.]
17822,[17.]
17823,[19.]
17824,[15.]
17825,[15.]
17826,[16.]
17827,[18.]
17828,[16.]
17829,[20.]
17830,[13.]
17271,[18.]
17411,[15.]
17412,[17.]
17551,[21.]
17552,[17.]
17553,[15.]
17691,[17.]
17692,[17.]
17693,[21.]
17694,[13.]
17831,[19.]
17832,[17.]
17833,[15.]
17834,[12.]
17970,[21.]
17971,[24.]
17972,[18.]
17973,[16.]
17974,[13.]
17961,[16.]
17962,[16.]
17963,[11.]
17964,[11.]
17965,[15.]
17966,[14.]
17967,[15.]
17968,[17.]
17969,[13.]
18100,[13.]
18101,[14.]
18102,[16.]
18103,[10.]
18104,[15.]
18105,[16.]
18106,[15.]
18107,[17.]
18108,[21.]
18109,[23.]
18110,[18.]
18111,[11.]
18112,[12.]
18113,[10.]
18114,[12.]
18115,[10.]
18240,[16.]
18241,[19.]
18242,[12.]
18243,[12.]
18244,[15.]
18245,[17.]
18246,[16.]
18247,[19.]
18248,[16.]
18249,[17.]
18250,[24.]
18251,[11.]
18252,[11.]
18253,[16.]
18254,[11.]
18255,[11.]
18380,[13.]
18381,[20.]
18382,[13.]
18383,[14.]
18384,[12.]
18385,[15.]
18386,[24.]
18387,[22.]
18388,[18.]
18389,[21.]
18390,[15.]
18391,[11.]
18392,[8.]
18393,[13.]
18394,[12.]
18395,[9.]
18520,[14.]
18521,[10.]
18522,[17.]
18523,[10.]
18524,[15.]
18525,[28.]
18526,[14.]
18527,[21.]
18528,[13.]
18529,[10.]
18530,[11.]
18531,[17.]
18532,[12.]
18533,[13.]
18534,[9.]
18535,[14.]
18669,[9.]
18670,[13.]
18809,[18.]
10056,[18.]
10196,[10.]
10334,[10.]
10335,[12.]
10336,[14.]
10197,[16.]
10337,[11.]
10474,[19.]
10475,[19.]
10476,[25.]
10477,[23.]
10614,[9.]
10615,[17.]
10616,[25.]
10617,[-9999.]
10755,[14.]
10756,[19.]
10757,[12.]
9917,[19.]
10057,[14.]
10058,[22.]
10198,[16.]
10199,[18.]
10338,[21.]
10339,[-9999.]
10478,[9.]
19088,[9.]
19228,[8.]
19368,[7.]
18677,[16.]
18678,[17.]
18679,[14.]
18680,[14.]
18817,[19.]
18818,[13.]
18819,[15.]
18820,[13.]
18957,[10.]
18958,[11.]
18959,[15.]
18960,[15.]
19793,[10.]
19794,[10.]
19795,[8.]
19796,[10.]
19797,[11.]
19798,[7.]
19933,[7.]
19934,[12.]
19935,[7.]
19936,[11.]
19937,[6.]
20073,[11.]
20074,[9.]
20075,[11.]
20076,[7.]
20213,[8.]
20214,[11.]
20215,[8.]
20353,[9.]
20354,[7.]
20355,[11.]
20493,[6.]
20494,[8.]
20495,[9.]
20633,[9.]
20634,[7.]
20635,[9.]
20773,[7.]
20774,[8.]
20913,[7.]
19099,[20.]
19100,[15.]
19101,[20.]
19239,[13.]
19240,[20.]
19241,[15.]
19379,[15.]
19380,[14.]
19381,[14.]
19519,[8.]
19520,[12.]
19659,[10.]
18536,[13.]
18671,[15.]
18672,[18.]
18673,[13.]
18674,[12.]
18675,[8.]
18676,[18.]
18810,[14.]
18811,[10.]
18812,[11.]
18813,[11.]
18814,[11.]
18815,[11.]
18816,[16.]
18949,[12.]
18950,[10.]
18951,[11.]
18952,[11.]
18953,[11.]
18954,[11.]
18955,[11.]
18956,[11.]
19089,[8.]
19090,[15.]
19091,[10.]
19092,[12.]
19093,[10.]
19094,[10.]
19095,[12.]
19096,[13.]
19097,[12.]
19098,[12.]
19229,[8.]
19230,[8.]
19231,[8.]
19232,[13.]
19233,[10.]
19234,[11.]
19235,[12.]
19236,[8.]
19237,[12.]
19238,[12.]
19369,[7.]
19370,[8.]
19371,[10.]
19372,[9.]
19373,[13.]
19374,[11.]
19375,[12.]
19376,[8.]
19377,[10.]
19378,[7.]
19509,[10.]
19510,[8.]
19511,[9.]
19512,[8.]
19513,[16.]
19514,[10.]
19515,[14.]
19516,[14.]
19517,[7.]
19518,[8.]
19650,[7.]
19651,[11.]
19652,[9.]
19653,[12.]
19654,[12.]
19655,[11.]
19656,[10.]
19657,[7.]
19658,[9.]
19790,[11.]
19791,[6.]
19792,[6.]
19930,[8.]
19931,[8.]
19932,[8.]
20070,[7.]
20071,[10.]
20072,[9.]
20210,[8.]
20211,[8.]
20212,[8.]
20350,[7.]
20351,[9.]
20352,[8.]
20490,[9.]
20491,[6.]
20492,[7.]
20630,[8.]
20631,[7.]
20632,[7.]
20771,[8.]
20772,[7.]
19803,[14.]
19804,[13.]
19805,[13.]
19806,[14.]
19942,[14.]
19943,[14.]
19944,[19.]
19945,[15.]
19946,[13.]
20083,[16.]
19249,[12.]
19388,[19.]
19389,[8.]
19527,[14.]
19528,[12.]
19529,[8.]
19664,[18.]
19665,[17.]
19666,[15.]
19667,[16.]
19668,[10.]
19669,[12.]
19670,[11.]
19807,[18.]
19808,[13.]
19809,[8.]
19810,[26.]
19811,[-9999.]
19947,[10.]
19948,[7.]
19949,[7.]
19950,[24.]
19951,[9.]
19952,[18.]
20087,[12.]
20088,[13.]
20089,[-9999.]
20090,[20.]
20091,[11.]
20092,[12.]
20227,[15.]
20228,[13.]
20229,[7.]
20230,[13.]
20231,[18.]
20232,[11.]
20368,[10.]
20369,[10.]
20370,[12.]
20371,[13.]
20508,[12.]
20509,[14.]
20510,[9.]
20511,[12.]
20648,[14.]
20649,[15.]
20650,[12.]
12128,[12.]
12129,[14.]
12269,[8.]
11152,[19.]
11156,[17.]
12130,[13.]
12270,[13.]
12410,[18.]
12550,[21.]
11292,[20.]
11293,[15.]
11294,[11.]
11295,[19.]
11296,[20.]
11432,[19.]
11433,[15.]
11434,[14.]
11435,[15.]
11436,[17.]
11572,[16.]
11573,[22.]
11574,[19.]
11575,[13.]
11576,[14.]
11711,[15.]
11712,[20.]
11713,[15.]
11714,[20.]
11715,[17.]
11716,[15.]
11717,[14.]
11849,[16.]
11850,[15.]
11851,[16.]
11852,[18.]
11853,[13.]
11854,[14.]
11855,[16.]
11856,[11.]
11857,[9.]
11989,[14.]
11990,[15.]
11991,[16.]
11992,[16.]
11993,[17.]
11994,[18.]
11995,[11.]
11996,[12.]
11997,[9.]
12131,[15.]
12132,[17.]
12133,[16.]
12134,[14.]
12135,[11.]
12136,[9.]
12137,[16.]
12138,[37.]
12271,[13.]
12272,[14.]
12273,[20.]
12274,[20.]
12275,[14.]
12276,[11.]
12277,[-9999.]
12411,[21.]
12412,[22.]
12413,[17.]
12414,[16.]
12415,[-9999.]
12551,[26.]
12552,[23.]
12553,[16.]
12691,[16.]
7883,[24.]
8163,[14.]
8033,[10.]
8173,[11.]
8313,[17.]
8314,[10.]
8453,[15.]
8454,[17.]
8593,[13.]
8594,[11.]
8733,[16.]
8734,[11.]
8735,[13.]
8873,[20.]
8874,[10.]
8875,[10.]
7465,[14.]
7466,[13.]
7605,[14.]
7606,[20.]
7745,[14.]
7746,[17.]
7884,[27.]
7885,[16.]
7886,[29.]
8024,[15.]
8025,[28.]
8026,[13.]
8164,[19.]
8166,[14.]
8306,[15.]
8445,[17.]
8446,[18.]
8585,[16.]
8586,[15.]
8725,[15.]
8726,[24.]
8866,[15.]
8867,[23.]
8868,[16.]
8869,[26.]
8870,[23.]
8871,[12.]
9008,[23.]
9009,[16.]
9010,[19.]
9011,[19.]
9012,[19.]
9014,[12.]
9151,[20.]
7607,[12.]
7747,[20.]
7748,[24.]
7887,[17.]
7888,[14.]
7889,[23.]
8027,[18.]
8028,[17.]
8029,[22.]
8031,[12.]
8032,[10.]
8167,[16.]
8168,[22.]
8169,[17.]
8170,[14.]
8171,[13.]
8172,[12.]
8307,[14.]
8308,[28.]
8309,[27.]
8310,[16.]
8311,[12.]
8312,[13.]
8447,[17.]
8448,[13.]
8449,[17.]
8450,[14.]
8451,[16.]
8452,[15.]
8587,[14.]
8588,[14.]
8589,[16.]
8590,[12.]
8591,[15.]
8592,[14.]
8727,[17.]
8728,[22.]
8729,[14.]
8730,[24.]
8731,[14.]
8732,[13.]
11687,[28.]
12107,[14.]
12108,[39.]
12247,[11.]
12248,[50.]
12387,[17.]
12388,[13.]
12527,[13.]
12528,[11.]
12529,[21.]
12667,[-9999.]
12668,[15.]
12808,[16.]
10699,[17.]
10836,[15.]
10837,[19.]
10838,[10.]
10839,[13.]
10976,[19.]
10977,[20.]
10978,[21.]
10979,[21.]
11115,[17.]
11116,[15.]
11117,[14.]
11118,[16.]
11119,[17.]
11257,[14.]
11258,[15.]
11259,[13.]
11260,[13.]
11399,[43.]
11400,[19.]
12386,[18.]
11541,[-9999.]
11542,[22.]
11543,[16.]
11544,[18.]
11545,[11.]
11684,[16.]
11685,[11.]
11825,[18.]
11965,[18.]
12105,[16.]
10700,[13.]
10840,[17.]
10980,[19.]
10981,[14.]
11120,[15.]
11121,[18.]
11122,[19.]
11261,[17.]
11262,[18.]
11263,[24.]
11401,[14.]
11402,[23.]
11403,[19.]
11404,[20.]
11405,[11.]
11546,[10.]
11686,[11.]
11966,[18.]
12106,[22.]
12246,[18.]
10607,[18.]
10747,[16.]
10887,[15.]
10888,[19.]
11027,[16.]
11028,[14.]
11167,[20.]
11307,[16.]
11308,[16.]
11447,[11.]
11448,[19.]
11449,[15.]
11017,[15.]
11157,[22.]
10466,[17.]
10604,[18.]
10605,[15.]
10606,[17.]
10744,[18.]
10745,[16.]
10746,[15.]
10881,[15.]
10882,[18.]
10883,[15.]
10884,[14.]
10885,[18.]
10886,[16.]
11158,[16.]
11297,[15.]
11298,[19.]
11437,[14.]
11438,[14.]
11577,[17.]
11578,[13.]
11718,[9.]
11858,[13.]
11998,[9.]
11018,[18.]
11019,[17.]
11020,[15.]
11021,[16.]
11022,[16.]
11023,[18.]
11024,[16.]
11025,[19.]
11026,[14.]
11159,[14.]
11160,[14.]
11161,[17.]
11162,[15.]
11163,[19.]
11164,[15.]
11165,[14.]
11166,[17.]
11299,[13.]
11300,[15.]
11301,[18.]
11302,[13.]
11303,[17.]
11304,[14.]
11305,[13.]
11306,[11.]
11439,[16.]
11440,[12.]
11441,[16.]
11442,[14.]
11443,[14.]
11444,[11.]
11445,[14.]
11446,[16.]
11579,[15.]
11580,[15.]
11581,[14.]
11582,[16.]
11583,[15.]
11584,[16.]
11585,[16.]
11586,[19.]
11587,[14.]
11588,[10.]
11589,[33.]
11719,[17.]
11720,[12.]
11721,[11.]
11722,[13.]
11723,[18.]
11724,[28.]
11725,[17.]
11726,[29.]
11727,[30.]
11728,[60.]
11859,[8.]
11860,[12.]
11861,[10.]
11862,[22.]
11863,[23.]
11864,[59.]
11865,[12.]
11999,[9.]
12000,[11.]
12001,[25.]
12139,[9.]
13515,[19.]
13519,[18.]
13520,[21.]
13521,[24.]
13522,[23.]
13655,[24.]
13656,[22.]
13657,[23.]
13658,[20.]
13659,[23.]
13660,[20.]
13661,[17.]
13662,[26.]
13663,[17.]
13797,[22.]
13798,[21.]
13799,[19.]
13800,[20.]
13801,[23.]
13802,[21.]
13803,[17.]
13938,[22.]
13939,[20.]
13940,[20.]
13941,[17.]
13942,[21.]
14078,[18.]
14079,[24.]
14080,[28.]
14081,[22.]
14218,[25.]
14219,[33.]
14220,[32.]
14221,[16.]
14358,[26.]
14359,[14.]
14360,[18.]
14499,[48.]
14500,[71.]
26083,[14.]
26084,[13.]
26087,[11.]
26223,[17.]
26224,[18.]
26225,[22.]
26227,[15.]
26362,[21.]
26363,[18.]
26364,[16.]
26366,[33.]
26367,[12.]
26500,[24.]
26501,[22.]
26502,[17.]
26503,[17.]
26504,[17.]
26505,[10.]
26506,[40.]
26507,[19.]
26640,[21.]
26641,[22.]
26642,[19.]
26643,[19.]
26644,[14.]
26645,[13.]
26646,[16.]
26647,[27.]
26780,[20.]
26781,[21.]
26782,[15.]
26783,[15.]
26784,[19.]
26785,[15.]
26786,[17.]
26787,[-9999.]
26920,[23.]
26921,[19.]
26922,[18.]
26923,[18.]
26924,[18.]
26925,[22.]
26926,[13.]
26927,[22.]
27060,[23.]
27061,[19.]
27062,[28.]
27063,[26.]
27064,[15.]
27065,[18.]
27066,[13.]
27067,[20.]
27200,[21.]
27201,[22.]
27202,[19.]
27203,[19.]
27204,[19.]
27205,[18.]
