Pixel,lat,lon,State,Fraction,MaizeArea
162744,-17.57455,34.61671,Maringue,0.00551436,0.451626084
162745,-16.90842,38.46946,Pebane,0.03045163,2.493988497
162746,-16.34691,36.87037,Lugela,0.00046494,0.038078586
164014,-19.53957,34.97517,Dondo,0.00228344,0.187013736
164015,-21.72251,33.17195,Mabote,0.00056691,0.046429929
164016,-17.33706,35.36441,Morrumbala,0.00078408,0.064216152
164017,-15.11306,30.53464,Zumbu,0.00066013,0.054064647
164018,-18.49594,34.68831,Cheringoma,0.00040253,0.032967207
164019,-17.96796,35.32343,Cheringoma,0.0038183,0.31271877
165285,-24.03586,34.82774,Panda,0.07429534,6.084788346
165286,-16.85484,39.10796,Pebane,0.00679236,0.556294284
165287,-16.84367,35.03667,Mutarara,0.0116215,0.95180085
165288,-24.31814,35.28104,Inharrime,0.33998254,27.84457003
165289,-18.60948,33.21131,Manica,0.00218863,0.179248797
165290,-14.56587,38.1042,Lalaua,0.12576332,10.30001591
165291,-13.97735,40.10641,Memba,0.00285211,0.233587809
165292,-26.86236,32.56025,Matutuine,0.03961275,3.244284225
166555,-16.16518,36.76949,Lugela,0.00212976,0.174427344
166556,-14.35642,35.82491,Mecanhelas,0.01618595,1.325629305
166557,-11.05858,39.48982,Mueda,0.00166562,0.136414278
166558,-16.83378,37.88776,Maganja_da_Cost,0.0053083,0.43474977
166559,-18.74899,33.35775,Manica,0.00082948,0.067934412
166560,-16.10812,37.47117,Ile,0.006856,0.5615064
166561,-15.90404,39.83609,Angoche,0.01338801,1.096478019
166562,-14.3323,39.31066,Mecuburi,0.01745295,1.429396605
166563,-15.74876,36.69014,Namarroi,0.08217051,6.729764769
166564,-21.10603,34.50199,Machanga,0.00129773,0.106284087
166565,-21.62798,33.30092,Mabote,0.00191251,0.156634569
167825,-16.69752,35.43294,Morrumbala,0.03942826,3.229174494
167826,-16.56516,38.57352,Pebane,0.00631316,0.517047804
167827,-16.05653,37.90153,Alto_Molocue,0.04173628,3.418201332
167828,-18.02336,34.93565,Caia,0.05208127,4.265456013
167829,-17.02215,37.65181,Maganja_da_Cost,0.01052164,0.861722316
167830,-21.58984,33.50458,Mabote,0.00665775,0.545269725
167831,-15.53053,40.4033,Mongincual,0.0038922,0.31877118
167832,-14.3051,39.36626,Muecate,0.00257719,0.211071861
167833,-15.29955,36.12744,Mecanhelas,0.03577277,2.929789863
167834,-16.87902,37.89689,Maganja_da_Cost,0.00781076,0.639701244
167835,-15.28151,39.38653,Nampula,0.1198716,9.81748404
167836,-14.55475,37.66803,Malema,0.02202568,1.803903192
167837,-16.47883,36.54123,Lugela,0.03152749,2.582101431
167838,-16.97206,38.63836,Pebane,0.00552799,0.452742381
169096,-15.643,39.46184,Mogovolas,0.02942492,2.409900948
169097,-16.39151,36.81373,Lugela,0.0036839,0.30171141
169098,-15.26512,30.76845,Zumbu,0.00388421,0.318116799
169099,-17.68363,34.26609,Maringue,0.02597477,2.127333663
169100,-21.14658,34.67375,Govuro,0.1057956,8.66465964
169101,-16.87273,34.68945,Mutarara,0.00364336,0.298391184
169102,-14.45867,39.44074,Muecate,0.00068624,0.056203056
169103,-15.58811,39.70422,Meconta,0.0341253,2.79486207
169104,-15.19,38.19471,Ribaue,0.00327493,0.268216767
169105,-17.54532,34.93706,Caia,0.01678627,1.374795513
169106,-15.48067,39.18179,Meconta,0.00968546,0.793239174
169107,-17.93433,36.64458,Mopeia,0.01262242,1.033776198
169108,-15.01406,37.40484,Malema,0.03303215,2.705333085
169109,-15.06282,39.96297,Meconta,0.01325739,1.085780241
169110,-19.52728,35.24188,Muanza,0.11847272,9.702915768
169111,-23.71746,35.06321,Homoine,0.01449747,1.187342793
171640,-17.5454,34.52343,Maringue,0.00651634,0.533688246
172912,-21.99556,34.3971,Mabote,0.02233082,1.828894158
172913,-15.75457,37.32453,Ile,0.17439871,14.28325435
174183,-14.36865,38.89334,Mecuburi,0.01532224,1.254891456
174184,-15.7465,37.45524,Alto_Molocue,0.00292386,0.239464134
174185,-15.61544,30.79151,Zumbu,0.00077712,0.063646128
174186,-17.96636,35.73839,Mopeia,0.00074339,0.060883641
175455,-14.79319,30.85112,Zumbu,0.04451185,3.645520515
175456,-15.11736,30.89414,Zumbu,0.00266229,0.218041551
175457,-14.04042,40.15301,Memba,0.00407288,0.333568872
175458,-17.20515,38.04543,Maganja_da_Cost,0.00442027,0.362020113
175459,-13.85943,37.81088,Nipepe,0.09989189,8.181145791
176726,-14.65075,36.2474,Cuamba,0.03659687,2.997283653
176727,-15.89818,37.20195,Ile,0.00631302,0.517036338
176728,-15.55854,40.2543,Mongincual,0.05719459,4.684236921
176729,-21.20147,34.36453,Machanga,0.0313679,2.56903101
176730,-15.7404,37.94991,Alto_Molocue,0.02538566,2.079085554
176731,-18.21004,34.80865,Maringue,0.00190508,0.156026052
176732,-17.7942,34.36668,Maringue,0.00534433,0.437700627
177998,-15.95334,36.40769,Lugela,0.00683397,0.559702143
177999,-17.95946,34.89942,Caia,0.42691843,34.96461942
178000,-16.28524,39.21996,Moma,0.00115404,0.094515876
178001,-15.85212,37.09967,Ile,0.00426079,0.348958701
178002,-15.08966,31.38436,Zumbu,0.032745,2.6818155
178003,-17.80997,34.27217,Maringue,0.00468983,0.384097077
178004,-20.1948,34.13733,Buzi,0.1283426,10.51125894
178005,-23.1487,34.37806,Funhalouro,0.00018278,0.014969682
179267,-15.32663,39.43319,Nampula,0.02478344,2.029763736
179268,-17.31485,36.99119,Namacurra,0.25967359,21.26726702
179269,-15.50737,39.47086,Meconta,0.00169968,0.139203792
179270,-15.20015,39.38638,Nampula,0.02789688,2.284754472
179271,-17.55652,34.61715,Maringue,0.00152223,0.124670637
179272,-20.24779,34.43173,Buzi,0.00653693,0.535374567
179273,-16.14974,38.9205,Gile,0.02480112,2.031211728
179274,-19.07471,34.03832,Nhamatanda,0.1669575,13.67381925
179275,-16.96329,38.84502,Pebane,0.00534368,0.437647392
179276,-16.64418,37.92637,Maganja_da_Cost,0.01479528,1.211733432
179277,-16.50109,38.28319,Pebane,0.00331741,0.271695879
179278,-15.02244,36.36351,Cuamba,0.02754048,2.255565312
180539,-14.07017,39.2362,Mecuburi,0.00418134,0.342451746
180540,-16.21168,36.89988,Lugela,0.00780906,0.639562014
180541,-18.9224,33.14384,Manica,0.18150012,14.86485983
180542,-15.90282,36.73506,Namarroi,0.00413563,0.338708097
180543,-15.07068,36.64183,Cuamba,0.00533096,0.436605624
180544,-15.29777,38.01734,Gile,0.25878414,21.19442107
180545,-16.25731,36.94616,Lugela,0.01966229,1.610341551
180546,-15.13719,39.05119,Nampula,0.05050308,4.136202252
180547,-11.72754,35.01553,Lago,0.03095203,2.534971257
180548,-16.33273,34.31865,Mutarara,0.0033909,0.27771471
180549,-14.64482,40.38822,Nacala_Velha,0.00331433,0.271443627
180550,-19.11227,34.82434,Muanza,0.07061072,5.783017968
180551,-23.23002,34.38501,Funhalouro,0.00091412,0.074866428
186897,-17.02492,38.16849,Pebane,0.00301307,0.246770433
188169,-24.25473,34.91896,Inharrime,0.150946,12.3624774
188170,-15.43514,39.42409,Meconta,0.00256267,0.209882673
189441,-15.15057,40.4566,Mossuril,0.02857669,2.340430911
189442,-15.58909,39.25651,Meconta,0.00227689,0.186477291
189443,-17.91933,34.71192,Maringue,0.00152389,0.124806591
190713,-16.71721,38.07603,Pebane,0.0767362,6.28469478
190714,-24.14591,34.27408,Panda,0.04259198,3.488283162
190715,-15.04307,40.29775,Monapo,0.06833127,5.596331013
190716,-17.52362,36.31105,Mopeia,0.0087109,0.71342271
191965,-16.94407,38.30032,Pebane,0.00048867,0.040022073
191966,-15.96721,36.84641,Namarroi,0.00318225,0.260626275
191967,-19.37939,34.31403,Nhamatanda,0.0049735,0.40732965
191968,-16.98506,35.36189,Morrumbala,0.00711579,0.582783201
191969,-16.41807,37.89952,Ile,0.05722586,4.686797934
191970,-17.34854,34.1997,Maringue,0.01943601,1.591809219
191985,-15.1418,30.34914,Zumbu,0.00058786,0.048145734
191986,-17.69912,34.16224,Maringue,0.0109425,0.89619075
191987,-14.53757,37.83518,Lalaua,0.00180289,0.147656691
191988,-16.55505,38.20802,Pebane,0.00128686,0.105393834
191989,-18.48671,34.67909,Gorongosa,0.04374857,3.583007883
193235,-23.6876,34.62352,Panda,0.00561167,0.459595773
193236,-17.78914,34.5362,Maringue,0.00194074,0.158946606
193237,-14.0459,37.25437,Maua,0.01000953,0.819780507
193238,-21.91616,33.56931,Mabote,0.02612346,2.139511374
193239,-14.72052,36.86844,Cuamba,0.02371616,1.942353504
193240,-15.84529,37.37047,Ile,0.02642216,2.163974904
193241,-20.54503,34.42294,Buzi,0.00728901,0.596969919
193242,-15.92186,39.90156,Angoche,0.00310586,0.254369934
193243,-19.5515,34.34711,Nhamatanda,0.0056681,0.46421739
193244,-16.13425,37.34008,Ile,0.00246258,0.201685302
193245,-16.92469,37.99052,Maganja_da_Cost,0.0058918,0.48253842
193246,-16.25819,39.1357,Moma,0.00040802,0.033416838
193247,-14.8366,31.32879,Zumbu,0.11220886,9.189905634
193256,-20.37004,34.6289,Buzi,0.00742175,0.607841325
193257,-16.16653,39.74365,Angoche,0.06849734,5.609932146
193258,-17.67663,35.18821,Caia,0.0153117,1.25402823
193259,-17.47215,35.87902,Morrumbala,0.03226079,2.642158701
193260,-19.30362,34.17381,Nhamatanda,0.07525973,6.163771887
193261,-24.0916,34.26626,Panda,0.08255477,6.761235663
193262,-14.37771,38.97681,Mecuburi,0.00410663,0.336332997
200846,-16.27295,37.80676,Ile,0.02086559,1.708891821
202117,-15.90328,37.98643,Alto_Molocue,0.02170516,1.777652604
202118,-12.52904,34.91175,Lago,0.01064771,0.872047449
202119,-11.77391,35.10645,Lago,0.03012921,2.467582299
203388,-16.60142,39.37031,Moma,0.00450754,0.369167526
203389,-12.25844,34.91598,Lago,0.01869602,1.531204038
203390,-22.10211,33.47523,Mabote,0.04002104,3.277723176
203391,-16.47504,38.74235,Pebane,0.00778874,0.637897806
203392,-20.22938,33.77353,Chibabava,0.2164567,17.72780373
204660,-15.77096,37.11909,Ile,0.00055838,0.045731322
204661,-21.64695,33.32906,Mabote,0.00155245,0.127145655
204662,-18.86797,32.85272,Manica,0.12911723,10.57470114
204663,-16.18552,39.40695,Moma,0.05928496,4.855438224
204664,-16.01079,37.79898,Alto_Molocue,0.00226719,0.185682861
204665,-15.4704,39.75975,Meconta,0.02602464,2.131418016
209737,-14.72661,31.25894,Zumbu,0.00759431,0.621973989
209738,-14.97391,39.49757,Muecate,0.01227889,1.005641091
210967,-16.64209,35.35908,Morrumbala,0.00569851,0.466707969
210968,-15.15033,40.49382,Mossuril,0.01003204,0.821624076
211008,-12.34112,35.01564,Lago,0.00774042,0.633940398
211009,-23.78583,34.59085,Panda,0.00893491,0.731769129
211010,-20.10693,33.59646,Chibabava,0.00834236,0.683239284
211011,-16.10874,36.56453,Lugela,0.03483535,2.853015165
212240,-16.66223,35.48041,Morrumbala,0.02561828,2.098137132
212241,-16.12578,37.41494,Ile,0.01029435,0.843107265
212242,-15.21581,37.88739,Ribaue,0.0717144,5.87340936
212280,-15.13147,36.41796,Cuamba,0.01477586,1.210142934
212281,-22.84226,33.7955,Funhalouro,0.00276119,0.226141461
212282,-14.13357,39.08802,Mecuburi,0.0013751,0.11262069
212283,-14.52161,39.59864,Muecate,0.00146186,0.119726334
212284,-16.00715,37.26638,Ile,0.00232586,0.190487934
213474,-12.10577,34.96416,Lago,0.00295501,0.242015319
213475,-14.57127,36.40606,Cuamba,0.03165659,2.592674721
213513,-16.07149,37.40602,Ile,0.00285857,0.234116883
213514,-15.26379,36.15583,Mecanhelas,0.0116291,0.95242329
213515,-18.82008,33.32701,Manica,0.01418058,1.161389502
213552,-23.25646,34.36459,Funhalouro,0.00363238,0.297491922
213553,-16.86294,35.60794,Morrumbala,0.00822839,0.673905141
213554,-15.37959,39.87123,Mongincual,0.00148371,0.121515849
213555,-17.78586,34.39512,Maringue,0.00352318,0.288548442
213556,-15.38867,39.86195,Mongincual,0.00240468,0.196943292
213557,-15.12163,37.28309,Gurue,0.25530879,20.9097899
214747,-16.84202,34.9524,Mutarara,0.01035318,0.847925442
214748,-24.43302,34.23389,Inharrime,0.01787584,1.464031296
214786,-16.3567,39.64138,Angoche,0.00265914,0.217783566
214787,-23.09797,33.90252,Funhalouro,5.83E-05,0.004775589
214788,-16.26724,39.12635,Moma,0.00105903,0.086734557
214789,-14.96868,40.62272,Mossuril,0.00492861,0.403653159
214824,-19.92891,33.97403,Chibabava,0.02237819,1.832773761
214825,-14.09415,37.74484,Nipepe,0.12357837,10.1210685
214826,-14.9771,40.70646,Mossuril,0.01854567,1.518890373
214827,-19.95151,34.47847,Buzi,0.00407071,0.333391149
214828,-15.25995,37.69162,Alto_Molocue,0.04968179,4.068938601
214829,-21.87354,34.22723,Mabote,0.00183987,0.150685353
214830,-14.66581,38.2431,Ribaue,0.01007948,0.825509412
216019,-15.57607,37.65234,Alto_Molocue,0.00800216,0.655376904
216020,-15.09038,38.14856,Ribaue,0.03343644,2.738444436
216021,-15.03027,36.26118,Mecanhelas,0.05532036,4.530737484
216059,-20.98119,34.55374,Machanga,0.00570689,0.467394291
216060,-16.53591,37.96445,Pebane,0.00914771,0.749197449
216061,-16.09549,38.92052,Gile,0.00762891,0.624807729
216062,-16.23566,37.61987,Ile,0.0186589,1.52816391
216063,-17.92118,34.79666,Caia,0.00983918,0.805828842
216064,-14.85177,30.98713,Zumbu,0.12052403,9.870918057
216065,-11.22171,38.83053,Mueda,0.00010124,0.008291556
216066,-17.21839,35.81755,Morrumbala,0.01426881,1.168615539
216067,-13.66771,40.5302,Memba,0.01679949,1.375878231
217341,-15.29644,35.89489,Mecanhelas,0.02036582,1.667960658
218614,-16.59224,39.44529,Moma,0.00160737,0.131643603
218615,-13.90351,37.59781,Nipepe,0.06661008,5.455365552
218640,-14.74685,38.14992,Ribaue,0.05200138,4.258913022
219887,-16.61048,38.63904,Pebane,0.00365502,0.299346138
219888,-21.43472,35.02166,Inhassoro,0.06793399,5.563793781
219889,-17.73031,35.65792,Mopeia,0.00078778,0.064519182
219911,-16.91256,35.34454,Morrumbala,0.01372824,1.124342856
219912,-14.66655,38.5217,Ribaue,0.00187091,0.153227529
219913,-17.26292,35.7792,Morrumbala,0.09088713,7.443655947
221160,-21.46892,33.66307,Mabote,0.00222828,0.182496132
221161,-15.2785,37.77531,Alto_Molocue,0.10154331,8.316397089
221162,-13.85836,40.39267,Memba,0.00348185,0.285163515
221183,-17.43439,35.77621,Morrumbala,0.05452059,4.465236321
221184,-23.72771,35.11188,Homoine,0.00988272,0.809394768
221185,-18.83632,33.26974,Manica,0.02768245,2.267192655
221186,-19.74495,34.88431,Dondo,0.03341295,2.736520605
222433,-24.06385,35.20984,Jangamo,0.92875826,76.06530149
222434,-19.91811,34.58428,Buzi,0.00561041,0.459492579
222435,-14.98196,36.01094,Mecanhelas,0.03239356,2.653032564
222436,-17.31134,35.44008,Morrumbala,0.08505149,6.965717031
222454,-12.4592,35.06894,Lago,0.00174215,0.142682085
222455,-15.51447,40.03962,Mongincual,0.10946483,8.965169577
222456,-17.6586,35.68749,Morrumbala,0.01717141,1.406338479
222457,-16.74655,35.66622,Morrumbala,0.00667385,0.546588315
222458,-15.53768,37.3263,Alto_Molocue,0.00220012,0.180189828
222459,-20.6261,34.42052,Machanga,0.00189613,0.155293047
223706,-15.05262,37.79521,Ribaue,0.10341656,8.469816264
223707,-14.40484,38.99536,Mecuburi,0.00528404,0.432762876
223708,-15.38292,36.29386,Mecanhelas,0.00708374,0.580158306
223709,-14.63952,38.56819,Mecuburi,0.02609834,2.137454046
223710,-16.4661,38.84542,Pebane,0.01200228,0.982986732
223727,-20.24766,33.78247,Chibabava,0.01055346,0.864328374
223728,-15.86558,37.69712,Alto_Molocue,0.00057591,0.047167029
223729,-16.80828,38.24451,Pebane,0.00261539,0.214200441
223730,-14.1842,40.32051,Memba,0.00842281,0.689828139
223731,-17.76263,34.17935,Maringue,0.00780761,0.639443259
223732,-16.65113,37.57943,Maganja_da_Cost,0.0015898,0.13020462
224979,-14.80139,38.23333,Ribaue,0.00644871,0.528149349
224980,-16.15142,37.22773,Ile,0.02557766,2.094810354
224981,-20.76501,34.92441,Machanga,0.01467694,1.202041386
224982,-16.83575,38.34765,Pebane,0.00562633,0.460796427
224983,-17.2892,37.14195,Maganja_da_Cost,0.000557,0.0456183
224984,-17.99577,36.50218,Mopeia,0.0168013,1.37602647
224985,-18.82021,33.04344,Manica,0.02730886,2.236595634
224986,-12.70844,34.84458,Lago,0.00275082,0.225292158
224987,-23.96901,35.02615,Homoine,0.00660126,0.540643194
224988,-14.89726,40.49206,Mossuril,0.02247652,1.840826988
224989,-16.28002,37.49792,Ile,0.00562768,0.460906992
224999,-15.05964,37.46031,Malema,0.00337672,0.276553368
225000,-14.68763,40.74133,Mossuril,0.04845557,3.968511183
225001,-16.57071,34.48119,Mutarara,0.00930597,0.762158943
225002,-15.17361,36.16634,Mecanhelas,0.00430508,0.352586052
225003,-12.88153,34.95209,Lago,0.07225662,5.917817178
225004,-15.05189,40.33501,Monapo,0.03006286,2.462148234
225005,-15.28729,35.88572,Mecanhelas,0.02920434,2.391835446
226252,-15.31223,30.59122,Zumbu,0.00284356,0.232887564
226253,-14.87217,40.13872,Monapo,0.0176781,1.44783639
226254,-14.67257,40.27697,Monapo,0.13622518,11.15684224
226255,-17.60227,35.07689,Caia,0.00955393,0.782466867
226256,-19.89155,33.92759,Chibabava,0.03535226,2.895350094
226257,-13.65024,37.57159,Maua,0.00521208,0.426869352
226258,-17.49416,36.14209,Morrumbala,0.10769224,8.819994456
226259,-15.60563,39.86285,Mongincual,0.00334761,0.274169259
226260,-16.67771,37.50422,Maganja_da_Cost,0.01489874,1.220206806
226261,-15.62501,39.41515,Mogovolas,0.00318505,0.260855595
226262,-15.85559,37.54779,Alto_Molocue,0.00562026,0.460299294
226263,-17.57923,34.83286,Caia,0.17878231,14.64227119
226270,-14.43639,36.46325,Metarica,0.07112246,5.824929474
226271,-15.38942,39.63832,Meconta,0.01006428,0.824264532
226272,-16.71902,35.6386,Morrumbala,0.13019716,10.6631474
226273,-14.81637,36.51459,Cuamba,0.28882794,23.65500829
226274,-18.61643,33.14499,Manica,0.0069375,0.56818125
226275,-18.38115,34.40786,Maringue,0.00084458,0.069171102
226276,-12.77229,34.88949,Lago,0.00224931,0.184218489
226277,-24.24927,34.12284,Panda,0.12517329,10.25169245
226278,-15.21396,40.43842,Mossuril,0.07939094,6.502117986
227525,-15.30397,40.49491,Mossuril,0.31045831,25.42653559
227526,-16.96344,35.68118,Morrumbala,0.11093692,9.085733748
227527,-18.12956,34.44277,Maringue,0.00202666,0.165983454
227528,-17.28052,35.75071,Morrumbala,0.01311525,1.074138975
227529,-17.23524,35.74211,Morrumbala,0.06260972,5.127736068
227530,-16.28615,37.13297,Ile,0.00205006,0.167899914
227531,-19.71205,34.63758,Buzi,0.00932217,0.763485723
227532,-14.76307,40.25891,Monapo,0.0800641,6.55724979
227533,-23.58829,35.31173,Morrumbene,0.08834565,7.235508735
227534,-19.10425,34.13223,Nhamatanda,0.04330898,3.547005462
227535,-16.38459,39.29499,Moma,0.00355342,0.291025098
227536,-17.29917,35.78797,Morrumbala,0.14236502,11.65969514
227537,-16.50897,38.00207,Pebane,0.04869925,3.988468575
227542,-19.10069,33.09024,Manica,0.00401881,0.329140539
227543,-14.95636,38.93025,Nampula,0.24662305,20.1984278
227544,-19.62466,35.15393,Dondo,0.12744704,10.43791258
227545,-16.59691,37.57983,Ile,0.00298154,0.244188126
227546,-14.68465,39.46905,Muecate,0.00140878,0.115379082
227547,-18.71738,33.20764,Manica,0.00487865,0.399561435
227548,-19.39673,33.95265,Nhamatanda,0.03503024,2.868976656
227549,-20.19138,33.70802,Chibabava,0.00283329,0.232046451
227550,-22.48831,34.29366,Funhalouro,0.01220008,0.999186552
227551,-14.08124,35.51427,N'gauma,2.34370711,191.9496123
229798,-14.75742,39.13472,Mecuburi,0.00088804,0.072730476
229799,-20.13143,34.46376,Buzi,0.00263756,0.216016164
247648,-16.68215,38.36693,Pebane,0.03464515,2.837437785
248921,-14.38638,38.57796,Mecuburi,0.02104155,1.723302945
248922,-15.49726,38.16557,Gile,0.01254458,1.027401102
248923,-11.95281,34.99393,Lago,0.13622764,11.15704372
250194,-14.54548,36.52693,Cuamba,0.03327448,2.725179912
250195,-14.90886,37.97265,Ribaue,0.04048029,3.315335751
250196,-15.12631,30.8938,Zumbu,0.01151183,0.942818877
250197,-14.05652,36.42122,Maua,0.01346707,1.102953033
250198,-14.51281,38.50347,Lalaua,0.00434814,0.356112666
251376,-16.94305,35.54086,Morrumbala,0.04189524,3.431220156
251377,-14.94533,30.84537,Zumbu,0.01978581,1.620457839
251378,-17.82903,35.13788,Caia,0.00918913,0.752589747
251379,-14.73671,36.67331,Cuamba,0.43731349,35.81597483
251380,-15.3349,39.73132,Meconta,0.00873642,0.715512798
251381,-17.9863,34.88937,Caia,0.07695666,6.302750454
251382,-16.35684,39.59456,Moma,0.00214943,0.176038317
251383,-13.97433,36.33888,Maua,0.00926476,0.758783844
251384,-16.33959,39.02341,Moma,0.00738043,0.604457217
251385,-22.39095,34.3551,Funhalouro,0.00386244,0.316333836
251386,-18.30538,34.25887,Gorongosa,0.11514242,9.430164198
251467,-14.85219,40.47317,Mossuril,0.04271164,3.498083316
251468,-14.52748,40.35964,Nacala_Velha,0.00145766,0.119382354
251469,-16.90664,35.52278,Morrumbala,0.00179396,0.146925324
251470,-17.51752,34.48652,Maringue,0.00557978,0.456983982
251471,-14.99559,40.65082,Mossuril,1.09714549,89.85621563
251472,-15.89462,38.07054,Alto_Molocue,0.02412868,1.976138892
252629,-18.06943,34.98174,Caia,0.00215496,0.176491224
252630,-15.4438,39.59189,Meconta,0.01329651,1.088984169
252631,-14.8088,40.15697,Monapo,0.01195256,0.978914664
252632,-15.19582,40.4476,Mossuril,0.03362151,2.753601669
252633,-21.80873,34.82791,Inhassoro,0.0639941,5.24111679
252634,-17.90004,34.26978,Maringue,0.00058674,0.048054006
252635,-14.21496,38.99537,Mecuburi,0.02562059,2.098326321
252636,-14.80871,37.82445,Malema,0.00651146,0.533288574
252637,-12.82811,34.99892,Lago,0.07179199,5.879763981
252638,-15.92704,37.42585,Ile,0.06943517,5.686740423
252639,-14.54934,39.27383,Mecuburi,0.06298879,5.158781901
252640,-16.07593,39.79941,Angoche,0.00048476,0.039701844
252641,-15.83764,37.56659,Alto_Molocue,0.00187604,0.153647676
252642,-14.64434,36.47943,Cuamba,0.07606302,6.229561338
252643,-14.70989,40.04499,Monapo,0.00751681,0.615626739
252644,-14.58161,36.52652,Cuamba,0.01399091,1.145855529
252645,-18.14013,34.5085,Maringue,0.01776245,1.454744655
252646,-16.99943,38.8262,Pebane,0.01313448,1.075713912
252647,-14.71197,38.64236,Mecuburi,0.04205811,3.444559209
252648,-16.11202,38.18174,Gile,0.00903816,0.740225304
252649,-17.0624,35.66066,Morrumbala,0.00979704,0.802377576
252650,-17.36413,35.89965,Morrumbala,0.03980123,3.259720737
252651,-17.19031,35.23586,Mutarara,0.00233434,0.191182446
252652,-15.82415,39.24747,Mogovolas,0.0093465,0.76547835
252653,-24.28431,34.09201,Panda,0.00419616,0.343665504
252654,-14.88165,40.04582,Monapo,0.00632464,0.517988016
252655,-14.17878,38.92123,Mecuburi,0.0022238,0.18212922
252656,-14.49997,40.42442,Nacala_Velha,0.00188443,0.154334817
252657,-14.94116,40.67829,Mossuril,0.00584003,0.478298457
252658,-18.28069,34.74087,Maringue,0.00093758,0.076787802
252659,-12.71181,35.06509,Lago,0.00578674,0.473934006
252660,-22.15877,34.12091,Mabote,0.01949928,1.596991032
252661,-14.43714,40.34982,Nacala_Velha,0.00999729,0.818778051
252662,-13.94127,40.08772,Memba,0.00433098,0.354707262
252667,-18.30142,34.8631,Cheringoma,0.00029929,0.024511851
252693,-16.34742,39.71624,Angoche,0.00363024,0.297316656
252740,-16.85283,38.08476,Pebane,0.0089304,0.73139976
252741,-14.80264,39.11617,Mecuburi,0.00406818,0.333183942
252742,-17.85455,34.25216,Maringue,0.00433828,0.355305132
252743,-12.49596,35.1143,Lago,0.00235742,0.193072698
252744,-16.61002,38.43279,Pebane,0.0115746,0.94795974
252745,-17.84262,36.53262,Mopeia,0.08460296,6.928982424
252746,-14.59101,35.8123,Mecanhelas,0.09171043,7.511084217
252747,-19.53161,34.63294,Dondo,0.04431941,3.629759679
253895,-17.99532,34.88916,Caia,0.07099879,5.814800901
253896,-14.73588,31.26783,Zumbu,0.0181716,1.48825404
253897,-15.27765,30.38966,Zumbu,0.00085088,0.069687072
253898,-21.80664,33.52525,Mabote,0.01023062,0.837887778
253899,-19.54314,34.03364,Nhamatanda,0.08883226,7.275362094
253900,-23.55906,33.95326,Panda,0.00298209,0.244233171
253901,-21.55655,33.87169,Mabote,0.02978164,2.439116316
253902,-16.60511,34.40558,Mutarara,0.0010388,0.08507772
253903,-21.28146,34.32356,Machanga,0.01346082,1.102441158
253904,-17.42746,35.90799,Morrumbala,0.03594525,2.943915975
253905,-14.82911,36.88596,Malema,0.06133314,5.023184166
253906,-14.32068,35.8532,Mecanhelas,0.00807819,0.661603761
253907,-14.34526,36.39015,Metarica,0.04360779,3.571478001
253908,-23.80191,34.84506,Homoine,0.01397323,1.144407537
253909,-15.22294,40.44779,Mossuril,0.04495796,3.682056924
253910,-19.04705,33.10161,Manica,0.02809845,2.301263055
253911,-15.85772,37.91195,Alto_Molocue,0.00560114,0.458733366
253912,-17.33749,35.9283,Morrumbala,0.00777528,0.636795432
253913,-16.36647,38.67695,Pebane,0.00171024,0.140068656
253914,-16.07641,38.34083,Gile,0.02415043,1.977920217
253915,-15.19131,36.13821,Mecanhelas,0.04687063,3.838704597
253916,-15.24176,40.32689,Mossuril,0.02364265,1.936333035
253917,-14.9004,31.09596,Zumbu,0.04859425,3.979869075
253918,-17.41511,35.70132,Morrumbala,0.06631242,5.430987198
253919,-17.00451,34.95829,Mutarara,0.00028963,0.023720697
253920,-23.83896,34.25591,Panda,0.02803679,2.296213101
253921,-24.17573,35.00011,Homoine,0.0075924,0.62181756
253922,-16.30316,39.34167,Moma,0.28158266,23.06161985
253923,-15.35017,37.66311,Alto_Molocue,0.00611925,0.501166575
253924,-15.17066,40.10307,Monapo,0.13293928,10.88772703
253925,-17.60412,34.33396,Maringue,0.00233025,0.190847475
253926,-16.68192,36.94168,Lugela,0.00273335,0.223861365
253927,-14.43113,39.62623,Muecate,0.00369175,0.302354325
253928,-15.85772,40.08805,Mongincual,0.00296483,0.242819577
253929,-14.76637,39.24623,Mecuburi,0.02850506,2.334564414
253930,-18.27062,34.69391,Maringue,0.01158532,0.948837708
253931,-17.82185,35.23223,Caia,0.04036831,3.306164589
253932,-24.01927,35.23079,Homoine,0.01415677,1.159439463
253933,-16.29437,39.08892,Moma,0.00200197,0.163961343
253934,-23.80682,35.03111,Homoine,0.01419754,1.162778526
253935,-14.73024,39.20903,Mecuburi,0.08940138,7.321973022
253936,-15.40567,35.95843,Mecanhelas,0.01018595,0.834229305
253938,-16.83676,39.10795,Pebane,0.00058949,0.048279231
253939,-16.43687,36.83194,Lugela,0.0280246,2.29521474
253940,-16.09538,39.23845,Moma,0.00391988,0.321038172
254021,-14.06535,36.40261,Maua,0.0010094,0.08266986
255168,-16.66302,35.52721,Morrumbala,0.04754469,3.893910111
255169,-16.64176,35.34036,Morrumbala,0.00239662,0.196283178
255170,-14.91114,38.90237,Mecuburi,0.02003128,1.640561832
255171,-15.50633,39.82515,Mongincual,0.01231087,1.008260253
255172,-16.77351,39.03284,Pebane,0.00248674,0.203664006
255173,-20.78655,34.03236,Chibabava,0.00347736,0.284795784
255174,-15.56077,38.23059,Gile,0.01298299,1.063306881
255175,-12.2619,35.15447,Lago,0.00036273,0.029707587
255176,-14.96771,36.31772,Cuamba,0.04225291,3.460513329
255177,-14.99212,39.43251,Muecate,0.02766481,2.265747939
255178,-16.45619,38.37703,Pebane,0.00254504,0.208438776
255179,-22.02537,33.88392,Mabote,0.01494654,1.224121626
255180,-17.73853,35.61067,Mopeia,0.00056669,0.046411911
255181,-15.13324,40.33552,Mossuril,0.02399004,1.964784276
255182,-15.66941,38.27684,Gile,0.01249257,1.023141483
255183,-15.89359,37.85572,Alto_Molocue,0.00534611,0.437846409
255184,-16.19266,38.01303,Gile,0.06812448,5.579394912
255185,-15.01425,30.76899,Zumbu,0.04843628,3.966931332
255186,-12.53708,34.84735,Lago,0.00161004,0.131862276
255187,-17.06115,38.18712,Pebane,0.00858869,0.703413711
255188,-15.66293,37.16672,Ile,0.00427957,0.350496783
255189,-19.77187,34.15984,Buzi,0.01290942,1.057281498
255190,-15.44242,36.00444,Mecanhelas,0.01828809,1.497794571
255191,-15.59459,40.27318,Mongincual,0.00633943,0.519199317
255192,-20.19845,34.27086,Buzi,0.00257466,0.210864654
255193,-20.51298,34.577,Buzi,0.01770996,1.450445724
255194,-12.88308,35.05323,Sanga,0.10799719,8.844969861
255195,-15.36646,40.60713,Mossuril,0.13711194,11.22946789
255196,-21.24544,34.3247,Machanga,0.00192324,0.157513356
255197,-14.94733,36.96845,Malema,0.0028021,0.22949199
255198,-16.0626,36.48102,Lugela,0.02314037,1.895196303
255199,-20.09613,34.49341,Buzi,0.0024232,0.19846008
255200,-21.61562,33.74437,Mabote,0.00470745,0.385540155
255201,-20.78219,34.19539,Chibabava,0.00525844,0.430666236
255202,-17.13368,38.24321,Pebane,0.00389466,0.318972654
255203,-24.32954,34.69025,Inharrime,0.50768533,41.57942853
255204,-19.20703,34.27151,Nhamatanda,0.00297479,0.243635301
255205,-14.91732,40.14825,Monapo,0.02611478,2.138800482
255206,-19.12719,34.32121,Nhamatanda,0.00114222,0.093547818
255207,-16.81816,38.52603,Pebane,0.00287631,0.235569789
255208,-17.07888,35.56652,Morrumbala,0.01712876,1.402845444
255209,-16.70378,34.80557,Mutarara,0.00072808,0.059629752
255210,-18.45152,34.71777,Cheringoma,0.0001538,0.01259622
255211,-16.54268,35.35159,Morrumbala,0.00630144,0.516087936
255212,-24.31429,34.78915,Inharrime,0.02846001,2.330874819
255294,-15.26375,38.93015,Nampula,0.01796434,1.471279446
255295,-14.07446,37.46713,Maua,0.00025592,0.020959848
256441,-14.50661,40.77701,Nacala_Velha,0.00247624,0.202804056
256442,-23.29718,33.93395,Funhalouro,0.0001202,0.00984438
256443,-16.57295,38.16108,Pebane,0.00085787,0.070259553
256444,-19.69802,34.09547,Buzi,0.00447017,0.366106923
256445,-16.69728,34.49693,Mutarara,0.00104428,0.085526532
256446,-19.91377,34.41283,Buzi,0.00548714,0.449396766
256447,-16.16293,37.55491,Ile,0.04841626,3.965291694
256448,-14.86314,30.80242,Zumbu,0.02507438,2.053591722
256449,-15.2481,31.29549,Zumbu,0.00509984,0.417676896
256450,-16.52529,35.38934,Morrumbala,0.00539306,0.441691614
256451,-14.74826,39.26479,Mecuburi,0.06128216,5.019008904
256452,-24.15745,34.99085,Homoine,0.00533563,0.436988097
256453,-16.88049,38.21606,Pebane,0.00253138,0.207320022
256454,-14.04336,33.10487,Chifunde,1.40913792,115.4083956
256455,-12.89112,34.98872,Lago,0.04036212,3.305657628
256456,-16.33021,38.62084,Pebane,0.00850468,0.696533292
256457,-15.28717,37.71007,Alto_Molocue,0.00852402,0.698117238
