10970,[14.]
10971,[17.]
10972,[19.]
11109,[14.]
11110,[13.]
11111,[15.]
11112,[12.]
11113,[24.]
11249,[17.]
11250,[18.]
11251,[17.]
11252,[15.]
11253,[29.]
11388,[33.]
11389,[18.]
11390,[15.]
11391,[15.]
11392,[15.]
11528,[26.]
11529,[18.]
11530,[19.]
11531,[15.]
11532,[15.]
11667,[18.]
11668,[27.]
11669,[17.]
11670,[18.]
11671,[18.]
11672,[16.]
11807,[18.]
11808,[22.]
11809,[16.]
11810,[17.]
11811,[19.]
11812,[18.]
11946,[26.]
11947,[19.]
11948,[20.]
11949,[20.]
11950,[19.]
11951,[15.]
11952,[19.]
12085,[21.]
12086,[23.]
12087,[24.]
12088,[23.]
12089,[23.]
12090,[18.]
12091,[18.]
12092,[17.]
12093,[19.]
12225,[22.]
12226,[30.]
12227,[26.]
12228,[25.]
12229,[29.]
12230,[28.]
12231,[21.]
12232,[25.]
12233,[22.]
12365,[24.]
12366,[25.]
12367,[25.]
12368,[27.]
12369,[24.]
12370,[29.]
12371,[22.]
12372,[23.]
12506,[32.]
12507,[25.]
12508,[24.]
12509,[29.]
8078,[18.]
8079,[24.]
8080,[23.]
8081,[23.]
8082,[17.]
8217,[24.]
8218,[23.]
8219,[18.]
8220,[18.]
8221,[15.]
8222,[18.]
8356,[19.]
8357,[21.]
8358,[21.]
8359,[23.]
8360,[17.]
8361,[15.]
8362,[22.]
8496,[21.]
8497,[16.]
8498,[14.]
8499,[17.]
8500,[25.]
8501,[16.]
8502,[18.]
8635,[15.]
8636,[14.]
8637,[13.]
8638,[14.]
8639,[16.]
8640,[13.]
8641,[15.]
8642,[14.]
8643,[13.]
8644,[16.]
8645,[19.]
8774,[15.]
8775,[16.]
8776,[17.]
8777,[13.]
8778,[16.]
8779,[9.]
8780,[13.]
8781,[14.]
8782,[19.]
8783,[26.]
8784,[19.]
8914,[17.]
8915,[23.]
8916,[17.]
8917,[19.]
8918,[20.]
8919,[16.]
8920,[20.]
8921,[24.]
8922,[23.]
9057,[16.]
9058,[20.]
9059,[24.]
9060,[21.]
9061,[20.]
9199,[21.]
9200,[20.]
9201,[25.]
9340,[20.]
9349,[15.]
9488,[17.]
9489,[21.]
9627,[11.]
9628,[18.]
9629,[11.]
9630,[15.]
9767,[14.]
9768,[16.]
9769,[17.]
9770,[15.]
9771,[16.]
9772,[11.]
9773,[13.]
9774,[14.]
9775,[21.]
9776,[17.]
9907,[11.]
9908,[11.]
9909,[15.]
9910,[21.]
9911,[24.]
9912,[10.]
9913,[19.]
9914,[20.]
9915,[14.]
9916,[20.]
10047,[15.]
10048,[13.]
10049,[18.]
10050,[26.]
10051,[26.]
10052,[13.]
10053,[14.]
10054,[13.]
10055,[19.]
10191,[26.]
10192,[21.]
10193,[13.]
10194,[12.]
10195,[18.]
10333,[16.]
6510,[26.]
6649,[16.]
6650,[23.]
6651,[24.]
6652,[26.]
6653,[18.]
6787,[28.]
6788,[25.]
6789,[22.]
6790,[22.]
6791,[20.]
6792,[22.]
6793,[19.]
6794,[19.]
6795,[19.]
6928,[22.]
6929,[16.]
6930,[26.]
6931,[17.]
6932,[21.]
6933,[23.]
7068,[28.]
7069,[20.]
7070,[30.]
7071,[22.]
7072,[22.]
7209,[20.]
7210,[28.]
7211,[28.]
8073,[24.]
8074,[20.]
8213,[20.]
8214,[21.]
8353,[21.]
8354,[18.]
8355,[18.]
8493,[22.]
8494,[18.]
8495,[16.]
8633,[24.]
8634,[21.]
8773,[17.]
8913,[27.]
7653,[26.]
7654,[15.]
7792,[19.]
7793,[21.]
7931,[21.]
7932,[22.]
7933,[19.]
8068,[19.]
8069,[22.]
8070,[18.]
8071,[21.]
8072,[25.]
8207,[20.]
8208,[20.]
8209,[22.]
8210,[22.]
8211,[18.]
8212,[29.]
8345,[20.]
8346,[21.]
8347,[19.]
8348,[24.]
8349,[25.]
8350,[23.]
8351,[19.]
8352,[25.]
8485,[26.]
8486,[23.]
8487,[19.]
8488,[19.]
8489,[24.]
8490,[22.]
8491,[21.]
8492,[27.]
8624,[27.]
8625,[26.]
8626,[24.]
8627,[24.]
8628,[27.]
8629,[19.]
8630,[17.]
8631,[17.]
8632,[19.]
8770,[29.]
8771,[22.]
8772,[23.]
8910,[20.]
8911,[30.]
7872,[15.]
7873,[12.]
7874,[12.]
8009,[15.]
8010,[16.]
8011,[15.]
8012,[15.]
8013,[15.]
8014,[16.]
8015,[13.]
8148,[24.]
8149,[22.]
8150,[19.]
8151,[12.]
8152,[16.]
8153,[15.]
8154,[16.]
8155,[15.]
8156,[19.]
8157,[22.]
8286,[27.]
8287,[22.]
8288,[26.]
8289,[30.]
8290,[22.]
8291,[16.]
8292,[19.]
8293,[21.]
8294,[20.]
8295,[18.]
8296,[20.]
8297,[20.]
8426,[20.]
8427,[26.]
8428,[21.]
8429,[27.]
8430,[19.]
8431,[17.]
8432,[16.]
8433,[20.]
8434,[15.]
8435,[18.]
8436,[19.]
8437,[19.]
8438,[23.]
8566,[22.]
8567,[25.]
8568,[30.]
8569,[19.]
8570,[20.]
8571,[16.]
8572,[18.]
8573,[20.]
8574,[18.]
8575,[19.]
8576,[19.]
8577,[20.]
8578,[19.]
8579,[21.]
8706,[23.]
8707,[23.]
8708,[22.]
8709,[22.]
8710,[18.]
8711,[17.]
8712,[17.]
8713,[20.]
8714,[20.]
8715,[23.]
8716,[19.]
8717,[19.]
8718,[18.]
8719,[15.]
8847,[21.]
8848,[24.]
8849,[19.]
8850,[22.]
8851,[22.]
8852,[20.]
8853,[21.]
8854,[21.]
8855,[21.]
8856,[17.]
8857,[14.]
8858,[16.]
8859,[11.]
8987,[23.]
8988,[21.]
8989,[21.]
8990,[22.]
8991,[18.]
8992,[21.]
8993,[23.]
8994,[19.]
8995,[22.]
8996,[21.]
8997,[18.]
8998,[16.]
8999,[16.]
9000,[17.]
9127,[24.]
9128,[22.]
9129,[23.]
9130,[20.]
9131,[24.]
9132,[25.]
9133,[23.]
9134,[20.]
9135,[19.]
9136,[21.]
9137,[19.]
9138,[18.]
9139,[20.]
9140,[19.]
9141,[23.]
9267,[23.]
9268,[30.]
9269,[27.]
9270,[22.]
9271,[22.]
9272,[24.]
9273,[23.]
9274,[22.]
9275,[20.]
9276,[22.]
9277,[21.]
9278,[25.]
9279,[25.]
9280,[23.]
9281,[19.]
9282,[21.]
9407,[27.]
9408,[22.]
9409,[24.]
9410,[24.]
9411,[22.]
9412,[26.]
9413,[22.]
9414,[19.]
9415,[25.]
9416,[21.]
9417,[19.]
9418,[19.]
9419,[20.]
9420,[21.]
9421,[24.]
9422,[26.]
9548,[32.]
9549,[25.]
9550,[29.]
9551,[25.]
9552,[20.]
9553,[22.]
9554,[23.]
9555,[22.]
9556,[25.]
9557,[29.]
9558,[23.]
9559,[23.]
9560,[21.]
9561,[25.]
9562,[23.]
9563,[24.]
9689,[32.]
9690,[22.]
9691,[27.]
9692,[27.]
9693,[34.]
9694,[255.]
22037,[22.]
22177,[18.]
22178,[14.]
22179,[12.]
22180,[13.]
22181,[21.]
22182,[13.]
22183,[11.]
22184,[16.]
22185,[12.]
22317,[18.]
22318,[13.]
22319,[15.]
22320,[15.]
22321,[10.]
22322,[10.]
22323,[10.]
22324,[17.]
22325,[9.]
22457,[18.]
22458,[19.]
22459,[20.]
22460,[20.]
22461,[22.]
22462,[12.]
22463,[17.]
22464,[11.]
22465,[12.]
22466,[8.]
22467,[9.]
22597,[20.]
22598,[21.]
22599,[20.]
22600,[19.]
22601,[26.]
22602,[14.]
22603,[19.]
22604,[10.]
22605,[11.]
22606,[9.]
22607,[9.]
22737,[20.]
22738,[21.]
22739,[18.]
22740,[17.]
22741,[12.]
22742,[10.]
22743,[15.]
22744,[9.]
22745,[10.]
22746,[9.]
22878,[19.]
22879,[18.]
22880,[22.]
22881,[18.]
22882,[14.]
22883,[9.]
22884,[15.]
22885,[19.]
22886,[10.]
23018,[17.]
23019,[24.]
23020,[21.]
23021,[23.]
23022,[18.]
23023,[12.]
23024,[27.]
23025,[34.]
23158,[16.]
23159,[22.]
23160,[16.]
23161,[25.]
23162,[17.]
23163,[28.]
23298,[10.]
23439,[21.]
13635,[21.]
13774,[21.]
13775,[18.]
13776,[33.]
13777,[18.]
13914,[23.]
13915,[25.]
13916,[32.]
13917,[27.]
13918,[18.]
13919,[25.]
13920,[22.]
14054,[18.]
14055,[32.]
14056,[34.]
14057,[30.]
14058,[17.]
14059,[17.]
14060,[26.]
14061,[33.]
14062,[31.]
14194,[18.]
14195,[27.]
14196,[27.]
14197,[20.]
14198,[15.]
14199,[24.]
14200,[25.]
14201,[30.]
14202,[33.]
14333,[18.]
14334,[18.]
14335,[18.]
14336,[25.]
14337,[17.]
14338,[19.]
14339,[23.]
14340,[26.]
14341,[28.]
14473,[16.]
14474,[19.]
14475,[16.]
14476,[21.]
14477,[17.]
14478,[26.]
14479,[29.]
14480,[26.]
14481,[33.]
14614,[14.]
14615,[24.]
14616,[15.]
14617,[15.]
14618,[24.]
14619,[25.]
14620,[27.]
14621,[35.]
14755,[15.]
14756,[17.]
14757,[15.]
14758,[27.]
14759,[27.]
14760,[24.]
14897,[16.]
14898,[20.]
14900,[28.]
14901,[31.]
15040,[31.]
15041,[26.]
15180,[32.]
23137,[11.]
23138,[11.]
23277,[23.]
23278,[13.]
23279,[13.]
23280,[15.]
23281,[25.]
23417,[31.]
23418,[28.]
23419,[11.]
23420,[15.]
23421,[19.]
23422,[22.]
23423,[24.]
23424,[27.]
23557,[33.]
23558,[31.]
23559,[31.]
23560,[13.]
23561,[24.]
23562,[25.]
23563,[25.]
23564,[22.]
23697,[33.]
23698,[26.]
23699,[21.]
23700,[17.]
23701,[30.]
23702,[28.]
23703,[25.]
23704,[27.]
23837,[26.]
23838,[36.]
23839,[21.]
23840,[14.]
23841,[19.]
23842,[33.]
23843,[24.]
23844,[30.]
23845,[24.]
23978,[44.]
23979,[33.]
23980,[14.]
23981,[13.]
23982,[27.]
23983,[23.]
23984,[24.]
23985,[20.]
23986,[23.]
24120,[32.]
24121,[12.]
24122,[28.]
24123,[22.]
24124,[24.]
24125,[25.]
24126,[20.]
24262,[14.]
24263,[29.]
24264,[15.]
24265,[30.]
24402,[17.]
24403,[24.]
24404,[29.]
24542,[17.]
24543,[12.]
24544,[17.]
6424,[24.]
6564,[29.]
6702,[28.]
6703,[29.]
6704,[31.]
6842,[25.]
6843,[26.]
6844,[28.]
6981,[29.]
6982,[26.]
6983,[26.]
6984,[30.]
6985,[27.]
7120,[25.]
7121,[27.]
7122,[27.]
7123,[26.]
7124,[30.]
7260,[28.]
7261,[25.]
7262,[27.]
7263,[27.]
7264,[27.]
7265,[37.]
7401,[24.]
7402,[26.]
7403,[25.]
7404,[26.]
7542,[25.]
7543,[22.]
7544,[21.]
7545,[31.]
7546,[22.]
7684,[19.]
7685,[26.]
7686,[21.]
7824,[22.]
7825,[22.]
12122,[16.]
12261,[19.]
12262,[13.]
12402,[23.]
12403,[22.]
12404,[22.]
12541,[24.]
12542,[25.]
12543,[21.]
12544,[23.]
12545,[23.]
12682,[22.]
12683,[21.]
12684,[25.]
12685,[32.]
12823,[29.]
12824,[34.]
12825,[38.]
12826,[39.]
12827,[32.]
12828,[29.]
12964,[36.]
12965,[34.]
12966,[31.]
12967,[36.]
12968,[21.]
13104,[35.]
13105,[36.]
13106,[38.]
13107,[30.]
13246,[37.]
13247,[20.]
6511,[31.]
6512,[26.]
6513,[27.]
6514,[26.]
6515,[26.]
6516,[26.]
6654,[19.]
6655,[25.]
6656,[26.]
6796,[20.]
5122,[20.]
5123,[19.]
5124,[28.]
5261,[21.]
5262,[26.]
5263,[21.]
5264,[24.]
5265,[23.]
5396,[23.]
5397,[19.]
5398,[24.]
5400,[28.]
5401,[21.]
5402,[23.]
5403,[20.]
5404,[22.]
5536,[29.]
5537,[23.]
5538,[31.]
5539,[19.]
5540,[23.]
5541,[23.]
5542,[26.]
5543,[29.]
5676,[28.]
5677,[27.]
5678,[26.]
5679,[28.]
5680,[21.]
5681,[21.]
5682,[20.]
5683,[25.]
5684,[23.]
5816,[28.]
5817,[30.]
5818,[27.]
5819,[19.]
5820,[24.]
5821,[23.]
5822,[25.]
5823,[25.]
5824,[23.]
5825,[22.]
5956,[26.]
5957,[19.]
5958,[23.]
5959,[16.]
5960,[22.]
5961,[26.]
5962,[21.]
5963,[27.]
5964,[27.]
5965,[23.]
5966,[22.]
5967,[21.]
6094,[18.]
6095,[24.]
6096,[19.]
6097,[17.]
6098,[19.]
6099,[22.]
6100,[30.]
6101,[23.]
6102,[18.]
6103,[23.]
6104,[25.]
6105,[19.]
6106,[19.]
6234,[27.]
6235,[20.]
6236,[24.]
6237,[21.]
6238,[25.]
6239,[24.]
6240,[21.]
6241,[23.]
6242,[22.]
6243,[28.]
6244,[20.]
6245,[22.]
6373,[28.]
6374,[25.]
6375,[25.]
6376,[19.]
6377,[32.]
6378,[21.]
6379,[21.]
6380,[23.]
6381,[22.]
6382,[20.]
6383,[23.]
6384,[22.]
6385,[20.]
6517,[17.]
6518,[21.]
6519,[20.]
6520,[22.]
6521,[26.]
6522,[24.]
6523,[24.]
6524,[20.]
6657,[22.]
6658,[26.]
6659,[20.]
6660,[20.]
6661,[23.]
6662,[27.]
6663,[24.]
6664,[20.]
6797,[21.]
6798,[20.]
6799,[21.]
6800,[21.]
6801,[26.]
6802,[25.]
6803,[23.]
6937,[21.]
6938,[22.]
6939,[20.]
18659,[23.]
18660,[21.]
18799,[18.]
18800,[27.]
18801,[21.]
18802,[23.]
18803,[19.]
18938,[15.]
18939,[14.]
18940,[23.]
18941,[24.]
18942,[21.]
18943,[18.]
18944,[19.]
18945,[16.]
18947,[18.]
18948,[21.]
19077,[12.]
19078,[17.]
19079,[22.]
19080,[21.]
19081,[16.]
19082,[21.]
19083,[24.]
19084,[18.]
19085,[17.]
19086,[18.]
19087,[25.]
19216,[11.]
19217,[24.]
19218,[16.]
19219,[24.]
19220,[15.]
19221,[27.]
19222,[22.]
19223,[19.]
19224,[18.]
19225,[22.]
19226,[17.]
19227,[21.]
19355,[23.]
19356,[19.]
19357,[16.]
19358,[14.]
19359,[18.]
19360,[24.]
19361,[23.]
19362,[23.]
19363,[20.]
19364,[18.]
19365,[17.]
19366,[19.]
19367,[20.]
19496,[24.]
19497,[19.]
19498,[22.]
19499,[22.]
19500,[23.]
19501,[24.]
19502,[17.]
19503,[16.]
19504,[19.]
19505,[21.]
19506,[23.]
19507,[21.]
19508,[19.]
19638,[19.]
19639,[22.]
19640,[20.]
19641,[20.]
19642,[19.]
19779,[23.]
19780,[21.]
17422,[23.]
17423,[30.]
17424,[36.]
17560,[21.]
17561,[22.]
17562,[21.]
17563,[21.]
17564,[255.]
17700,[25.]
17701,[25.]
17702,[22.]
17703,[23.]
17704,[21.]
17705,[33.]
17706,[33.]
17838,[22.]
17839,[22.]
17840,[22.]
17841,[21.]
17842,[22.]
17843,[24.]
17844,[21.]
17845,[255.]
17846,[255.]
17977,[24.]
17978,[24.]
17979,[22.]
17980,[22.]
17981,[23.]
17982,[20.]
17983,[24.]
17984,[25.]
17985,[24.]
18118,[23.]
18119,[22.]
18120,[19.]
18121,[18.]
18122,[21.]
18123,[28.]
18124,[29.]
18257,[27.]
18258,[21.]
18259,[20.]
18260,[24.]
18397,[23.]
18398,[25.]
18399,[26.]
8064,[22.]
8204,[26.]
8205,[23.]
8206,[24.]
8344,[22.]
8484,[19.]
7639,[23.]
7779,[28.]
7780,[19.]
7918,[18.]
7919,[25.]
7920,[25.]
7921,[24.]
8058,[20.]
8059,[23.]
8060,[25.]
8061,[25.]
8062,[23.]
8063,[26.]
8198,[22.]
8199,[25.]
8200,[28.]
8201,[24.]
8202,[26.]
8203,[26.]
8339,[27.]
8340,[26.]
8341,[22.]
8342,[22.]
8343,[22.]
8480,[28.]
8481,[24.]
8482,[26.]
8483,[26.]
8619,[27.]
8620,[32.]
8621,[21.]
8622,[19.]
8623,[19.]
8759,[26.]
8760,[28.]
8761,[23.]
8762,[19.]
8763,[19.]
8898,[24.]
8899,[20.]
8900,[24.]
8901,[26.]
8902,[19.]
9040,[22.]
9041,[21.]
15305,[9.]
15306,[14.]
15443,[32.]
15444,[9.]
15445,[11.]
15446,[20.]
15447,[28.]
15583,[32.]
15584,[21.]
15585,[13.]
15586,[17.]
15587,[28.]
15588,[15.]
15724,[12.]
15725,[13.]
15726,[38.]
15727,[25.]
15728,[29.]
15729,[25.]
15864,[19.]
15865,[21.]
15866,[22.]
15867,[27.]
15868,[27.]
15869,[28.]
15870,[14.]
15871,[15.]
15873,[14.]
16004,[34.]
16005,[32.]
16006,[30.]
16007,[34.]
16008,[31.]
16009,[31.]
16010,[11.]
16011,[13.]
16012,[12.]
16013,[15.]
16014,[29.]
16146,[30.]
16147,[32.]
16148,[32.]
16149,[18.]
16150,[14.]
16151,[13.]
16152,[13.]
16153,[18.]
16154,[26.]
16286,[30.]
16287,[25.]
16288,[23.]
16289,[15.]
16290,[15.]
16291,[17.]
16292,[14.]
16293,[26.]
16294,[27.]
16426,[27.]
16427,[31.]
16428,[27.]
16429,[17.]
16430,[22.]
16433,[28.]
16565,[35.]
16566,[28.]
16567,[31.]
16568,[24.]
16569,[15.]
16707,[30.]
16708,[22.]
16709,[20.]
16848,[18.]
14896,[17.]
14899,[25.]
15036,[24.]
15037,[17.]
15038,[24.]
15039,[25.]
15175,[16.]
15176,[11.]
15177,[19.]
15178,[29.]
15179,[28.]
15315,[14.]
15455,[14.]
15595,[15.]
15735,[18.]
15316,[24.]
15317,[18.]
15318,[26.]
15319,[30.]
15320,[28.]
15456,[15.]
15457,[22.]
15458,[26.]
15459,[28.]
15460,[34.]
15461,[27.]
15596,[17.]
15597,[26.]
15598,[24.]
15599,[29.]
15600,[35.]
15601,[41.]
15736,[19.]
15737,[16.]
15738,[24.]
15739,[28.]
15740,[38.]
15741,[40.]
15877,[24.]
15878,[16.]
15879,[14.]
15880,[24.]
15881,[38.]
7649,[19.]
7650,[17.]
7651,[22.]
7652,[17.]
6525,[20.]
6665,[21.]
6666,[21.]
6667,[18.]
6804,[24.]
6805,[26.]
6806,[24.]
6807,[19.]
6940,[21.]
6941,[24.]
6942,[21.]
6943,[25.]
6944,[24.]
6945,[19.]
6946,[18.]
6947,[22.]
7077,[21.]
7078,[20.]
7079,[19.]
7080,[20.]
7081,[17.]
7082,[24.]
7083,[23.]
7084,[18.]
7085,[19.]
7086,[17.]
7087,[18.]
6390,[18.]
6391,[23.]
6392,[21.]
6528,[19.]
6529,[19.]
6530,[19.]
6531,[21.]
6532,[22.]
6668,[24.]
6669,[24.]
6670,[17.]
6671,[27.]
6672,[18.]
6673,[20.]
6674,[22.]
6808,[19.]
6809,[14.]
6810,[20.]
6811,[20.]
6812,[20.]
6813,[22.]
6814,[19.]
6948,[17.]
6949,[20.]
6950,[23.]
6951,[20.]
6952,[21.]
7088,[22.]
7089,[20.]
7090,[17.]
7091,[17.]
7092,[19.]
7217,[22.]
7218,[23.]
7219,[25.]
7220,[20.]
7221,[17.]
7222,[18.]
7223,[21.]
7224,[20.]
7225,[19.]
7226,[15.]
7227,[20.]
7228,[19.]
7229,[23.]
7230,[18.]
7231,[16.]
7232,[18.]
7359,[18.]
7363,[18.]
7364,[17.]
7365,[15.]
7366,[18.]
7367,[16.]
7368,[18.]
7369,[25.]
7370,[22.]
7371,[16.]
7372,[18.]
7506,[20.]
7507,[21.]
7508,[24.]
7509,[18.]
7510,[20.]
7511,[19.]
7512,[17.]
24266,[31.]
24405,[30.]
24406,[32.]
24545,[17.]
24546,[25.]
24407,[22.]
24547,[29.]
24685,[11.]
24686,[17.]
24687,[30.]
24688,[13.]
24824,[12.]
24825,[15.]
24826,[29.]
24827,[12.]
24828,[11.]
24963,[15.]
24964,[21.]
24965,[10.]
24966,[34.]
25103,[19.]
25104,[8.]
25105,[17.]
8083,[17.]
8084,[13.]
8085,[11.]
8223,[18.]
8224,[23.]
8225,[12.]
8363,[18.]
8364,[10.]
8365,[20.]
8503,[17.]
8504,[12.]
8505,[12.]
7109,[21.]
7110,[27.]
7247,[22.]
7248,[28.]
7249,[24.]
7250,[21.]
7251,[21.]
7385,[16.]
7386,[24.]
7387,[23.]
7388,[22.]
7389,[25.]
7390,[23.]
7391,[27.]
7524,[25.]
7525,[23.]
7526,[27.]
7527,[27.]
7528,[23.]
7529,[26.]
7530,[29.]
7531,[24.]
7664,[21.]
7665,[24.]
7666,[21.]
7667,[24.]
7668,[22.]
7669,[23.]
7670,[26.]
7671,[25.]
7804,[21.]
7805,[19.]
7806,[24.]
7807,[24.]
7808,[27.]
7809,[20.]
7810,[19.]
7811,[23.]
7943,[17.]
7944,[16.]
7945,[13.]
7946,[15.]
7947,[15.]
7948,[20.]
7949,[25.]
7950,[19.]
7951,[21.]
8086,[11.]
8087,[13.]
8088,[19.]
8089,[21.]
8090,[21.]
8226,[13.]
8227,[16.]
8228,[26.]
8229,[20.]
8230,[21.]
8366,[19.]
8367,[18.]
8368,[14.]
8369,[23.]
8370,[19.]
8371,[22.]
8506,[14.]
8507,[18.]
8508,[18.]
8509,[17.]
8510,[14.]
17986,[18.]
17987,[33.]
18125,[27.]
18126,[31.]
18261,[23.]
18262,[25.]
18263,[25.]
18264,[23.]
18265,[23.]
18266,[24.]
18400,[28.]
18401,[25.]
18402,[13.]
18403,[15.]
18404,[28.]
18405,[24.]
18406,[22.]
18407,[29.]
18537,[25.]
18538,[28.]
18539,[28.]
18540,[23.]
18541,[16.]
18542,[25.]
18543,[25.]
18544,[32.]
18545,[27.]
18546,[27.]
18547,[36.]
18681,[23.]
18682,[23.]
18683,[25.]
18684,[27.]
18685,[27.]
18821,[17.]
18822,[30.]
18823,[29.]
18824,[26.]
18961,[20.]
7961,[21.]
8098,[27.]
8099,[28.]
8100,[30.]
8101,[22.]
8102,[20.]
8237,[18.]
8238,[19.]
8239,[29.]
8240,[23.]
8241,[27.]
8242,[24.]
8378,[17.]
8379,[26.]
8380,[26.]
8381,[26.]
8382,[23.]
8383,[21.]
8519,[26.]
8520,[28.]
8521,[27.]
8522,[21.]
8660,[27.]
8661,[22.]
8662,[23.]
8799,[17.]
8800,[23.]
8801,[18.]
8802,[21.]
8803,[24.]
8938,[22.]
8939,[18.]
8940,[25.]
8941,[24.]
9080,[24.]
10187,[13.]
10188,[18.]
10189,[15.]
10190,[15.]
10328,[11.]
10329,[18.]
10330,[13.]
10331,[27.]
10332,[25.]
10468,[21.]
10469,[16.]
10470,[26.]
10471,[26.]
10472,[24.]
10473,[22.]
10608,[19.]
10609,[19.]
10610,[24.]
10611,[22.]
10612,[13.]
10613,[21.]
10748,[22.]
10749,[20.]
10750,[19.]
10751,[17.]
10752,[18.]
10753,[19.]
10754,[21.]
10889,[21.]
10890,[15.]
10891,[18.]
10892,[19.]
10893,[19.]
10894,[21.]
10895,[22.]
11029,[21.]
11030,[21.]
11031,[26.]
11032,[17.]
11033,[31.]
11034,[23.]
11035,[22.]
11168,[14.]
11169,[10.]
11170,[20.]
11171,[19.]
11172,[20.]
11173,[19.]
11309,[12.]
11310,[24.]
11311,[17.]
11312,[17.]
11450,[26.]
8091,[20.]
8231,[20.]
8511,[14.]
8377,[24.]
8517,[20.]
7672,[26.]
7673,[19.]
7812,[15.]
7813,[22.]
7814,[20.]
7815,[24.]
7952,[21.]
7953,[22.]
7954,[20.]
7955,[23.]
7956,[21.]
8092,[23.]
8093,[20.]
8094,[14.]
8095,[21.]
8096,[24.]
8232,[21.]
8233,[21.]
8234,[20.]
8235,[19.]
8236,[25.]
8372,[25.]
8373,[21.]
8374,[21.]
8375,[23.]
8376,[21.]
8512,[22.]
8513,[23.]
8514,[17.]
8515,[13.]
8516,[13.]
8652,[16.]
8653,[20.]
5127,[16.]
2897,[23.]
2898,[20.]
2899,[255.]
3036,[22.]
3037,[20.]
3038,[20.]
3039,[20.]
3040,[20.]
3176,[23.]
3177,[21.]
3178,[17.]
3179,[23.]
3180,[22.]
3181,[20.]
3315,[22.]
3316,[20.]
3317,[20.]
3318,[21.]
3319,[21.]
3320,[18.]
3321,[24.]
3446,[22.]
3454,[25.]
3455,[28.]
3456,[20.]
3457,[20.]
3458,[16.]
3459,[22.]
3460,[23.]
3461,[20.]
3586,[27.]
3587,[23.]
3588,[29.]
3589,[27.]
3590,[30.]
3592,[31.]
3593,[28.]
3594,[29.]
3595,[25.]
3596,[24.]
3597,[21.]
3598,[20.]
3599,[16.]
3600,[22.]
3601,[21.]
3726,[25.]
3727,[28.]
3728,[26.]
3729,[28.]
3730,[26.]
3731,[25.]
3732,[27.]
3733,[28.]
3734,[29.]
3735,[22.]
3736,[25.]
3737,[22.]
3738,[19.]
3739,[21.]
3740,[20.]
3741,[20.]
3865,[21.]
3866,[26.]
3867,[30.]
3868,[23.]
3869,[20.]
3870,[26.]
3871,[25.]
3872,[25.]
3873,[34.]
3874,[26.]
3875,[23.]
3876,[24.]
3877,[18.]
3878,[22.]
3879,[20.]
3880,[20.]
3881,[20.]
4005,[23.]
4006,[21.]
4007,[22.]
4008,[29.]
4009,[21.]
4010,[24.]
4011,[23.]
4012,[27.]
4013,[20.]
4014,[29.]
4015,[21.]
4016,[23.]
4017,[21.]
4018,[21.]
4019,[21.]
4020,[20.]
4021,[20.]
4144,[20.]
4145,[22.]
4146,[24.]
4147,[20.]
4148,[20.]
4149,[25.]
4150,[20.]
4151,[20.]
4152,[25.]
4153,[29.]
4154,[20.]
4155,[24.]
4156,[23.]
4157,[23.]
4158,[21.]
4159,[23.]
4160,[20.]
4284,[23.]
4285,[23.]
4286,[23.]
4287,[20.]
4288,[20.]
4289,[23.]
4290,[23.]
4291,[23.]
4292,[23.]
4293,[17.]
4294,[24.]
4295,[22.]
4296,[22.]
4297,[22.]
4298,[24.]
4299,[21.]
4423,[21.]
4424,[21.]
4425,[22.]
4426,[19.]
4427,[25.]
4428,[20.]
4429,[21.]
4430,[18.]
4431,[23.]
4432,[23.]
4433,[23.]
4434,[22.]
4435,[26.]
4436,[30.]
4563,[20.]
4564,[21.]
4565,[20.]
4566,[23.]
4567,[23.]
4568,[25.]
4569,[24.]
4570,[21.]
4571,[22.]
4572,[23.]
4573,[21.]
4574,[20.]
4575,[18.]
4705,[23.]
4706,[24.]
4707,[22.]
4708,[23.]
4709,[20.]
4710,[20.]
4711,[23.]
4712,[18.]
4713,[21.]
4714,[24.]
4846,[19.]
4847,[23.]
4848,[23.]
4849,[25.]
4850,[25.]
4851,[23.]
4987,[24.]
4988,[24.]
4989,[24.]
4990,[21.]
9078,[23.]
9079,[21.]
9081,[20.]
9217,[17.]
9218,[20.]
9219,[20.]
9220,[21.]
9221,[18.]
9357,[26.]
9358,[25.]
9359,[21.]
9360,[19.]
9361,[18.]
9497,[20.]
9498,[20.]
9499,[15.]
9500,[24.]
9501,[20.]
9502,[20.]
9503,[17.]
9637,[20.]
9638,[18.]
9639,[19.]
9640,[17.]
9641,[26.]
9642,[22.]
9643,[17.]
9777,[25.]
9778,[19.]
9779,[22.]
9780,[26.]
9781,[33.]
9782,[19.]
9918,[24.]
9919,[20.]
9920,[20.]
9921,[18.]
10059,[17.]
10060,[23.]
3421,[255.]
3422,[255.]
3423,[255.]
3424,[27.]
3425,[30.]
3426,[37.]
3427,[27.]
3428,[25.]
3561,[255.]
3562,[255.]
3563,[255.]
3564,[28.]
3565,[34.]
3566,[21.]
3567,[28.]
3568,[29.]
3700,[255.]
3701,[255.]
3702,[255.]
3703,[255.]
3704,[28.]
3705,[30.]
3706,[26.]
3707,[25.]
3708,[25.]
3840,[255.]
3841,[255.]
3842,[255.]
3843,[255.]
3844,[21.]
3845,[22.]
3846,[27.]
3847,[30.]
3979,[255.]
3980,[255.]
3981,[255.]
3982,[255.]
3983,[255.]
3984,[24.]
3985,[28.]
3986,[25.]
4119,[255.]
4120,[255.]
4121,[255.]
4122,[255.]
4123,[21.]
4124,[27.]
4125,[26.]
4126,[23.]
4259,[255.]
4260,[255.]
4261,[255.]
4262,[31.]
4263,[24.]
4264,[26.]
4265,[21.]
4266,[30.]
4398,[255.]
4399,[255.]
4400,[255.]
4401,[255.]
4402,[25.]
4403,[21.]
4404,[21.]
4405,[22.]
4406,[20.]
4538,[255.]
4539,[255.]
4540,[255.]
4541,[255.]
4542,[24.]
4543,[19.]
4544,[23.]
4545,[20.]
4546,[18.]
4679,[255.]
4680,[255.]
4681,[255.]
4682,[24.]
4683,[25.]
4684,[27.]
4685,[20.]
4686,[25.]
4819,[255.]
4820,[255.]
4821,[255.]
4822,[23.]
4823,[27.]
4824,[27.]
4825,[23.]
4826,[20.]
4959,[255.]
4960,[255.]
4961,[255.]
4962,[27.]
4963,[26.]
4964,[30.]
4965,[24.]
4966,[22.]
5100,[255.]
5101,[255.]
5102,[255.]
5103,[25.]
5104,[30.]
5105,[26.]
5240,[255.]
5241,[255.]
5242,[255.]
5243,[20.]
5244,[28.]
5245,[28.]
5380,[255.]
5381,[255.]
5382,[255.]
5383,[35.]
5384,[30.]
5520,[255.]
5521,[255.]
5522,[25.]
5523,[30.]
5524,[25.]
5660,[255.]
5661,[255.]
5662,[255.]
5663,[30.]
7758,[19.]
7893,[15.]
7894,[23.]
7895,[17.]
7896,[19.]
7897,[21.]
7898,[24.]
8034,[16.]
8035,[21.]
8036,[19.]
8037,[20.]
8038,[17.]
8039,[22.]
8174,[15.]
8175,[16.]
8176,[12.]
8177,[15.]
8178,[22.]
8179,[22.]
8315,[21.]
8316,[10.]
8317,[13.]
8318,[20.]
8455,[8.]
8456,[13.]
8457,[14.]
8595,[15.]
8596,[12.]
8736,[15.]
3182,[25.]
3322,[21.]
3462,[21.]
3602,[20.]
3742,[22.]
2494,[20.]
2495,[24.]
2632,[28.]
2633,[19.]
2634,[22.]
2635,[20.]
2767,[21.]
2768,[23.]
2769,[21.]
2770,[26.]
2771,[24.]
2772,[23.]
2773,[24.]
2774,[22.]
2905,[26.]
2906,[20.]
2907,[24.]
2908,[26.]
2909,[23.]
2910,[19.]
2911,[27.]
2912,[31.]
2913,[27.]
2914,[27.]
3043,[27.]
3044,[24.]
3045,[25.]
3046,[21.]
3047,[24.]
3048,[25.]
3049,[26.]
3050,[18.]
3051,[29.]
3052,[31.]
3053,[30.]
3054,[22.]
3183,[24.]
3184,[23.]
3185,[25.]
3186,[25.]
3187,[28.]
3188,[23.]
3189,[24.]
3190,[24.]
3191,[20.]
3192,[31.]
3193,[27.]
3194,[28.]
3323,[21.]
3324,[21.]
3325,[26.]
3326,[28.]
3327,[29.]
3328,[28.]
3329,[28.]
3330,[22.]
3331,[24.]
3332,[35.]
3333,[28.]
3334,[25.]
3335,[24.]
3336,[29.]
3337,[27.]
3463,[20.]
3464,[22.]
3465,[28.]
3466,[31.]
3467,[31.]
3468,[27.]
3469,[30.]
3470,[24.]
3471,[20.]
3472,[18.]
3473,[26.]
3474,[29.]
3475,[28.]
3476,[31.]
3477,[20.]
3478,[21.]
3603,[22.]
3604,[28.]
3605,[30.]
3606,[31.]
3607,[28.]
3608,[31.]
3609,[27.]
3610,[21.]
3611,[21.]
3612,[19.]
3613,[23.]
3614,[26.]
3615,[21.]
3616,[29.]
3743,[22.]
3744,[26.]
3745,[29.]
3746,[32.]
3747,[25.]
3748,[28.]
3749,[25.]
3750,[23.]
3751,[22.]
3752,[24.]
3753,[22.]
3754,[22.]
3755,[28.]
3885,[27.]
3886,[28.]
3888,[30.]
3889,[26.]
3890,[20.]
3891,[21.]
3892,[23.]
3893,[24.]
3894,[23.]
4028,[30.]
4029,[22.]
4030,[22.]
4031,[21.]
4032,[25.]
4033,[18.]
4034,[25.]
4170,[22.]
4171,[26.]
4172,[26.]
22038,[15.]
22039,[17.]
22040,[17.]
22041,[18.]
22042,[15.]
22043,[18.]
22044,[13.]
22045,[13.]
19938,[19.]
19939,[19.]
19940,[18.]
20077,[17.]
20078,[14.]
20079,[21.]
20080,[17.]
20081,[18.]
20216,[16.]
20217,[20.]
20218,[22.]
20219,[19.]
20220,[21.]
20221,[22.]
20356,[23.]
20357,[17.]
20358,[21.]
20359,[24.]
20360,[16.]
20361,[23.]
20496,[39.]
20497,[19.]
20498,[15.]
20499,[19.]
20500,[19.]
20501,[20.]
20636,[17.]
20637,[15.]
20638,[19.]
20639,[21.]
20640,[20.]
20775,[14.]
20776,[15.]
20777,[13.]
20778,[22.]
20779,[20.]
20780,[21.]
20781,[22.]
20914,[19.]
20915,[18.]
20916,[17.]
20917,[17.]
20918,[18.]
20919,[19.]
20920,[25.]
20921,[22.]
20922,[22.]
20923,[26.]
20924,[18.]
20925,[29.]
21054,[20.]
21055,[22.]
21056,[24.]
21057,[15.]
21058,[21.]
21059,[17.]
21060,[16.]
21061,[22.]
21062,[24.]
21063,[25.]
21064,[22.]
21065,[29.]
21194,[21.]
21195,[23.]
21196,[24.]
21197,[19.]
21198,[15.]
21199,[13.]
21200,[15.]
21201,[19.]
21202,[20.]
21203,[22.]
21204,[22.]
21205,[23.]
21206,[23.]
21335,[19.]
21336,[21.]
21337,[26.]
21338,[23.]
21339,[16.]
21340,[20.]
21341,[13.]
21342,[22.]
21343,[21.]
21344,[20.]
21345,[19.]
21476,[23.]
21477,[19.]
21478,[19.]
21479,[19.]
21480,[16.]
21481,[25.]
21482,[22.]
21483,[22.]
21484,[24.]
21485,[24.]
21616,[24.]
21617,[19.]
21618,[21.]
21619,[16.]
21620,[14.]
21621,[21.]
21622,[18.]
21623,[20.]
21624,[20.]
21625,[18.]
21756,[22.]
21757,[26.]
21758,[21.]
21759,[17.]
21760,[16.]
21761,[22.]
21762,[24.]
21763,[19.]
21764,[18.]
21765,[15.]
21896,[24.]
21897,[21.]
21898,[20.]
21899,[18.]
21900,[13.]
21901,[19.]
21902,[20.]
21903,[14.]
21904,[14.]
21905,[20.]
3617,[31.]
3618,[24.]
3756,[26.]
3757,[29.]
3758,[25.]
3895,[22.]
3896,[25.]
3897,[28.]
3898,[18.]
4035,[22.]
4036,[19.]
4037,[19.]
3619,[14.]
3620,[24.]
3759,[13.]
3760,[31.]
3899,[24.]
12121,[17.]
12401,[21.]
10848,[23.]
10988,[22.]
10989,[25.]
11127,[32.]
11128,[26.]
11129,[28.]
11130,[26.]
11131,[25.]
11133,[33.]
11134,[29.]
11135,[32.]
11268,[33.]
11269,[22.]
11270,[27.]
11271,[19.]
11272,[18.]
11273,[20.]
11274,[18.]
11275,[19.]
11276,[19.]
11277,[16.]
11278,[19.]
11409,[28.]
11410,[22.]
11411,[17.]
11412,[18.]
11413,[15.]
11414,[18.]
11415,[19.]
11416,[18.]
11417,[19.]
11418,[19.]
11549,[32.]
11550,[24.]
11551,[23.]
11552,[18.]
11553,[16.]
11554,[20.]
11555,[22.]
11556,[15.]
11557,[17.]
11558,[16.]
11559,[16.]
11689,[26.]
11690,[26.]
11691,[20.]
11692,[18.]
11693,[18.]
11694,[19.]
11695,[17.]
11696,[22.]
11697,[22.]
11698,[14.]
11699,[14.]
11829,[27.]
11830,[17.]
11831,[20.]
11832,[20.]
11833,[23.]
11834,[17.]
11835,[17.]
11836,[20.]
11837,[22.]
11838,[21.]
11839,[18.]
11969,[30.]
11970,[19.]
11971,[17.]
11972,[21.]
11973,[20.]
11974,[18.]
11975,[21.]
11976,[21.]
11977,[19.]
11978,[17.]
11979,[18.]
11980,[15.]
12109,[29.]
12110,[20.]
12111,[19.]
12112,[20.]
12113,[21.]
12114,[24.]
12115,[24.]
12116,[21.]
12117,[19.]
12118,[18.]
12119,[16.]
12120,[20.]
12249,[26.]
12250,[17.]
12251,[24.]
12252,[19.]
12253,[25.]
12254,[21.]
12255,[22.]
12256,[22.]
12257,[22.]
12258,[20.]
12259,[19.]
12260,[21.]
12389,[24.]
12390,[18.]
12391,[23.]
12392,[22.]
12393,[21.]
12394,[18.]
12395,[18.]
12396,[21.]
12397,[19.]
12398,[17.]
12399,[21.]
12400,[19.]
12530,[19.]
12531,[21.]
12532,[21.]
12533,[20.]
12534,[16.]
12535,[14.]
12536,[18.]
12537,[16.]
12538,[16.]
12539,[20.]
12669,[20.]
12670,[17.]
12671,[19.]
12672,[18.]
12673,[15.]
12674,[15.]
12814,[17.]
6953,[19.]
6954,[17.]
7093,[20.]
7094,[24.]
7233,[17.]
7234,[21.]
7373,[23.]
7374,[20.]
7513,[20.]
7514,[18.]
6398,[21.]
6537,[25.]
6538,[24.]
6677,[25.]
6678,[20.]
6817,[24.]
6818,[21.]
6819,[23.]
6955,[21.]
6956,[22.]
6957,[21.]
6958,[22.]
6959,[17.]
7095,[18.]
7096,[15.]
7097,[24.]
7098,[24.]
7099,[23.]
7100,[21.]
7235,[18.]
7236,[22.]
7237,[18.]
7238,[22.]
7239,[23.]
7240,[22.]
7241,[22.]
7375,[14.]
7376,[20.]
7377,[25.]
7378,[26.]
7379,[24.]
7516,[19.]
7517,[23.]
8075,[22.]
8076,[18.]
8077,[22.]
8215,[15.]
8216,[19.]
7655,[24.]
7794,[21.]
7795,[21.]
7934,[20.]
7935,[19.]
7383,[28.]
7384,[16.]
7523,[24.]
7663,[17.]
7803,[20.]
7380,[21.]
7381,[23.]
7515,[19.]
7518,[18.]
7519,[22.]
7520,[19.]
7521,[19.]
7656,[20.]
7657,[19.]
7658,[21.]
7659,[24.]
7660,[18.]
7661,[20.]
7382,[16.]
7522,[25.]
7662,[19.]
7796,[22.]
7797,[24.]
7798,[27.]
7799,[27.]
7800,[24.]
7801,[21.]
7802,[23.]
7936,[22.]
7937,[23.]
7938,[20.]
7939,[28.]
7940,[24.]
7941,[18.]
7942,[25.]
10973,[17.]
9297,[22.]
9298,[17.]
9434,[26.]
9435,[20.]
9436,[20.]
9437,[23.]
9438,[21.]
9574,[23.]
9575,[20.]
9576,[23.]
9577,[26.]
9578,[22.]
9713,[21.]
9714,[23.]
9715,[22.]
9716,[24.]
9717,[22.]
9718,[19.]
9849,[27.]
9850,[25.]
9851,[36.]
9852,[26.]
9853,[19.]
9854,[17.]
9855,[19.]
9856,[28.]
9857,[23.]
9989,[23.]
9990,[32.]
9991,[28.]
9992,[23.]
9993,[25.]
9994,[18.]
9995,[18.]
9996,[16.]
10128,[22.]
10129,[13.]
10130,[28.]
10131,[31.]
10132,[28.]
10133,[30.]
10134,[30.]
10135,[21.]
10136,[28.]
10137,[28.]
10269,[25.]
10270,[26.]
10271,[30.]
10272,[29.]
10273,[24.]
10274,[31.]
10275,[21.]
10276,[25.]
10277,[29.]
10278,[16.]
10410,[14.]
10411,[15.]
10412,[22.]
10413,[17.]
10414,[28.]
10415,[18.]
10416,[20.]
10417,[18.]
10418,[23.]
10551,[12.]
10552,[23.]
10553,[21.]
10554,[24.]
10555,[15.]
10556,[14.]
10557,[22.]
10558,[17.]
10692,[19.]
10693,[12.]
10694,[13.]
10695,[14.]
10696,[18.]
10697,[13.]
10698,[19.]
10832,[29.]
10833,[12.]
10834,[18.]
10835,[23.]
10974,[18.]
10975,[21.]
11114,[34.]
8846,[24.]
8986,[22.]
9126,[28.]
9266,[27.]
9406,[30.]
9546,[25.]
9547,[22.]
9686,[27.]
9687,[30.]
9688,[30.]
8284,[20.]
8285,[21.]
8421,[26.]
8422,[24.]
8423,[23.]
8424,[24.]
8425,[22.]
8558,[19.]
8559,[23.]
8560,[29.]
8561,[28.]
8562,[26.]
8563,[25.]
8564,[25.]
8565,[20.]
8696,[21.]
8697,[21.]
8698,[19.]
8699,[28.]
8700,[25.]
8701,[28.]
8702,[34.]
8703,[27.]
8704,[32.]
8705,[27.]
8834,[18.]
8835,[24.]
8836,[20.]
8837,[21.]
8838,[26.]
8839,[29.]
8840,[25.]
8841,[33.]
8842,[29.]
8843,[30.]
8844,[26.]
8845,[30.]
8974,[30.]
8975,[24.]
8976,[21.]
8977,[22.]
8978,[29.]
8979,[30.]
8980,[26.]
8981,[26.]
8982,[25.]
8983,[31.]
8984,[24.]
8985,[23.]
9114,[28.]
9115,[16.]
9116,[27.]
9117,[28.]
9118,[30.]
9119,[28.]
9120,[26.]
9121,[25.]
9122,[24.]
9123,[24.]
9124,[25.]
9125,[24.]
9255,[21.]
9256,[33.]
9257,[26.]
9258,[31.]
9259,[25.]
9260,[25.]
9261,[25.]
9262,[22.]
9263,[23.]
9264,[26.]
9265,[25.]
9396,[23.]
9397,[29.]
9398,[21.]
9399,[21.]
9400,[24.]
9401,[22.]
9402,[21.]
9403,[20.]
9404,[26.]
9405,[24.]
9536,[19.]
9537,[26.]
9538,[27.]
9539,[25.]
9540,[26.]
9541,[31.]
9542,[27.]
9543,[29.]
9544,[28.]
9545,[31.]
9676,[22.]
9677,[26.]
9678,[27.]
9679,[35.]
9680,[27.]
9681,[34.]
9682,[27.]
9683,[28.]
9684,[24.]
9685,[30.]
9816,[21.]
9817,[25.]
9821,[29.]
9822,[25.]
9823,[27.]
9824,[25.]
9825,[255.]
7735,[12.]
7736,[11.]
7737,[23.]
7738,[16.]
7739,[20.]
7740,[21.]
7741,[19.]
7742,[16.]
7743,[20.]
7875,[12.]
7876,[16.]
7877,[13.]
7878,[12.]
7879,[15.]
7880,[19.]
7881,[16.]
7882,[13.]
8016,[14.]
8017,[14.]
8018,[12.]
8019,[22.]
8020,[18.]
8021,[12.]
8022,[14.]
8023,[26.]
8158,[14.]
8159,[17.]
8160,[26.]
8161,[18.]
8162,[21.]
8298,[18.]
8299,[20.]
8300,[14.]
8301,[17.]
8302,[20.]
8303,[15.]
8439,[17.]
8440,[13.]
8441,[18.]
8442,[14.]
8443,[15.]
8580,[12.]
8581,[17.]
8582,[14.]
8583,[17.]
8720,[13.]
8721,[10.]
8722,[16.]
8723,[17.]
8860,[13.]
8861,[17.]
8862,[16.]
8863,[21.]
9001,[18.]
9002,[18.]
9003,[18.]
9142,[15.]
9143,[21.]
7185,[10.]
7323,[18.]
7324,[12.]
7325,[14.]
7326,[10.]
7460,[20.]
7461,[20.]
7462,[17.]
7463,[12.]
7464,[14.]
7598,[11.]
7599,[22.]
7600,[20.]
7601,[13.]
7602,[17.]
7603,[15.]
7604,[12.]
7744,[19.]
8165,[18.]
8304,[16.]
8305,[13.]
8444,[15.]
8584,[16.]
8724,[16.]
8864,[25.]
8865,[19.]
9004,[20.]
9005,[16.]
22046,[12.]
22047,[9.]
22186,[8.]
22187,[10.]
22326,[8.]
22327,[8.]
22747,[9.]
22887,[14.]
22188,[8.]
22328,[7.]
22329,[9.]
22330,[16.]
22468,[8.]
22469,[8.]
22470,[12.]
22608,[8.]
22609,[10.]
22610,[14.]
22748,[9.]
22749,[10.]
11393,[17.]
11533,[16.]
11673,[19.]
11813,[18.]
11953,[20.]
12373,[23.]
11254,[19.]
11255,[26.]
11256,[255.]
11394,[18.]
11395,[30.]
11396,[27.]
11397,[19.]
11398,[28.]
11534,[24.]
11535,[28.]
11536,[21.]
11537,[19.]
11538,[23.]
11539,[20.]
11540,[31.]
11674,[16.]
11675,[15.]
11676,[21.]
11677,[19.]
11678,[23.]
11679,[24.]
11680,[24.]
11814,[19.]
11815,[18.]
11816,[23.]
11817,[22.]
11818,[20.]
11954,[19.]
11955,[22.]
11956,[21.]
11957,[19.]
12094,[24.]
12095,[20.]
12096,[20.]
12097,[20.]
12234,[20.]
12235,[19.]
12236,[19.]
12374,[19.]
12375,[19.]
12376,[21.]
7823,[20.]
7962,[17.]
7963,[22.]
8103,[19.]
8243,[28.]
7827,[28.]
7964,[25.]
7965,[23.]
7966,[27.]
7967,[24.]
8104,[25.]
8105,[23.]
8106,[20.]
8107,[29.]
8244,[28.]
8245,[26.]
8246,[21.]
14482,[26.]
14622,[28.]
14761,[28.]
14762,[13.]
14902,[13.]
15042,[23.]
15181,[32.]
15182,[23.]
14483,[25.]
14623,[18.]
14624,[24.]
14625,[24.]
14626,[23.]
14627,[21.]
14628,[21.]
14629,[20.]
14763,[23.]
14764,[24.]
14765,[24.]
14766,[23.]
14767,[24.]
14768,[15.]
14769,[18.]
14770,[17.]
14903,[20.]
14904,[25.]
14905,[23.]
14906,[19.]
14907,[23.]
14908,[15.]
14909,[20.]
14910,[11.]
14911,[24.]
14912,[18.]
15043,[21.]
15044,[25.]
15045,[21.]
15046,[17.]
15047,[17.]
15048,[21.]
15049,[19.]
15050,[17.]
15051,[14.]
15052,[24.]
15183,[21.]
15184,[14.]
15185,[18.]
15186,[17.]
15187,[17.]
15188,[15.]
15189,[17.]
15190,[31.]
15191,[26.]
15192,[34.]
15323,[15.]
15324,[14.]
15325,[15.]
15326,[16.]
15327,[19.]
15328,[17.]
15329,[23.]
15330,[31.]
15331,[31.]
15464,[18.]
15465,[19.]
15466,[18.]
15467,[21.]
15468,[18.]
15469,[31.]
15470,[29.]
15607,[18.]
15608,[17.]
15609,[26.]
8338,[24.]
8478,[23.]
8479,[22.]
8618,[30.]
8758,[37.]
9038,[19.]
9039,[22.]
7633,[28.]
7634,[27.]
7772,[19.]
7773,[28.]
7774,[23.]
7775,[24.]
7913,[28.]
7914,[26.]
7915,[24.]
8054,[33.]
8055,[20.]
8056,[27.]
8057,[20.]
8195,[38.]
8196,[25.]
8197,[21.]
8335,[22.]
8336,[29.]
8337,[23.]
8475,[18.]
8476,[25.]
8477,[20.]
8615,[24.]
8616,[17.]
8617,[22.]
8754,[35.]
8755,[21.]
8756,[19.]
8757,[20.]
8894,[35.]
8895,[19.]
8896,[28.]
8897,[22.]
9034,[22.]
9035,[31.]
9036,[24.]
9037,[24.]
9174,[33.]
9175,[19.]
9176,[19.]
9177,[24.]
9178,[22.]
9179,[18.]
9315,[21.]
9316,[18.]
9317,[14.]
9318,[27.]
9319,[25.]
6507,[26.]
6508,[28.]
6509,[18.]
6647,[24.]
6648,[24.]
5951,[25.]
6091,[29.]
6092,[22.]
6093,[20.]
6231,[23.]
6232,[27.]
6233,[25.]
6371,[30.]
6372,[23.]
5803,[32.]
5805,[24.]
5943,[18.]
5944,[25.]
5945,[27.]
5946,[30.]
5947,[27.]
5948,[28.]
5949,[29.]
5950,[31.]
6083,[24.]
6084,[22.]
6085,[24.]
6086,[24.]
6087,[22.]
6088,[23.]
6089,[21.]
6090,[31.]
6224,[23.]
6225,[27.]
6226,[25.]
6227,[25.]
6228,[31.]
6229,[19.]
6230,[29.]
6364,[24.]
6365,[18.]
6366,[27.]
6367,[30.]
6368,[28.]
6369,[29.]
6370,[20.]
6505,[17.]
6506,[28.]
6646,[21.]
9352,[22.]
9353,[22.]
9354,[31.]
9355,[20.]
9356,[25.]
9490,[15.]
9491,[15.]
9492,[24.]
9493,[24.]
9494,[22.]
9495,[22.]
9496,[22.]
9631,[21.]
9632,[19.]
9633,[22.]
9634,[19.]
9635,[23.]
9636,[25.]
8518,[19.]
8657,[13.]
8658,[19.]
8659,[23.]
8797,[17.]
8798,[22.]
8937,[25.]
9077,[19.]
8654,[19.]
8655,[15.]
8656,[14.]
8936,[17.]
9076,[19.]
9216,[21.]
8794,[21.]
8795,[15.]
8796,[20.]
8934,[24.]
8935,[22.]
9073,[26.]
9074,[19.]
9075,[26.]
9213,[28.]
9214,[16.]
9215,[19.]
15164,[10.]
15165,[22.]
15166,[255.]
15167,[20.]
15304,[9.]
15307,[22.]
14045,[30.]
14184,[30.]
14185,[16.]
14186,[14.]
14187,[15.]
14324,[34.]
14325,[24.]
14326,[15.]
14327,[15.]
14328,[18.]
14465,[14.]
14466,[19.]
14467,[17.]
14468,[13.]
14604,[31.]
14605,[26.]
14606,[17.]
14607,[19.]
14608,[20.]
14742,[35.]
14743,[33.]
14744,[35.]
14745,[19.]
14746,[16.]
14747,[24.]
14748,[16.]
14882,[26.]
14883,[17.]
14884,[15.]
14885,[12.]
14886,[27.]
14887,[23.]
14888,[10.]
15024,[14.]
15025,[9.]
15026,[19.]
15027,[25.]
15028,[19.]
23026,[34.]
23027,[32.]
23164,[15.]
23165,[11.]
23166,[10.]
23167,[22.]
23299,[29.]
23300,[29.]
23301,[16.]
23302,[9.]
23303,[11.]
23304,[11.]
23305,[17.]
23306,[16.]
23307,[11.]
23440,[12.]
23441,[12.]
23442,[15.]
23443,[14.]
23444,[12.]
23445,[12.]
23446,[255.]
23030,[11.]
23031,[11.]
23169,[11.]
23170,[15.]
23308,[12.]
23309,[11.]
23448,[255.]
23449,[12.]
9602,[19.]
9604,[19.]
9743,[18.]
9744,[15.]
9745,[19.]
9883,[17.]
9884,[17.]
9885,[18.]
10023,[15.]
10024,[28.]
10025,[28.]
10163,[17.]
10164,[26.]
10165,[22.]
10166,[26.]
10167,[19.]
10304,[21.]
10305,[27.]
10306,[31.]
10307,[20.]
10447,[25.]
9053,[18.]
9054,[15.]
9055,[15.]
9193,[17.]
9194,[21.]
9195,[20.]
9333,[24.]
9334,[28.]
8912,[16.]
9049,[28.]
9050,[18.]
9051,[21.]
9052,[22.]
9190,[27.]
9191,[19.]
9192,[21.]
9330,[28.]
9331,[18.]
9332,[20.]
9470,[28.]
9471,[27.]
9472,[23.]
9473,[23.]
9474,[21.]
9475,[19.]
9476,[22.]
9477,[21.]
9609,[27.]
9610,[25.]
9611,[21.]
9612,[27.]
9613,[17.]
9614,[19.]
9615,[20.]
9616,[20.]
9617,[21.]
9751,[26.]
9752,[19.]
9753,[20.]
9754,[23.]
9755,[20.]
9756,[23.]
9757,[23.]
9891,[28.]
9892,[27.]
9893,[20.]
9894,[23.]
9895,[17.]
9896,[16.]
9897,[22.]
10031,[28.]
10032,[25.]
10033,[24.]
10034,[24.]
10035,[27.]
10036,[26.]
10037,[23.]
10038,[21.]
10172,[17.]
10173,[24.]
10174,[21.]
10175,[16.]
10176,[27.]
10177,[18.]
10178,[18.]
10314,[21.]
10315,[16.]
10316,[16.]
10317,[21.]
10454,[15.]
10455,[16.]
10456,[17.]
10457,[16.]
9283,[17.]
9423,[22.]
9288,[19.]
9289,[19.]
9290,[20.]
9291,[19.]
9292,[23.]
9293,[24.]
9294,[20.]
9428,[27.]
9429,[28.]
9430,[17.]
9431,[20.]
9432,[26.]
9433,[28.]
9568,[17.]
9569,[21.]
9570,[23.]
9571,[20.]
9572,[21.]
9573,[28.]
9708,[14.]
9709,[16.]
9710,[25.]
9711,[21.]
9712,[16.]
9848,[14.]
9988,[21.]
9006,[17.]
9144,[18.]
9145,[18.]
9146,[15.]
9284,[26.]
9285,[18.]
9286,[19.]
8872,[23.]
9007,[17.]
9013,[23.]
9147,[21.]
9148,[20.]
9149,[16.]
9150,[25.]
9152,[25.]
9153,[29.]
9154,[29.]
9287,[19.]
9424,[17.]
9425,[13.]
9426,[19.]
9427,[26.]
9564,[16.]
9565,[19.]
9566,[23.]
9567,[21.]
9704,[21.]
9705,[19.]
9706,[17.]
9707,[16.]
9846,[13.]
9847,[11.]
9987,[20.]
17420,[22.]
17421,[26.]
15874,[14.]
15875,[24.]
16015,[27.]
16155,[20.]
15876,[16.]
16016,[16.]
16017,[26.]
16018,[17.]
16019,[14.]
16020,[23.]
16021,[44.]
16022,[42.]
16156,[22.]
16157,[27.]
16158,[15.]
16159,[15.]
16160,[21.]
16161,[39.]
16162,[42.]
16163,[35.]
16297,[24.]
16298,[25.]
16299,[27.]
16300,[25.]
16301,[38.]
16302,[32.]
16303,[39.]
16436,[27.]
16437,[23.]
16438,[23.]
16439,[20.]
16440,[21.]
16441,[33.]
16442,[40.]
16443,[20.]
16576,[26.]
16577,[24.]
16578,[22.]
16579,[20.]
16580,[22.]
16581,[43.]
16582,[41.]
16583,[38.]
16716,[22.]
16717,[19.]
16718,[23.]
16719,[23.]
16720,[23.]
16721,[38.]
16722,[38.]
16857,[19.]
16858,[20.]
16859,[26.]
16860,[21.]
16861,[28.]
16862,[21.]
16863,[34.]
16998,[20.]
16999,[25.]
17000,[25.]
17001,[22.]
17002,[21.]
17138,[19.]
17139,[25.]
17140,[25.]
17141,[21.]
17142,[25.]
17143,[255.]
17279,[26.]
17280,[22.]
17281,[22.]
17283,[255.]
9749,[29.]
9750,[34.]
9889,[23.]
9890,[29.]
10029,[29.]
10030,[26.]
10169,[18.]
10170,[24.]
10171,[24.]
10309,[19.]
10310,[20.]
10311,[30.]
10312,[28.]
10313,[23.]
10449,[14.]
10450,[20.]
10451,[14.]
10452,[23.]
10453,[15.]
9608,[24.]
9748,[21.]
9888,[23.]
10028,[20.]
10168,[22.]
10308,[17.]
10448,[18.]
10588,[11.]
10589,[18.]
10590,[21.]
10591,[17.]
10592,[25.]
10593,[17.]
10594,[9.]
10595,[15.]
10596,[23.]
10728,[13.]
10729,[13.]
10730,[18.]
10731,[10.]
10732,[13.]
10733,[8.]
10734,[13.]
10735,[13.]
10736,[12.]
10870,[15.]
10871,[27.]
10872,[8.]
10873,[8.]
10874,[12.]
10875,[13.]
10876,[12.]
11011,[13.]
11012,[16.]
11013,[13.]
11014,[16.]
11015,[19.]
11016,[15.]
11153,[11.]
11154,[18.]
11155,[21.]
12807,[32.]
12525,[25.]
12526,[29.]
12664,[20.]
12665,[22.]
12666,[24.]
12803,[17.]
12804,[17.]
12805,[21.]
12806,[20.]
12943,[20.]
12944,[26.]
12945,[25.]
12946,[24.]
12947,[37.]
12948,[28.]
12949,[28.]
13084,[27.]
13085,[29.]
13086,[29.]
13087,[37.]
13088,[33.]
13089,[13.]
13090,[34.]
13224,[26.]
13225,[25.]
13226,[35.]
13227,[33.]
13364,[27.]
13365,[28.]
13366,[40.]
13504,[27.]
13505,[28.]
13244,[255.]
13245,[39.]
13384,[28.]
13385,[39.]
13524,[24.]
13525,[41.]
13664,[255.]
16704,[36.]
16705,[34.]
16706,[33.]
16844,[36.]
16845,[35.]
16846,[31.]
16847,[29.]
16849,[22.]
16850,[19.]
16984,[38.]
16985,[30.]
16986,[29.]
16987,[34.]
16988,[21.]
16989,[30.]
17123,[30.]
17124,[30.]
17125,[28.]
17126,[28.]
17127,[27.]
17263,[37.]
17264,[28.]
17265,[29.]
17266,[26.]
17401,[33.]
17402,[32.]
17403,[38.]
17404,[30.]
17405,[24.]
17406,[27.]
17540,[18.]
17541,[30.]
17542,[36.]
17543,[30.]
17544,[31.]
17545,[26.]
17546,[26.]
17681,[33.]
17682,[27.]
17683,[41.]
17684,[25.]
17685,[22.]
17686,[25.]
17821,[38.]
3848,[29.]
3987,[28.]
3988,[25.]
4127,[28.]
4128,[26.]
4267,[29.]
4268,[26.]
4407,[21.]
4408,[23.]
4547,[24.]
4548,[29.]
4687,[27.]
4688,[36.]
4827,[29.]
4828,[26.]
4967,[34.]
4968,[25.]
5106,[30.]
5107,[28.]
5108,[26.]
5246,[37.]
5247,[32.]
5248,[30.]
5385,[23.]
5386,[26.]
5387,[29.]
5388,[27.]
5525,[23.]
5526,[25.]
5527,[33.]
5528,[31.]
5664,[28.]
5665,[26.]
5666,[29.]
5667,[27.]
5668,[26.]
5804,[28.]
5806,[33.]
5807,[28.]
5808,[27.]
3153,[31.]
3154,[25.]
3292,[30.]
3293,[29.]
3294,[25.]
3295,[27.]
3296,[27.]
3429,[25.]
3430,[24.]
3431,[29.]
3432,[30.]
3433,[28.]
3434,[26.]
3435,[23.]
3436,[30.]
3437,[30.]
3569,[25.]
3570,[25.]
3571,[34.]
3572,[29.]
3573,[27.]
3574,[20.]
3575,[20.]
3576,[26.]
3577,[24.]
3578,[30.]
3709,[25.]
3710,[25.]
3711,[21.]
3712,[19.]
3713,[25.]
3714,[26.]
3715,[24.]
3716,[29.]
3717,[29.]
3849,[28.]
3850,[26.]
3851,[28.]
3852,[20.]
3853,[17.]
3854,[21.]
3855,[20.]
3856,[28.]
3989,[25.]
3990,[26.]
3991,[25.]
3992,[27.]
3993,[20.]
3994,[21.]
3995,[18.]
3996,[27.]
4129,[21.]
4130,[20.]
4131,[19.]
4132,[20.]
4133,[30.]
4134,[30.]
4135,[19.]
4269,[20.]
4270,[23.]
4271,[21.]
4272,[18.]
4273,[23.]
4274,[23.]
4409,[30.]
4410,[25.]
4411,[26.]
4412,[25.]
4549,[31.]
4550,[20.]
4551,[29.]
4689,[25.]
4690,[23.]
4691,[25.]
4829,[34.]
4830,[20.]
4969,[28.]
4970,[20.]
5109,[33.]
5249,[24.]
5389,[31.]
5529,[33.]
14613,[27.]
14753,[25.]
14754,[19.]
14893,[19.]
14894,[17.]
14895,[19.]
15033,[18.]
15034,[18.]
15035,[19.]
15173,[16.]
15174,[14.]
15168,[20.]
15169,[12.]
15170,[22.]
15171,[21.]
15172,[30.]
15308,[20.]
15309,[21.]
15310,[32.]
15311,[26.]
15312,[29.]
15313,[12.]
15314,[15.]
15448,[19.]
15449,[25.]
15450,[26.]
15451,[27.]
15452,[11.]
15453,[11.]
15454,[13.]
15589,[24.]
15590,[26.]
15591,[22.]
15592,[12.]
15593,[13.]
15594,[14.]
15730,[23.]
15731,[13.]
15732,[12.]
15733,[14.]
15734,[13.]
15872,[15.]
14609,[20.]
14610,[19.]
14611,[25.]
14612,[23.]
14749,[13.]
14750,[21.]
14751,[22.]
14752,[22.]
14889,[16.]
14890,[14.]
14891,[17.]
14892,[25.]
15029,[20.]
15030,[24.]
15031,[20.]
15032,[22.]
22750,[10.]
22888,[35.]
22889,[12.]
22890,[22.]
23028,[11.]
23029,[27.]
23168,[9.]
22472,[13.]
22611,[10.]
22612,[9.]
22751,[11.]
22752,[12.]
22891,[12.]
22892,[14.]
8764,[18.]
8765,[21.]
8766,[21.]
8767,[19.]
8768,[20.]
8769,[19.]
8904,[19.]
8905,[20.]
8906,[23.]
8907,[22.]
8908,[20.]
8909,[17.]
8903,[18.]
9042,[17.]
9043,[17.]
9044,[17.]
9045,[19.]
9046,[23.]
9180,[26.]
9462,[20.]
9463,[15.]
9464,[20.]
9465,[21.]
9466,[14.]
9467,[23.]
9603,[18.]
9605,[19.]
9606,[18.]
9607,[16.]
9746,[23.]
9747,[25.]
9886,[22.]
9887,[20.]
10026,[25.]
10027,[20.]
9189,[24.]
9329,[25.]
9469,[22.]
9047,[23.]
9048,[21.]
9181,[18.]
9182,[26.]
9183,[18.]
9184,[19.]
9185,[27.]
9186,[25.]
9187,[28.]
9188,[25.]
9322,[26.]
9323,[17.]
9324,[23.]
9325,[22.]
9326,[28.]
9327,[30.]
9328,[29.]
9468,[16.]
9056,[18.]
9196,[19.]
9197,[19.]
9198,[21.]
9335,[19.]
9336,[20.]
9337,[21.]
9338,[18.]
9339,[16.]
10046,[18.]
10186,[16.]
10326,[16.]
10327,[17.]
10467,[18.]
9478,[22.]
9618,[19.]
9758,[19.]
9898,[19.]
10318,[23.]
10458,[18.]
10597,[11.]
10737,[15.]
10877,[16.]
9479,[28.]
9480,[18.]
9481,[18.]
9619,[24.]
9620,[27.]
9621,[25.]
9622,[21.]
9759,[22.]
9760,[26.]
9761,[22.]
9762,[20.]
9763,[25.]
9764,[14.]
9899,[19.]
9900,[25.]
9901,[20.]
9902,[26.]
9903,[24.]
9904,[19.]
9905,[15.]
10039,[25.]
10040,[23.]
10041,[24.]
10042,[9.]
10043,[21.]
10044,[14.]
10045,[16.]
10179,[24.]
10180,[24.]
10181,[15.]
10182,[13.]
10183,[13.]
10184,[12.]
10185,[18.]
10319,[22.]
10320,[15.]
10321,[12.]
10322,[14.]
10323,[13.]
10324,[15.]
10325,[13.]
10459,[19.]
10460,[14.]
10461,[10.]
10462,[11.]
10463,[12.]
10464,[13.]
10465,[12.]
10598,[12.]
10599,[15.]
10600,[15.]
10601,[13.]
10602,[15.]
10603,[16.]
10738,[19.]
10739,[14.]
10740,[19.]
10741,[15.]
10742,[12.]
10743,[19.]
10878,[18.]
10879,[12.]
10880,[15.]
12510,[27.]
12511,[24.]
12512,[25.]
12513,[19.]
13633,[18.]
13634,[21.]
13636,[23.]
13637,[18.]
13773,[21.]
13913,[21.]
14053,[23.]
14193,[21.]
12514,[17.]
12515,[22.]
12516,[21.]
12647,[27.]
12648,[26.]
12649,[29.]
12650,[28.]
12651,[19.]
12652,[21.]
12653,[21.]
12654,[20.]
12655,[21.]
12656,[20.]
12787,[27.]
12788,[24.]
12789,[28.]
12790,[29.]
12791,[23.]
12792,[21.]
12793,[21.]
12794,[21.]
12795,[21.]
12796,[17.]
12928,[30.]
12929,[30.]
12930,[28.]
12931,[27.]
12932,[25.]
12933,[23.]
12934,[22.]
12935,[19.]
12936,[20.]
13068,[27.]
13069,[29.]
13070,[20.]
13071,[23.]
13072,[21.]
13073,[22.]
13074,[20.]
13075,[24.]
13076,[20.]
13208,[30.]
13209,[20.]
13210,[20.]
13211,[20.]
13212,[17.]
13213,[20.]
13214,[19.]
13215,[21.]
13216,[21.]
13217,[22.]
13349,[20.]
13350,[19.]
13351,[20.]
13352,[18.]
13353,[16.]
13354,[23.]
13355,[21.]
13356,[18.]
13357,[20.]
13489,[16.]
13490,[21.]
13491,[19.]
13492,[23.]
13493,[20.]
13494,[21.]
13495,[21.]
13496,[19.]
13497,[21.]
13629,[20.]
13630,[21.]
13631,[23.]
13632,[19.]
13769,[21.]
13770,[22.]
13771,[22.]
13772,[22.]
13909,[20.]
13910,[22.]
13911,[21.]
13912,[21.]
14050,[21.]
14051,[22.]
14052,[19.]
14190,[20.]
14191,[20.]
14192,[22.]
14330,[19.]
14331,[27.]
14332,[20.]
14469,[20.]
14470,[20.]
14471,[22.]
14472,[21.]
5120,[29.]
5121,[26.]
5125,[18.]
5126,[25.]
3444,[23.]
3445,[23.]
3583,[21.]
3584,[20.]
3585,[19.]
3723,[21.]
3724,[25.]
3725,[25.]
3863,[19.]
3864,[20.]
4003,[19.]
4004,[22.]
4143,[20.]
4283,[26.]
4703,[22.]
4704,[20.]
4843,[19.]
4844,[26.]
4845,[22.]
4983,[23.]
4984,[31.]
4985,[24.]
4986,[22.]
3718,[23.]
3857,[26.]
3858,[22.]
3997,[25.]
3998,[23.]
4136,[22.]
4137,[24.]
4138,[27.]
4275,[23.]
4276,[23.]
4277,[26.]
4278,[19.]
4415,[19.]
4416,[21.]
4417,[25.]
4418,[22.]
4555,[28.]
4556,[20.]
4557,[24.]
4558,[20.]
4695,[26.]
4696,[29.]
4697,[23.]
4698,[27.]
4835,[22.]
4836,[25.]
4837,[27.]
4838,[26.]
4975,[27.]
4976,[25.]
4977,[26.]
4978,[28.]
3579,[26.]
3580,[20.]
3719,[26.]
3720,[24.]
3721,[22.]
3722,[23.]
3859,[25.]
3860,[21.]
3861,[26.]
3862,[25.]
3999,[24.]
4000,[23.]
4001,[37.]
4002,[26.]
4139,[23.]
4140,[24.]
4141,[29.]
4142,[25.]
4279,[21.]
4280,[26.]
4281,[25.]
4282,[21.]
4419,[24.]
4420,[22.]
4421,[23.]
4422,[23.]
4559,[22.]
4560,[20.]
4561,[27.]
4562,[36.]
4699,[19.]
4700,[20.]
4701,[28.]
4702,[21.]
4839,[20.]
4840,[27.]
4841,[21.]
4842,[29.]
4979,[23.]
4980,[22.]
4981,[31.]
4982,[27.]
12681,[25.]
12821,[24.]
12822,[27.]
12961,[28.]
12962,[35.]
12963,[34.]
13101,[34.]
13102,[38.]
13103,[35.]
13241,[40.]
13242,[36.]
13243,[32.]
12540,[24.]
12675,[16.]
12676,[17.]
12677,[14.]
12678,[20.]
12679,[24.]
12680,[24.]
12809,[29.]
12810,[16.]
12811,[17.]
12812,[16.]
12813,[23.]
12815,[24.]
12816,[27.]
12817,[25.]
12818,[27.]
12819,[24.]
12820,[25.]
12950,[21.]
12951,[21.]
12952,[19.]
12953,[15.]
12954,[15.]
12955,[16.]
12956,[23.]
12957,[23.]
12958,[23.]
12959,[24.]
12960,[25.]
13091,[24.]
13092,[19.]
13093,[14.]
13094,[14.]
13095,[26.]
13096,[22.]
13097,[24.]
13098,[27.]
13099,[25.]
13100,[32.]
13231,[34.]
13232,[32.]
13233,[16.]
13234,[28.]
13235,[26.]
13236,[30.]
13237,[32.]
13238,[33.]
13239,[36.]
13240,[35.]
13373,[34.]
13374,[34.]
13375,[30.]
13376,[31.]
13377,[30.]
13378,[27.]
13379,[29.]
13380,[39.]
13381,[37.]
13382,[36.]
13383,[30.]
13516,[29.]
13517,[31.]
13518,[33.]
13523,[30.]
18686,[28.]
18687,[28.]
18825,[30.]
18826,[25.]
18827,[20.]
18962,[27.]
18963,[30.]
18964,[28.]
18965,[28.]
18966,[22.]
18967,[25.]
19799,[17.]
19800,[18.]
19801,[21.]
19802,[30.]
18688,[255.]
18828,[9.]
18968,[10.]
18969,[11.]
19102,[23.]
19103,[32.]
19104,[28.]
19105,[29.]
19106,[18.]
19107,[28.]
19108,[10.]
19109,[15.]
19111,[255.]
19242,[23.]
19243,[28.]
19244,[29.]
19245,[28.]
19246,[29.]
19247,[26.]
19248,[11.]
19382,[28.]
19383,[24.]
19384,[28.]
19385,[24.]
19386,[30.]
19387,[27.]
19521,[27.]
19522,[29.]
19523,[28.]
19524,[31.]
19525,[30.]
19526,[26.]
19660,[16.]
19661,[24.]
19662,[22.]
19663,[31.]
12505,[16.]
14046,[15.]
14047,[24.]
14048,[22.]
14188,[18.]
12927,[25.]
13067,[22.]
13207,[29.]
13347,[28.]
13348,[28.]
13487,[25.]
13488,[27.]
13627,[26.]
13628,[24.]
13767,[29.]
13768,[20.]
13907,[22.]
13908,[18.]
14049,[17.]
14189,[20.]
14329,[18.]
12644,[22.]
12645,[23.]
12646,[31.]
12785,[27.]
12786,[36.]
12925,[31.]
12926,[29.]
13065,[33.]
13066,[27.]
13204,[29.]
13205,[32.]
13206,[30.]
13344,[33.]
13345,[33.]
13346,[30.]
13484,[28.]
13485,[34.]
13486,[31.]
13625,[36.]
13626,[29.]
13765,[40.]
13766,[35.]
13905,[29.]
13906,[23.]
8523,[21.]
8663,[22.]
8942,[21.]
8943,[21.]
9082,[21.]
9083,[26.]
9222,[20.]
9223,[26.]
9362,[28.]
9363,[23.]
8247,[19.]
8384,[25.]
8385,[26.]
8386,[32.]
8387,[19.]
8524,[23.]
8525,[32.]
8526,[24.]
8664,[16.]
8665,[25.]
8666,[30.]
8804,[20.]
8805,[29.]
8806,[27.]
8944,[20.]
9084,[21.]
9085,[14.]
9224,[27.]
9225,[12.]
9364,[17.]
9504,[30.]
24967,[12.]
25106,[31.]
25243,[20.]
25244,[11.]
25245,[37.]
25384,[10.]
25385,[31.]
10860,[28.]
10861,[25.]
11001,[18.]
10162,[29.]
10302,[20.]
10303,[20.]
10442,[24.]
10443,[18.]
10444,[17.]
10445,[18.]
10446,[14.]
10021,[17.]
10160,[25.]
10161,[26.]
10300,[28.]
10301,[19.]
10439,[34.]
10440,[35.]
10441,[30.]
10579,[37.]
10580,[36.]
10581,[34.]
10582,[33.]
10583,[25.]
10584,[23.]
10585,[24.]
10586,[17.]
10587,[19.]
10720,[33.]
10721,[32.]
10722,[33.]
10723,[29.]
10724,[25.]
10725,[18.]
10726,[16.]
10727,[17.]
10862,[20.]
10863,[24.]
10864,[18.]
10865,[18.]
10866,[15.]
10867,[21.]
11002,[15.]
11003,[15.]
11004,[20.]
11005,[14.]
11006,[12.]
11007,[15.]
11143,[14.]
11144,[12.]
11145,[13.]
11146,[14.]
11286,[20.]
11426,[24.]
11819,[22.]
11820,[18.]
11958,[22.]
11959,[20.]
11960,[18.]
12098,[23.]
12099,[27.]
12100,[22.]
12239,[23.]
12240,[24.]
12379,[21.]
12380,[21.]
12383,[17.]
12384,[18.]
12385,[20.]
12523,[19.]
12524,[21.]
12663,[16.]
11681,[19.]
11682,[20.]
11683,[38.]
11821,[18.]
11822,[24.]
11823,[22.]
11824,[37.]
11961,[20.]
11962,[21.]
11963,[23.]
11964,[32.]
12101,[22.]
12102,[24.]
12103,[20.]
12104,[21.]
12241,[19.]
12242,[20.]
12243,[20.]
12244,[20.]
12245,[255.]
12381,[17.]
12382,[21.]
12521,[21.]
12522,[18.]
14342,[26.]
14484,[24.]
14485,[25.]
14486,[22.]
14487,[24.]
14488,[21.]
14489,[18.]
14490,[17.]
14491,[15.]
14492,[15.]
14493,[27.]
14630,[13.]
14631,[16.]
14632,[15.]
14633,[33.]
14771,[16.]
14772,[19.]
14773,[40.]
14913,[46.]
13228,[34.]
13229,[19.]
13367,[18.]
13368,[18.]
13369,[19.]
13506,[24.]
13507,[18.]
13508,[18.]
13509,[19.]
13645,[25.]
13646,[24.]
13647,[15.]
13648,[17.]
13649,[21.]
13784,[23.]
13785,[21.]
13786,[19.]
13787,[13.]
13788,[19.]
13789,[18.]
13790,[17.]
13923,[34.]
13924,[26.]
13925,[25.]
13926,[27.]
13927,[16.]
13928,[14.]
13929,[15.]
13930,[22.]
14063,[26.]
14064,[25.]
14065,[23.]
14066,[26.]
14067,[18.]
14068,[13.]
14069,[25.]
14070,[16.]
14203,[28.]
14204,[26.]
14205,[17.]
14206,[24.]
14207,[24.]
14208,[23.]
14209,[17.]
14210,[16.]
14211,[14.]
14343,[27.]
14344,[12.]
14345,[23.]
14346,[22.]
14347,[20.]
14348,[15.]
14349,[14.]
14350,[14.]
14351,[19.]
14352,[16.]
14774,[32.]
14914,[35.]
8785,[19.]
8925,[21.]
9348,[14.]
9350,[19.]
9351,[17.]
8651,[14.]
8650,[18.]
8790,[10.]
8791,[13.]
8792,[14.]
8793,[15.]
8930,[13.]
8931,[12.]
8932,[15.]
8933,[15.]
9070,[14.]
9071,[13.]
9072,[17.]
9210,[14.]
9211,[21.]
9212,[20.]
9066,[18.]
9067,[15.]
8646,[12.]
8647,[14.]
8648,[12.]
8649,[13.]
8786,[20.]
8787,[18.]
8788,[18.]
8789,[31.]
8926,[22.]
8927,[23.]
8928,[13.]
8929,[11.]
9068,[10.]
9069,[18.]
9208,[16.]
9209,[20.]
12127,[12.]
12266,[17.]
12267,[20.]
12268,[34.]
12405,[15.]
12406,[21.]
12407,[24.]
12408,[24.]
12409,[39.]
12546,[27.]
12547,[21.]
12548,[20.]
12549,[23.]
12686,[39.]
12687,[34.]
12688,[32.]
12689,[35.]
12829,[22.]
12690,[40.]
15321,[36.]
15322,[27.]
15462,[22.]
15463,[18.]
15602,[24.]
15603,[18.]
15604,[16.]
15605,[18.]
15606,[16.]
15882,[37.]
15883,[17.]
15884,[28.]
16023,[39.]
16024,[20.]
15742,[18.]
15743,[17.]
15744,[21.]
15745,[19.]
15746,[20.]
15747,[19.]
15748,[29.]
15885,[28.]
15886,[20.]
15887,[25.]
16025,[32.]
16026,[40.]
16165,[37.]
13638,[17.]
13639,[28.]
13640,[21.]
13641,[24.]
13642,[25.]
13778,[19.]
13779,[23.]
13780,[23.]
13781,[27.]
13782,[35.]
13921,[29.]
13922,[28.]
12237,[36.]
12238,[25.]
12377,[35.]
12378,[21.]
13083,[21.]
13223,[24.]
13363,[28.]
13503,[26.]
13643,[27.]
13644,[24.]
12517,[16.]
12657,[19.]
12797,[18.]
12937,[20.]
13077,[20.]
12518,[21.]
12519,[23.]
12520,[22.]
12658,[26.]
12659,[23.]
12660,[23.]
12661,[24.]
12662,[19.]
13222,[22.]
13362,[18.]
13502,[24.]
13783,[25.]
12798,[30.]
12799,[23.]
12800,[23.]
12801,[21.]
12802,[17.]
12938,[18.]
12939,[23.]
12940,[24.]
12941,[20.]
12942,[20.]
13078,[24.]
13079,[16.]
13080,[24.]
13081,[21.]
13082,[18.]
13218,[29.]
13219,[23.]
13220,[23.]
13221,[23.]
13358,[31.]
13359,[22.]
13360,[23.]
13361,[18.]
13498,[22.]
13499,[25.]
13500,[17.]
13501,[19.]
9695,[255.]
9696,[255.]
9697,[255.]
9698,[25.]
9699,[25.]
9700,[28.]
9701,[24.]
9702,[20.]
9703,[19.]
9843,[16.]
9844,[17.]
9983,[19.]
9984,[25.]
10123,[20.]
9834,[255.]
9835,[255.]
9836,[255.]
9837,[20.]
9838,[21.]
9839,[17.]
9840,[18.]
9841,[21.]
9842,[17.]
9974,[255.]
9975,[20.]
9976,[19.]
9977,[21.]
9978,[19.]
9979,[17.]
9980,[15.]
9981,[18.]
9982,[19.]
10114,[20.]
10115,[19.]
10116,[18.]
10117,[19.]
10118,[24.]
10119,[19.]
10120,[18.]
10121,[16.]
10122,[16.]
10254,[30.]
10255,[30.]
10256,[16.]
10257,[18.]
10258,[18.]
10259,[21.]
10260,[22.]
10261,[23.]
10262,[30.]
10394,[32.]
10395,[34.]
10396,[39.]
10397,[32.]
10398,[18.]
10399,[25.]
10400,[21.]
10401,[23.]
10532,[33.]
10533,[37.]
10534,[39.]
10535,[28.]
10536,[37.]
10537,[37.]
10538,[22.]
10539,[20.]
10540,[23.]
10541,[19.]
10672,[44.]
10673,[40.]
10674,[40.]
10675,[26.]
10676,[21.]
10677,[39.]
10678,[31.]
10679,[28.]
10680,[20.]
10681,[25.]
10682,[21.]
10813,[36.]
10814,[35.]
10815,[41.]
10816,[41.]
10817,[40.]
10818,[35.]
10819,[32.]
10820,[25.]
10821,[27.]
10822,[21.]
10953,[21.]
10954,[20.]
10955,[29.]
10956,[29.]
10957,[36.]
10958,[28.]
10959,[21.]
10960,[27.]
11099,[26.]
11100,[30.]
8319,[22.]
8458,[19.]
8459,[18.]
8597,[13.]
8598,[19.]
8599,[17.]
8737,[15.]
8738,[17.]
8739,[17.]
8876,[15.]
8877,[16.]
8878,[22.]
8879,[15.]
9295,[25.]
9296,[19.]
9299,[23.]
8320,[23.]
8460,[26.]
8600,[25.]
8740,[16.]
8880,[18.]
9015,[20.]
9016,[18.]
9017,[19.]
9018,[19.]
9019,[23.]
9020,[22.]
9155,[19.]
9156,[18.]
9157,[24.]
9158,[24.]
9159,[19.]
9160,[22.]
17416,[22.]
17417,[23.]
17418,[22.]
17419,[22.]
17556,[27.]
17557,[23.]
17558,[22.]
17559,[24.]
17696,[19.]
17697,[20.]
17698,[24.]
17699,[28.]
17836,[20.]
17837,[24.]
17976,[19.]
16295,[15.]
16431,[18.]
16432,[28.]
16434,[18.]
16435,[18.]
16570,[15.]
16571,[19.]
16572,[28.]
16573,[26.]
16574,[21.]
16575,[28.]
16710,[25.]
16711,[30.]
16712,[27.]
16713,[21.]
16714,[21.]
16715,[26.]
16851,[29.]
16852,[26.]
16853,[19.]
16854,[26.]
16855,[19.]
16296,[21.]
16856,[22.]
16994,[25.]
16995,[20.]
16996,[21.]
16997,[20.]
17134,[24.]
17135,[19.]
17136,[19.]
17137,[19.]
17274,[20.]
17275,[17.]
17276,[23.]
17277,[21.]
17278,[23.]
17414,[17.]
17415,[17.]
16991,[21.]
16992,[19.]
16993,[28.]
17131,[22.]
17132,[23.]
17133,[18.]
17272,[19.]
17273,[19.]
17413,[22.]
17554,[20.]
17555,[20.]
17695,[20.]
17835,[19.]
17975,[18.]
7644,[21.]
7645,[18.]
7646,[19.]
7647,[19.]
7648,[25.]
7784,[25.]
7785,[28.]
7786,[23.]
7787,[16.]
7788,[17.]
7789,[19.]
7790,[19.]
7791,[21.]
7924,[27.]
7925,[21.]
7926,[24.]
7927,[22.]
7928,[21.]
7929,[17.]
7930,[21.]
8065,[25.]
8066,[22.]
8067,[21.]
7640,[19.]
7641,[19.]
7642,[20.]
7643,[24.]
7781,[26.]
7782,[25.]
7783,[23.]
7922,[21.]
7923,[24.]
7358,[17.]
7360,[25.]
7361,[21.]
7362,[29.]
7498,[21.]
7499,[18.]
7500,[26.]
7501,[16.]
7502,[23.]
7503,[19.]
7504,[20.]
7505,[18.]
18661,[26.]
18662,[23.]
18663,[28.]
18664,[19.]
18665,[22.]
18666,[28.]
18667,[21.]
18668,[17.]
18804,[24.]
18805,[18.]
18806,[19.]
18807,[24.]
18808,[255.]
18946,[19.]
18116,[20.]
18117,[22.]
18256,[19.]
18396,[20.]
16990,[28.]
17128,[29.]
17129,[28.]
17130,[19.]
17267,[24.]
17268,[27.]
17269,[19.]
17270,[25.]
17407,[31.]
17408,[25.]
17409,[19.]
17410,[19.]
17547,[23.]
17548,[21.]
17549,[18.]
17550,[20.]
17687,[21.]
17688,[22.]
17689,[21.]
17690,[25.]
17822,[35.]
17823,[36.]
17824,[20.]
17825,[22.]
17826,[22.]
17827,[29.]
17828,[19.]
17829,[22.]
17830,[21.]
17271,[21.]
17411,[18.]
17412,[19.]
17551,[18.]
17552,[19.]
17553,[18.]
17691,[23.]
17692,[19.]
17693,[24.]
17694,[18.]
17831,[21.]
17832,[24.]
17833,[21.]
17834,[18.]
17970,[23.]
17971,[26.]
17972,[22.]
17973,[20.]
17974,[20.]
17961,[48.]
17962,[28.]
17963,[14.]
17964,[19.]
17965,[18.]
17966,[22.]
17967,[20.]
17968,[17.]
17969,[17.]
18100,[22.]
18101,[22.]
18102,[25.]
18103,[26.]
18104,[20.]
18105,[23.]
18106,[19.]
18107,[21.]
18108,[22.]
18109,[26.]
18110,[25.]
18111,[18.]
18112,[19.]
18113,[17.]
18114,[18.]
18115,[19.]
18240,[27.]
18241,[29.]
18242,[22.]
18243,[23.]
18244,[24.]
18245,[19.]
18246,[17.]
18247,[27.]
18248,[25.]
18249,[21.]
18250,[24.]
18251,[19.]
18252,[20.]
18253,[20.]
18254,[21.]
18255,[22.]
18380,[25.]
18381,[26.]
18382,[20.]
18383,[21.]
18384,[22.]
18385,[22.]
18386,[27.]
18387,[25.]
18388,[24.]
18389,[25.]
18390,[25.]
18391,[19.]
18392,[23.]
18393,[29.]
18394,[22.]
18395,[19.]
18520,[25.]
18521,[11.]
18522,[27.]
18523,[23.]
18524,[26.]
18525,[28.]
18526,[21.]
18527,[27.]
18528,[19.]
18529,[17.]
18530,[19.]
18531,[21.]
18532,[20.]
18533,[21.]
18534,[16.]
18535,[23.]
18669,[20.]
18670,[22.]
18809,[26.]
10056,[22.]
10196,[14.]
10334,[13.]
10335,[20.]
10336,[21.]
10197,[19.]
10337,[14.]
10474,[24.]
10475,[25.]
10476,[28.]
10477,[27.]
10614,[14.]
10615,[25.]
10616,[37.]
10617,[255.]
10755,[22.]
10756,[35.]
10757,[20.]
9917,[24.]
10057,[19.]
10058,[21.]
10198,[18.]
10199,[31.]
10338,[27.]
10339,[255.]
10478,[13.]
19088,[24.]
19228,[22.]
19368,[13.]
18677,[26.]
18678,[25.]
18679,[25.]
18680,[15.]
18817,[21.]
18818,[23.]
18819,[21.]
18820,[20.]
18957,[18.]
18958,[22.]
18959,[20.]
18960,[22.]
19793,[17.]
19794,[18.]
19795,[17.]
19796,[16.]
19797,[19.]
19798,[12.]
19933,[14.]
19934,[21.]
19935,[15.]
19936,[17.]
19937,[14.]
20073,[19.]
20074,[16.]
20075,[19.]
20076,[16.]
20213,[17.]
20214,[19.]
20215,[18.]
20353,[22.]
20354,[19.]
20355,[19.]
20493,[16.]
20494,[16.]
20495,[19.]
20633,[16.]
20634,[22.]
20635,[18.]
20773,[19.]
20774,[15.]
20913,[17.]
19099,[19.]
19100,[21.]
19101,[23.]
19239,[19.]
19240,[24.]
19241,[19.]
19379,[22.]
19380,[19.]
19381,[19.]
19519,[15.]
19520,[21.]
19659,[14.]
18536,[23.]
18671,[27.]
18672,[23.]
18673,[25.]
18674,[22.]
18675,[23.]
18676,[27.]
18810,[21.]
18811,[19.]
18812,[21.]
18813,[18.]
18814,[17.]
18815,[18.]
18816,[23.]
18949,[19.]
18950,[23.]
18951,[20.]
18952,[17.]
18953,[24.]
18954,[19.]
18955,[19.]
18956,[20.]
19089,[17.]
19090,[23.]
19091,[20.]
19092,[20.]
19093,[25.]
19094,[16.]
19095,[22.]
19096,[20.]
19097,[21.]
19098,[22.]
19229,[19.]
19230,[18.]
19231,[19.]
19232,[19.]
19233,[17.]
19234,[20.]
19235,[16.]
19236,[15.]
19237,[20.]
19238,[22.]
19369,[17.]
19370,[17.]
19371,[18.]
19372,[16.]
19373,[21.]
19374,[19.]
19375,[21.]
19376,[12.]
19377,[16.]
19378,[15.]
19509,[24.]
19510,[19.]
19511,[18.]
19512,[13.]
19513,[20.]
19514,[16.]
19515,[20.]
19516,[19.]
19517,[14.]
19518,[15.]
19650,[20.]
19651,[21.]
19652,[19.]
19653,[20.]
19654,[23.]
19655,[23.]
19656,[19.]
19657,[13.]
19658,[16.]
19790,[21.]
19791,[16.]
19792,[11.]
19930,[15.]
19931,[19.]
19932,[14.]
20070,[15.]
20071,[20.]
20072,[19.]
20210,[18.]
20211,[19.]
20212,[20.]
20350,[18.]
20351,[19.]
20352,[19.]
20490,[24.]
20491,[18.]
20492,[20.]
20630,[19.]
20631,[16.]
20632,[14.]
20771,[22.]
20772,[19.]
19803,[30.]
19804,[21.]
19805,[25.]
19806,[32.]
19942,[26.]
19943,[26.]
19944,[26.]
19945,[22.]
19946,[21.]
20083,[19.]
19249,[12.]
19388,[24.]
19389,[9.]
19527,[26.]
19528,[16.]
19529,[9.]
19664,[28.]
19665,[31.]
19666,[28.]
19667,[27.]
19668,[16.]
19669,[12.]
19670,[10.]
19807,[24.]
19808,[22.]
19809,[11.]
19810,[30.]
19811,[255.]
19947,[12.]
19948,[10.]
19949,[10.]
19950,[34.]
19951,[11.]
19952,[15.]
20087,[14.]
20088,[14.]
20089,[255.]
20090,[29.]
20091,[13.]
20092,[10.]
20227,[18.]
20228,[13.]
20229,[9.]
20230,[12.]
20231,[19.]
20232,[11.]
20368,[12.]
20369,[9.]
20370,[9.]
20371,[13.]
20508,[21.]
20509,[11.]
20510,[10.]
20511,[12.]
20648,[25.]
20649,[23.]
20650,[26.]
12128,[20.]
12129,[17.]
12269,[11.]
11152,[13.]
11156,[15.]
12130,[15.]
12270,[17.]
12410,[16.]
12550,[28.]
11292,[19.]
11293,[13.]
11294,[14.]
11295,[15.]
11296,[13.]
11432,[19.]
11433,[12.]
11434,[18.]
11435,[15.]
11436,[16.]
11572,[12.]
11573,[12.]
11574,[21.]
11575,[15.]
11576,[15.]
11711,[21.]
11712,[22.]
11713,[17.]
11714,[22.]
11715,[16.]
11716,[16.]
11717,[14.]
11849,[15.]
11850,[19.]
11851,[19.]
11852,[23.]
11853,[18.]
11854,[18.]
11855,[14.]
11856,[15.]
11857,[9.]
11989,[15.]
11990,[15.]
11991,[12.]
11992,[15.]
11993,[18.]
11994,[17.]
11995,[14.]
11996,[14.]
11997,[10.]
12131,[16.]
12132,[19.]
12133,[18.]
12134,[24.]
12135,[18.]
12136,[16.]
12137,[28.]
12138,[40.]
12271,[16.]
12272,[15.]
12273,[32.]
12274,[33.]
12275,[23.]
12276,[25.]
12277,[255.]
12411,[23.]
12412,[36.]
12413,[31.]
12414,[21.]
12415,[255.]
12551,[36.]
12552,[27.]
12553,[24.]
12691,[27.]
7883,[25.]
8163,[14.]
8033,[11.]
8173,[14.]
8313,[16.]
8314,[14.]
8453,[16.]
8454,[19.]
8593,[11.]
8594,[11.]
8733,[20.]
8734,[14.]
8735,[15.]
8873,[22.]
8874,[14.]
8875,[13.]
7465,[18.]
7466,[14.]
7605,[15.]
7606,[16.]
7745,[11.]
7746,[19.]
7884,[20.]
7885,[14.]
7886,[22.]
8024,[15.]
8025,[21.]
8026,[15.]
8164,[19.]
8166,[21.]
8306,[17.]
8445,[15.]
8446,[16.]
8585,[15.]
8586,[18.]
8725,[15.]
8726,[20.]
8866,[21.]
8867,[27.]
8868,[19.]
8869,[22.]
8870,[20.]
8871,[16.]
9008,[24.]
9009,[19.]
9010,[24.]
9011,[20.]
9012,[18.]
9014,[17.]
9151,[22.]
7607,[16.]
7747,[17.]
7748,[22.]
7887,[14.]
7888,[15.]
7889,[21.]
8027,[18.]
8028,[16.]
8029,[21.]
8031,[12.]
8032,[13.]
8167,[19.]
8168,[20.]
8169,[19.]
8170,[18.]
8171,[13.]
8172,[12.]
8307,[14.]
8308,[21.]
8309,[22.]
8310,[18.]
8311,[10.]
8312,[12.]
8447,[17.]
8448,[17.]
8449,[16.]
8450,[15.]
8451,[16.]
8452,[16.]
8587,[16.]
8588,[11.]
8589,[18.]
8590,[14.]
8591,[17.]
8592,[14.]
8727,[19.]
8728,[21.]
8729,[20.]
8730,[23.]
8731,[13.]
8732,[15.]
11687,[27.]
12107,[21.]
12108,[33.]
12247,[17.]
12248,[38.]
12387,[34.]
12388,[33.]
12527,[28.]
12528,[25.]
12529,[31.]
12667,[255.]
12668,[28.]
12808,[33.]
10699,[24.]
10836,[20.]
10837,[18.]
10838,[16.]
10839,[21.]
10976,[22.]
10977,[26.]
10978,[25.]
10979,[26.]
11115,[20.]
11116,[20.]
11117,[24.]
11118,[20.]
11119,[25.]
11257,[17.]
11258,[25.]
11259,[25.]
11260,[32.]
11399,[35.]
11400,[26.]
12386,[26.]
11541,[255.]
11542,[30.]
11543,[31.]
11544,[31.]
11545,[16.]
11684,[30.]
11685,[17.]
11825,[26.]
11965,[26.]
12105,[31.]
10700,[19.]
10840,[21.]
10980,[29.]
10981,[19.]
11120,[23.]
11121,[28.]
11122,[28.]
11261,[29.]
11262,[35.]
11263,[33.]
11401,[30.]
11402,[33.]
11403,[30.]
11404,[27.]
11405,[20.]
11546,[15.]
11686,[19.]
11966,[30.]
12106,[27.]
12246,[26.]
10607,[17.]
10747,[12.]
10887,[18.]
10888,[13.]
11027,[14.]
11028,[16.]
11167,[19.]
11307,[18.]
11308,[21.]
11447,[12.]
11448,[20.]
11449,[20.]
11017,[18.]
11157,[16.]
10466,[13.]
10604,[17.]
10605,[13.]
10606,[13.]
10744,[14.]
10745,[15.]
10746,[12.]
10881,[12.]
10882,[12.]
10883,[17.]
10884,[18.]
10885,[13.]
10886,[14.]
11158,[13.]
11297,[15.]
11298,[20.]
11437,[11.]
11438,[12.]
11577,[12.]
11578,[14.]
11718,[11.]
11858,[16.]
11998,[8.]
11018,[13.]
11019,[14.]
11020,[11.]
11021,[14.]
11022,[11.]
11023,[14.]
11024,[13.]
11025,[13.]
11026,[14.]
11159,[13.]
11160,[12.]
11161,[13.]
11162,[13.]
11163,[13.]
11164,[13.]
11165,[14.]
11166,[12.]
11299,[14.]
11300,[12.]
11301,[15.]
11302,[11.]
11303,[14.]
11304,[15.]
11305,[16.]
11306,[11.]
11439,[13.]
11440,[12.]
11441,[16.]
11442,[14.]
11443,[16.]
11444,[12.]
11445,[17.]
11446,[19.]
11579,[16.]
11580,[15.]
11581,[15.]
11582,[16.]
11583,[18.]
11584,[20.]
11585,[18.]
11586,[24.]
11587,[16.]
11588,[18.]
11589,[35.]
11719,[19.]
11720,[14.]
11721,[12.]
11722,[16.]
11723,[19.]
11724,[24.]
11725,[24.]
11726,[31.]
11727,[43.]
11728,[35.]
11859,[10.]
11860,[15.]
11861,[11.]
11862,[23.]
11863,[23.]
11864,[34.]
11865,[15.]
11999,[11.]
12000,[17.]
12001,[31.]
12139,[16.]
13515,[33.]
13519,[34.]
13520,[35.]
13521,[32.]
13522,[31.]
13655,[39.]
13656,[32.]
13657,[29.]
13658,[31.]
13659,[31.]
13660,[32.]
13661,[31.]
13662,[33.]
13663,[34.]
13797,[30.]
13798,[31.]
13799,[32.]
13800,[32.]
13801,[29.]
13802,[33.]
13803,[29.]
13938,[36.]
13939,[34.]
13940,[33.]
13941,[32.]
13942,[31.]
14078,[37.]
14079,[30.]
14080,[34.]
14081,[38.]
14218,[36.]
14219,[39.]
14220,[41.]
14221,[25.]
14358,[35.]
14359,[26.]
14360,[33.]
14499,[32.]
14500,[35.]
26083,[15.]
26084,[18.]
26087,[10.]
26223,[14.]
26224,[20.]
26225,[29.]
26227,[12.]
26362,[29.]
26363,[16.]
26364,[14.]
26366,[46.]
26367,[12.]
26500,[34.]
26501,[36.]
26502,[12.]
26503,[13.]
26504,[17.]
26505,[14.]
26506,[37.]
26507,[13.]
26640,[43.]
26641,[37.]
26642,[17.]
26643,[18.]
26644,[34.]
26645,[14.]
26646,[11.]
26647,[21.]
26780,[34.]
26781,[31.]
26782,[11.]
26783,[17.]
26784,[15.]
26785,[13.]
26786,[15.]
26787,[255.]
26920,[44.]
26921,[33.]
26922,[15.]
26923,[21.]
26924,[16.]
26925,[17.]
26926,[15.]
26927,[23.]
27060,[42.]
27061,[33.]
27062,[37.]
27063,[30.]
27064,[14.]
27065,[15.]
27066,[13.]
27067,[17.]
27200,[36.]
27201,[27.]
27202,[16.]
27203,[16.]
27204,[15.]
27205,[13.]
