,id,lat,lon,country,Crop,State,Fraction,harv_area,curr_yield,max_yield,gw_depth,HubName,sw_dist,sw_depth,elevation,awsc,sw_suit_idx,prec_1,prec_2,prec_3,prec_4,prec_5,prec_6,prec_7,prec_8,prec_9,prec_10,prec_11,prec_12,srad_1,srad_2,srad_3,srad_4,srad_5,srad_6,srad_7,srad_8,srad_9,srad_10,srad_11,srad_12,tavg_1,tavg_2,tavg_3,tavg_4,tavg_5,tavg_6,tavg_7,tavg_8,tavg_9,tavg_10,tavg_11,tavg_12,tmax_1,tmax_2,tmax_3,tmax_4,tmax_5,tmax_6,tmax_7,tmax_8,tmax_9,tmax_10,tmax_11,tmax_12,tmin_1,tmin_2,tmin_3,tmin_4,tmin_5,tmin_6,tmin_7,tmin_8,tmin_9,tmin_10,tmin_11,tmin_12,wind_1,wind_2,wind_3,wind_4,wind_5,wind_6,wind_7,wind_8,wind_9,wind_10,wind_11,wind_12,ETo_1,ETo_2,ETo_3,ETo_4,ETo_5,ETo_6,ETo_7,ETo_8,ETo_9,ETo_10,ETo_11,ETo_12,Mode,init_start,init_end,dev_start,dev_end,mid_start,mid_end,late_start,late_end,init_start_month,init_end_month,init_days,dev_start_month,dev_end_month,dev_days,mid_start_month,mid_end_month,mid_days,late_start_month,late_end_month,late_days,kc_1,kc_2,kc_3,kc_4,kc_5,kc_6,kc_7,kc_8,kc_9,kc_10,kc_11,kc_12,ETc_1,ETc_2,ETc_3,ETc_4,ETc_5,ETc_6,ETc_7,ETc_8,ETc_9,ETc_10,ETc_11,ETc_12,precipitation_annual,rd,da,sf,eff_1,eff_2,eff_3,eff_4,eff_5,eff_6,eff_7,eff_8,eff_9,eff_10,eff_11,eff_12,IRn_1,IRn_2,IRn_3,IRn_4,IRn_5,IRn_6,IRn_7,IRn_8,IRn_9,IRn_10,IRn_11,IRn_12,IRnd_1,IRnd_2,IRnd_3,IRnd_4,IRnd_5,IRnd_6,IRnd_7,IRnd_8,IRnd_9,IRnd_10,IRnd_11,IRnd_12,PCWR_1,PCWR_2,PCWR_3,PCWR_4,PCWR_5,PCWR_6,PCWR_7,PCWR_8,PCWR_9,PCWR_10,PCWR_11,PCWR_12,harvested_1,PWD_1,SSWD_1,harvested_2,PWD_2,SSWD_2,harvested_3,PWD_3,SSWD_3,harvested_4,PWD_4,SSWD_4,harvested_5,PWD_5,SSWD_5,harvested_6,PWD_6,SSWD_6,harvested_7,PWD_7,SSWD_7,harvested_8,PWD_8,SSWD_8,harvested_9,PWD_9,SSWD_9,harvested_10,PWD_10,SSWD_10,harvested_11,PWD_11,SSWD_11,harvested_12,PWD_12,SSWD_12,tdh_gw,tdh_sw,PD_E_gw_1,PD_E_sw_1,ED_E_gw_1,ED_E_sw_1,PD_E_gw_2,PD_E_sw_2,ED_E_gw_2,ED_E_sw_2,PD_E_gw_3,PD_E_sw_3,ED_E_gw_3,ED_E_sw_3,PD_E_gw_4,PD_E_sw_4,ED_E_gw_4,ED_E_sw_4,PD_E_gw_5,PD_E_sw_5,ED_E_gw_5,ED_E_sw_5,PD_E_gw_6,PD_E_sw_6,ED_E_gw_6,ED_E_sw_6,PD_E_gw_7,PD_E_sw_7,ED_E_gw_7,ED_E_sw_7,PD_E_gw_8,PD_E_sw_8,ED_E_gw_8,ED_E_sw_8,PD_E_gw_9,PD_E_sw_9,ED_E_gw_9,ED_E_sw_9,PD_E_gw_10,PD_E_sw_10,ED_E_gw_10,ED_E_sw_10,PD_E_gw_11,PD_E_sw_11,ED_E_gw_11,ED_E_sw_11,PD_E_gw_12,PD_E_sw_12,ED_E_gw_12,ED_E_sw_12,PD_E_gw_max,PD_E_sw_max,PD_E,gross_an_irrig_req,PWD_max,Annual_elec_demand
451,5,-21.72251,33.17195,moz,maize,Mabote,0.00056691,0.046429929,4500,6000,4.262271791,10589,13814.337230000001,126,141.0128805,89.27882615,9999,121.1952,124.7988,66.7988,29.2012,14.0672,10.0,3.0,4.0,6.0,29.5976,76.8116784,125.4362392,21137.48696,20451.15016,18960.67293,16343.2936,14589.5084,12672.99784,13308.5252,15405.524,18791.887069999997,20388.76555,21010.57981,20721.61478,27.417423600000003,26.920119699999997,26.22012046,24.89999962,21.79999924,19.39999962,18.89999962,21.0,24.10000038,25.88929566,27.28929548,27.48929604,35.38929736,34.92012122,34.1892966,32.88660122,29.76917579,27.39999962,25.28929548,27.39999962,30.39999962,32.20000076,33.59999847,33.81742356,19.420119699999997,19.02012008,18.28929548,16.920119699999997,13.80269626,11.43082366,12.5,14.62012027,17.70000076,19.5,20.89999962,21.10000038,1.7000000480000002,1.5026960809999999,1.397303896,1.120120029,1.089296101,1.0,1.100000024,1.399999976,1.810703875,1.9892960769999999,1.81883213,1.593879998,5.939465326190609,5.644326584216591,5.221569292493071,4.431352681112551,3.8294788652060108,3.239832957743027,3.231721741899694,3.8821877136435763,4.936904355452728,5.477772474416437,5.688832147525922,5.573285800421935,region_3,01/05,31/07,01/08,30/09,01/10,30/11,01/12,30/12,5,7,91,8,9,60,10,11,60,12,12,29,0.0,0.0,0.0,0.0,0.8,0.8,0.8,0.8066666666666668,0.91,1.0,1.0,0.9724137931034483,0.0,0.0,0.0,0.0,3.0635830921648086,2.591866366194422,2.5853773935197553,3.1316314223391517,4.492582963461983,5.477772474416437,5.688832147525922,5.419539985237882,610.9067176000001,0.79,1.3883919437962056,0.8405124047014596,0.0,0.0,0.0,0.0,3.0635830921648086,2.591866366194422,0.9037904039498025,1.6609582861939136,3.1567671557944124,5.477772474416437,5.688832147525922,5.419539985237882,0.0,0.0,0.0,0.0,0.0,0.0,504.47609687098577,441.2019408435714,400.74474230027107,0.0,0.0,0.0,0.0,0.0,0.0,0.0,0.0,0.0,16.815869895699525,14.706731361452379,13.358158076675702,0.0,0.0,0.0,0.0,0.0,0.0,0.0,0.0,0.0,0.4035808774967886,0.35296155267485707,0.32059579384021686,0.0,0.0,0.0,,,,,,,,,,,,,0.0,0.0,0.0,0.0,0.0,0.0,0.0,0.0,0.0,0.046429929,0.06900202033862474,28.750841807760313,0.046429929,0.06267469450821014,26.114456045087557,0.046429929,0.0,0.0,0.046429929,0.0,0.0,0.046429929,0.0,0.0,5.462271791,27625927.605434503,,,,,,,,,,,,,,,,,0.0,0.0,0.0,0.0,0.0,0.0,0.0,0.0,0.0,0.0,0.0,0.0,0.005282093446036319,26714.65952788569,0.6102316587333839,3086301.1347200605,0.004797737681730369,24264.986975516895,0.5542748256161487,2803294.451809631,0.0,0.0,0.0,0.0,0.0,0.0,0.0,0.0,0.0,0.0,0.0,0.0,0.005282093446036319,26714.65952788569,0.005282093446036319,54.865297852847874,0.24840727321904907,1.3257353650787418
455,28,-21.627979999999997,33.30092,moz,maize,Mabote,0.00191251,0.156634569,4500,6000,7.264091112999999,10472,14635.72535,86,137.6996821,89.28325157,9999,117.6104,130.0,70.3896,30.94452096,15.0,10.52347904,3.0,4.0,6.0,27.0,74.05547904,126.0,21422.00072,20429.28521,18947.443069999998,16348.51261,14549.537769999999,12632.601359999999,13252.8288,15482.1912,18763.8432,20718.1466,21369.13931,21077.47148,27.46658778,27.20000076,26.20000076,25.0,21.79999924,19.39999962,18.90869175,21.10869251,24.0,25.89999962,27.10000038,27.29999924,35.114238799999995,34.90000153,33.90000153,32.70000076,29.5,27.10000038,25.21424055,27.46658778,30.29999924,32.20000076,33.40000153,33.59999847,19.79445142,19.552348100000003,18.552348100000003,17.35234734,14.10000038,11.78576014,12.60000038,14.80000019,17.70000076,19.59130825,20.79999924,20.99130787,1.7000000480000002,1.4665878959999998,1.3779199709999999,1.100000024,1.094452119,1.0,1.100000024,1.399999976,1.7999999519999998,2.166587904,2.1334120480000003,1.399999976,5.9552540586732725,5.6149942035015785,5.17299985460083,4.396743803816118,3.7966233428805283,3.203298202885443,3.2129959402358956,3.896596068029834,4.902527437733559,5.579538984949789,5.822115805047176,5.556651148382618,region_3,01/05,31/07,01/08,30/09,01/10,30/11,01/12,30/12,5,7,91,8,9,60,10,11,60,12,12,29,0.0,0.0,0.0,0.0,0.8,0.8,0.8,0.8066666666666668,0.91,1.0,1.0,0.9724137931034483,0.0,0.0,0.0,0.0,3.037298674304423,2.5626385623083543,2.5703967521887168,3.1432541615440663,4.4612999683375385,5.579538984949789,5.822115805047176,5.403364220151373,614.52347904,0.79,1.3884607643412425,0.8405232058904344,0.0,0.0,0.0,0.0,3.037298674304423,2.5626385623083543,0.9035043002491169,1.6614042515467777,3.1546366212891774,5.579538984949789,5.822115805047176,5.403364220151373,0.0,0.0,0.0,0.0,0.0,0.0,500.06773558188,444.5549729991866,391.99900411450824,0.0,0.0,0.0,0.0,0.0,0.0,0.0,0.0,0.0,16.668924519396,14.818499099972886,13.066633470483607,0.0,0.0,0.0,0.0,0.0,0.0,0.0,0.0,0.0,0.400054188465504,0.35564397839934925,0.31359920329160657,0.0,0.0,0.0,,,,,,,,,,,,,0.0,0.0,0.0,0.0,0.0,0.0,0.0,0.0,0.0,0.156634569,0.23455217378537846,97.73007241057437,0.156634569,0.20682305703715442,86.17627376548103,0.156634569,0.0,0.0,0.156634569,0.0,0.0,0.156634569,0.0,0.0,8.464091112999999,29268576.254612107,,,,,,,,,,,,,,,,,0.0,0.0,0.0,0.0,0.0,0.0,0.0,0.0,0.0,0.0,0.0,0.0,0.0278221545892556,96208.18612320081,3.2142482366112484,11114775.15524576,0.024532976917858128,84834.30720282813,2.834254893670325,9800769.435596863,0.0,0.0,0.0,0.0,0.0,0.0,0.0,0.0,0.0,0.0,0.0,0.0,0.0278221545892556,96208.18612320081,0.0278221545892556,183.9063461760554,0.8443878256273625,6.885933752513908
456,34,-21.58984,33.50458,moz,maize,Mabote,0.00665775,0.545269725,4500,6000,6.765303487000001,10408,16932.64321,85,143.7192003,89.28998776,9999,122.4027277,137.01392769999998,74.0,32.96432768,15.98607232,11.0,4.0,5.0,7.0,27.0,74.0,134.0356723,21247.900680000002,20362.53079,18954.27609,16279.50955,14482.763140000001,12600.68031,13081.8042,15350.817509999999,18703.632019999997,20720.76925,21325.9152,20910.87432,26.79999924,26.42451248,25.82807934,24.62808049,21.72808033,19.39999962,19.0,21.10000038,23.72808033,25.60000038,26.72808033,26.52451286,34.22451302,33.82451270000001,33.22808033,32.02807957,29.12808049,26.79999924,25.20000076,27.32807934,29.92807973,31.82668657,32.9280811,32.65615869,19.39999962,19.02312009,18.49643275,17.20000076,14.37191978,12.0,12.77331286,14.89999962,17.5,19.39999962,20.5,20.32311939,1.7000000480000002,1.4719199930000002,1.328079959,1.200000048,1.098607256,1.0,1.100000024,1.399999976,1.7999999519999998,2.3013927219999997,2.071919931,1.530254471,5.813086824579814,5.50105787371872,5.083046408207425,4.380378088780593,3.748305331229554,3.1799519759678887,3.1795950485355218,3.8577513584786756,4.854136818922394,5.563179749382507,5.744684685182769,5.47842540257632,region_3,01/05,31/07,01/08,30/09,01/10,30/11,01/12,30/12,5,7,91,8,9,60,10,11,60,12,12,29,0.0,0.0,0.0,0.0,0.8,0.8,0.8,0.8066666666666668,0.91,1.0,1.0,0.9724137931034483,0.0,0.0,0.0,0.0,2.998644264983643,2.5439615807743112,2.5436760388284174,3.1119194291727985,4.417264505219379,5.563179749382507,5.744684685182769,5.327296425953525,644.4027277,0.79,1.3885655201084404,0.840539646249414,0.0,0.0,0.0,0.0,2.998644264983643,2.5439615807743112,1.6396725635926321,2.373790859356607,3.8397931501434015,5.563179749382507,5.744684685182769,5.327296425953525,0.0,0.0,0.0,0.0,0.0,0.0,271.20104257073564,221.4385709448574,173.2414065227931,0.0,0.0,0.0,0.0,0.0,0.0,0.0,0.0,0.0,9.040034752357855,7.381285698161913,5.77471355075977,0.0,0.0,0.0,0.0,0.0,0.0,0.0,0.0,0.0,0.2169608340565885,0.17715085675588593,0.1385931252182345,0.0,0.0,0.0,,,,,,,,,,,,,0.0,0.0,0.0,0.0,0.0,0.0,0.0,0.0,0.0,0.545269725,0.4067157850391424,169.46491043297598,0.545269725,0.3181921485247886,132.5800618853286,0.545269725,0.0,0.0,0.545269725,0.0,0.0,0.545269725,0.0,0.0,7.965303487000001,33861959.610558294,,,,,,,,,,,,,,,,,0.0,0.0,0.0,0.0,0.0,0.0,0.0,0.0,0.0,0.0,0.0,0.0,0.04540088546050299,193007.45442483545,5.245090403184172,22297837.072526015,0.035519165522958446,150998.4585398577,4.103471382197035,17444606.15139369,0.0,0.0,0.0,0.0,0.0,0.0,0.0,0.0,0.0,0.0,0.0,0.0,0.04540088546050299,193007.45442483545,0.04540088546050299,302.0449723183046,1.4641768261409127,10.642893910914015
464,135,-21.91616,33.569309999999994,moz,maize,Mabote,0.02612346,2.139511374,4500,6000,6.36807251,10664,23585.84597,122,160.52656430000002,89.29136215,9999,124.8776,135.9197142,66.0,31.378,16.2564,10.89748576,3.0,4.0,6.45828576,28.04131424,72.4996,135.9578858,20887.22589,20075.64149,18757.3744,16085.7808,14340.6348,12523.2384,12916.25217,15190.048,18564.95429,20249.54469,20984.00371,20568.99085,26.664109200000002,25.9743599,25.51025146,24.51025146,21.60000038,19.25607991,19.10000038,21.156080600000003,23.56410882,25.26410836,26.45607983,26.37435952,33.77436002,33.13044015,32.67435979,31.664109200000002,28.76410836,26.36410806,25.56410882,27.656080600000003,30.06410882,31.75607991,32.92018842,32.86633179,19.5,18.81827931,18.36410806,17.36410806,14.5,12.10000038,12.60000038,14.60000038,17.10000038,18.76410836,19.91025108,19.87435952,1.654171461,1.5,1.399999976,1.24582858,1.089748597,1.0,1.100000024,1.399999976,1.856079966,1.926308549,1.752262844,1.5903770990000001,5.672685707570141,5.379430674432906,5.022717585205407,4.321839415823133,3.6838845010310086,3.136417552394617,3.1819510299168057,3.875833885015849,4.866963600056485,5.390524507548033,5.6105066527556495,5.457512199515129,region_3,01/05,31/07,01/08,30/09,01/10,30/11,01/12,30/12,5,7,91,8,9,60,10,11,60,12,12,29,0.0,0.0,0.0,0.0,0.8,0.8,0.8,0.8066666666666668,0.91,1.0,1.0,0.9724137931034483,0.0,0.0,0.0,0.0,2.947107600824807,2.5091340419156936,2.5455608239334446,3.126506000579452,4.428936876051401,5.390524507548033,5.6105066527556495,5.30696013883885,635.2862857599999,0.79,1.3885868935077774,0.840543000475614,0.0,0.0,0.0,0.0,2.947107600824807,2.5091340419156936,0.9030322052047618,1.6608315271094443,3.470236957803147,5.390524507548033,5.6105066527556495,5.30696013883885,0.0,0.0,0.0,0.0,0.0,0.0,492.7585856186049,439.7023420410023,287.6099754744764,0.0,0.0,0.0,0.0,0.0,0.0,0.0,0.0,0.0,16.42528618728683,14.656744734700077,9.586999182482547,0.0,0.0,0.0,0.0,0.0,0.0,0.0,0.0,0.0,0.3942068684948839,0.35176187363280187,0.23008798037958114,0.0,0.0,0.0,,,,,,,,,,,,,0.0,0.0,0.0,0.0,0.0,0.0,0.0,0.0,0.0,2.139511374,3.168835914008128,1320.3482975033864,2.139511374,2.07274042544338,863.6418439347417,2.139511374,0.0,0.0,2.139511374,0.0,0.0,2.139511374,0.0,0.0,7.56807251,47167014.2973703,,,,,,,,,,,,,,,,,0.0,0.0,0.0,0.0,0.0,0.0,0.0,0.0,0.0,0.0,0.0,0.0,0.336090319286929,2094638.611623758,38.82796756967579,241990189.586163,0.21983719267592344,1370106.324475349,25.39743306483655,158286153.69406003,0.0,0.0,0.0,0.0,0.0,0.0,0.0,0.0,0.0,0.0,0.0,0.0,0.336090319286929,2094638.611623758,0.336090319286929,2183.9901414381284,11.407809290429261,73.11757049174722
466,158,-22.10211,33.475229999999996,moz,maize,Mabote,0.04002104,3.2777231760000003,4500,6000,5.316817708,10811,11814.9514,116,147.00814680000002,89.28786881,9999,116.39738829999999,129.6441883,58.35581168,30.5276,14.11658832,11.0,3.0,3.0,5.0,24.0,67.0,125.1302117,21272.84941,20208.22261,18785.5881,15999.698680000001,14356.9856,12478.89296,12828.673999999999,15225.874609999999,18707.30819,20633.3896,21326.21419,20989.42118,27.20000076,26.79999924,25.78697827,24.97531991,21.70000076,19.39999962,19.20000076,21.29999924,23.89999962,25.54724018,26.79999924,27.0,34.63558046,34.27531961,33.20000076,32.40000153,29.20000076,26.79999924,25.73558139,27.79999924,30.39999962,32.09999847,33.29999924,33.53558063,19.70000076,19.37531952,18.29999924,17.5,14.30000019,11.89999962,12.69999981,14.73558111,17.3869784,19.0,20.24724004,20.48697878,1.7000000480000002,1.5,1.3355811290000001,1.252759997,1.011658835,1.0,1.100000024,1.399999976,1.7999999519999998,2.34724002,2.0,1.399999976,5.872497629169992,5.51727548457826,5.066142625034321,4.377710876522044,3.686436382786963,3.164922144586966,3.171249398930251,3.894195332427701,4.9168339808998756,5.6243713241776625,5.792105430766956,5.539996526980691,region_3,01/05,31/07,01/08,30/09,01/10,30/11,01/12,30/12,5,7,91,8,9,60,10,11,60,12,12,29,0.0,0.0,0.0,0.0,0.8,0.8,0.8,0.8066666666666668,0.91,1.0,1.0,0.9724137931034483,0.0,0.0,0.0,0.0,2.9491491062295707,2.531937715669573,2.536999519144201,3.141317568158346,4.474318922618887,5.6243713241776625,5.792105430766956,5.3871690365812235,587.1717883,0.79,1.3885325679154497,0.840534474834769,0.0,0.0,0.0,0.0,2.9491491062295707,2.531937715669573,0.9028530371271288,0.9149324216197213,2.445976682058379,5.6243713241776625,5.792105430766956,5.3871690365812235,0.0,0.0,0.0,0.0,0.0,0.0,490.24394460512167,667.9155439615874,608.5026721681525,0.0,0.0,0.0,0.0,0.0,0.0,0.0,0.0,0.0,16.34146482017072,22.26385146538625,20.283422405605084,0.0,0.0,0.0,0.0,0.0,0.0,0.0,0.0,0.0,0.3921951556840973,0.53433243516927,0.486802137734522,0.0,0.0,0.0,,,,,,,,,,,,,0.0,0.0,0.0,0.0,0.0,0.0,0.0,0.0,0.0,3.2777231760000003,7.374289711338249,3072.6207130576036,3.2777231760000003,6.718326943068579,2799.3028929452407,3.2777231760000003,0.0,0.0,3.2777231760000003,0.0,0.0,3.2777231760000003,0.0,0.0,6.5168177080000005,23627571.8178668,,,,,,,,,,,,,,,,,0.0,0.0,0.0,0.0,0.0,0.0,0.0,0.0,0.0,0.0,0.0,0.0,0.6734831520150095,2441800.9303564727,77.8064123972488,282097287.23112494,0.6135750266128442,2224596.214982006,70.885324175456,257003979.98432952,0.0,0.0,0.0,0.0,0.0,0.0,0.0,0.0,0.0,0.0,0.0,0.0,0.6734831520150095,2441800.9303564727,0.6734831520150095,5871.923606002844,26.547442960817698,169.27848519410952
467,162,-21.64695,33.32906,moz,maize,Mabote,0.00155245,0.127145655,4500,6000,3.4349074999999996,10473,16819.994919999997,86,133.0127989,89.28412738,9999,119.866,129.9872,69.0,31.1450848,14.988915200000001,10.9982848,3.0,4.0,6.0,26.0,74.0,126.0,21260.02028,20460.1362,19046.46788,16300.42551,14564.02437,12601.96021,13209.447390000001,15418.5024,18786.83729,20825.585740000002,21286.593080000002,21094.16946,27.39999962,27.10000038,26.20000076,24.89999962,21.79999924,19.39999962,19.0,21.10000038,24.0,25.79999924,27.10000038,27.29999924,35.09999847,34.79999924,33.90000153,32.59999847,29.5,27.10000038,25.29999924,27.48549146,30.29999924,32.09999847,33.40000153,33.59999847,19.70000076,19.39999962,18.5,17.20000076,14.10000038,11.78660014,12.686771400000001,14.80000019,17.70000076,19.5,20.79999924,21.0,1.7000000480000002,1.50110848,1.299999952,1.200000048,1.0,1.0,1.100000024,1.399999976,1.7999999519999998,2.399828575,2.0,1.399999976,5.9185799499554115,5.634619106336417,5.16430794324633,4.433489586641018,3.754677580016127,3.197083079636931,3.2112053375043397,3.8822963696887274,4.906709795316353,5.65064899069506,5.766215053145145,5.558651405715304,region_3,01/05,31/07,01/08,30/09,01/10,30/11,01/12,30/12,5,7,91,8,9,60,10,11,60,12,12,29,0.0,0.0,0.0,0.0,0.8,0.8,0.8,0.8066666666666668,0.91,1.0,1.0,0.9724137931034483,0.0,0.0,0.0,0.0,3.003742064012902,2.5576664637095448,2.568964270003472,3.131719071548907,4.465105913737882,5.65064899069506,5.766215053145145,5.405309297971434,614.9854848,0.79,1.3884743842285185,0.8405253434460457,0.0,0.0,0.0,0.0,3.003742064012902,2.5576664637095448,0.9034781345771821,1.6609870565272145,3.1549087048722777,5.65064899069506,5.766215053145145,5.405309297971434,0.0,0.0,0.0,0.0,0.0,0.0,499.64584062788697,441.21960450650784,393.0591626596812,0.0,0.0,0.0,0.0,0.0,0.0,0.0,0.0,0.0,16.6548613542629,14.707320150216928,13.101972088656039,0.0,0.0,0.0,0.0,0.0,0.0,0.0,0.0,0.0,0.3997166725023096,0.35297568360520626,0.31444733012774495,0.0,0.0,0.0,,,,,,,,,,,,,0.0,0.0,0.0,0.0,0.0,0.0,0.0,0.0,0.0,0.127145655,0.18896557680444934,78.7356570018539,0.127145655,0.16833941790355106,70.14142412647959,0.127145655,0.0,0.0,0.127145655,0.0,0.0,0.127145655,0.0,0.0,4.6349075,33636673.8538149,,,,,,,,,,,,,,,,,0.0,0.0,0.0,0.0,0.0,0.0,0.0,0.0,0.0,0.0,0.0,0.0,0.012274243539406938,89077.23115020653,1.4180233786606729,10290947.533493109,0.01093447308008077,79354.18447034719,1.263241878092919,9167659.775711192,0.0,0.0,0.0,0.0,0.0,0.0,0.0,0.0,0.0,0.0,0.0,0.0,0.012274243539406938,89077.23115020653,0.012274243539406938,148.8770811283335,0.6802760764960176,3.052493242251644
469,179,-22.84226,33.7955,moz,maize,Funhalouro,0.00276119,0.22614146100000002,4500,6000,3.230906371,11367,16553.8559,64,104.89644209999999,89.29665186,9999,121.022848,134.58835200000001,52.017152,29.525503999999998,15.022848000000002,9.4288,4.0,4.0,6.0,26.0,60.548352,122.4288,21449.354180000002,20193.5792,18425.7536,15731.63469,14092.938369999998,12429.29683,12722.2864,14920.56,18397.58605,20308.543999999998,21318.634430000002,20983.4512,27.00171521,26.79999924,26.10000038,25.00400002,22.0,19.60000038,19.60000038,21.59771557,23.80399925,25.54516497,26.79999924,27.15883581,34.54516411,34.29999924,33.64116422,32.59999847,29.5,27.14116534,26.54116496,28.5,30.74516487,32.5,33.70000076,34.09999847,19.5,19.29999924,18.60000038,17.50228481,14.5,12.10000038,12.69999981,14.69599983,16.89999962,18.60000038,19.89999962,20.25883507,1.7999999519999998,1.5,1.299999952,1.1525504359999998,1.0,1.0588352140000001,1.100000024,1.299999952,1.7000000480000002,2.0136703380000003,1.902284777,1.399999976,5.927504165879578,5.521659963914866,4.998886642002711,4.275941650220252,3.654489656689529,3.1930439610319636,3.212761662698397,3.858751670319061,4.872031763078347,5.531906320481713,5.817833159665515,5.601026832790562,region_3,01/05,31/07,01/08,30/09,01/10,30/11,01/12,30/12,5,7,91,8,9,60,10,11,60,12,12,29,0.0,0.0,0.0,0.0,0.8,0.8,0.8,0.8066666666666668,0.91,1.0,1.0,0.9724137931034483,0.0,0.0,0.0,0.0,2.9235917253516233,2.554435168825571,2.570209330158718,3.1127263473907094,4.433548904401296,5.531906320481713,5.817833159665515,5.446515747748064,584.582656,0.79,1.3886691547903875,0.8405559097615661,0.0,0.0,0.0,0.0,2.9235917253516233,2.554435168825571,1.640661387378816,1.6603537916150468,3.152834561555194,5.531906320481713,5.817833159665515,5.446515747748064,0.0,0.0,0.0,0.0,0.0,0.0,278.8643828339706,435.7117667326987,384.2143028538308,0.0,0.0,0.0,0.0,0.0,0.0,0.0,0.0,0.0,9.29547942779902,14.523725557756624,12.807143428461027,0.0,0.0,0.0,0.0,0.0,0.0,0.0,0.0,0.0,0.22309150626717647,0.348569413386159,0.3073714422830646,0.0,0.0,0.0,,,,,,,,,,,,,0.0,0.0,0.0,0.0,0.0,0.0,0.0,0.0,0.0,0.22614146100000002,0.33189893222340616,138.29122175975257,0.22614146100000002,0.29267127169502916,121.94636320626215,0.22614146100000002,0.0,0.0,0.22614146100000002,0.0,0.0,0.22614146100000002,0.0,0.0,4.430906371,33104442.925262097,,,,,,,,,,,,,,,,,0.0,0.0,0.0,0.0,0.0,0.0,0.0,0.0,0.0,0.0,0.0,0.0,0.020609592064910982,153979.57146898608,2.380992627274799,17789009.27606363,0.01817371173310422,135780.4820129689,2.09957933715781,15686498.091882236,0.0,0.0,0.0,0.0,0.0,0.0,0.0,0.0,0.0,0.0,0.0,0.0,0.020609592064910982,153979.57146898608,0.020609592064910982,260.2375849660147,1.1948361560042622,5.100918534040299
472,197,-23.09797,33.90252,moz,maize,Funhalouro,5.8299999999999994e-05,0.004775589,4500,6000,3.52868422,11532,9756.186598,54,85.20573545,89.29956853,9999,124.5716,130.9493354,56.0,28.10946464,17.53786464,10.0,5.20573536,5.20573536,8.8024,30.0588,65.00813536,120.3608061,21235.27207,20079.65173,18433.0578,15732.33405,13961.141000000001,12260.89685,12633.02337,14898.64203,18218.11926,19988.983780000002,20954.15787,20769.36663,27.20000076,27.0,26.29999924,25.20000076,22.20000076,19.89999962,19.79999924,21.70000076,23.89999962,25.70000076,26.89999962,27.29999924,34.70000076,34.5,33.79999924,32.70000076,29.70000076,27.39999962,26.79999924,28.75966632,30.89999962,32.71976046,33.97942678,34.29999924,19.60000038,19.5,18.79999924,17.60000038,14.64033369,12.30000019,12.80000019,14.69999981,16.89999962,18.70000076,19.89999962,20.20506715,1.635267104,1.405066441,1.200000048,1.025640006,1.0,1.005066465,1.079426483,1.299999952,1.7205735640000002,1.8205734930000002,1.839092914,1.794933493,5.848884878281086,5.472719203470004,4.969166923698501,4.234852039361685,3.6453429062886764,3.1626456399240963,3.2087270386927393,3.8721209714481315,4.865669908643048,5.425336516915317,5.746266351693648,5.746047150331696,region_3,01/05,31/07,01/08,30/09,01/10,30/11,01/12,30/12,5,7,91,8,9,60,10,11,60,12,12,29,0.0,0.0,0.0,0.0,0.8,0.8,0.8,0.8066666666666668,0.91,1.0,1.0,0.9724137931034483,0.0,0.0,0.0,0.0,2.9162743250309413,2.5301165119392772,2.5669816309541917,3.1235109169681596,4.427759616865174,5.425336516915317,5.746266351693648,5.587535504805305,601.80987686,0.79,1.3887145124782665,0.8405630275138894,0.0,0.0,0.0,0.0,2.9162743250309413,2.5301165119392772,2.4873943537123115,2.5180257037695797,4.427759616865174,5.425336516915317,5.746266351693648,5.587535504805305,0.0,0.0,0.0,0.0,0.0,0.0,23.87618317256411,181.64556395957405,0.0,0.0,0.0,0.0,0.0,0.0,0.0,0.0,0.0,0.0,0.7958727724188037,6.054852131985801,0.0,0.0,0.0,0.0,0.0,0.0,0.0,0.0,0.0,0.0,0.019100946538051288,0.14531645116765923,0.0,0.0,0.0,0.0,,,,,,,,,,,,,0.0,0.0,0.0,0.0,0.0,0.0,0.0,0.0,0.0,0.004775589,0.002921985876696045,1.2174941152900187,0.004775589,0.0,0.0,0.004775589,0.0,0.0,0.004775589,0.0,0.0,0.004775589,0.0,0.0,4.728684220000001,19510454.16441585,,,,,,,,,,,,,,,,,0.0,0.0,0.0,0.0,0.0,0.0,0.0,0.0,0.0,0.0,0.0,0.0,0.0001936374669225392,798.9442193934005,0.022370621390983125,92300.72531218355,0.0,0.0,0.0,0.0,0.0,0.0,0.0,0.0,0.0,0.0,0.0,0.0,0.0,0.0,0.0,0.0,0.0001936374669225392,798.9442193934005,0.0001936374669225392,1.2174941152900187,0.010519149156105762,0.02546789074633565
475,229,-21.46892,33.663070000000005,moz,maize,Mabote,0.00222828,0.182496132,4500,6000,10.6515453,10367,7561.335902,66,118.98425900000001,89.29543644,9999,125.0,144.702,79.0684,31.80180928,15.56459072,10.0,4.0,5.0,8.0,27.78610464,75.0,138.0526954,21187.217999999997,20293.35455,18890.5436,16409.03837,14514.952519999999,12638.96629,13032.40079,15441.8424,18648.85696,20645.50295,21251.9316,20882.9884,26.70000076,26.32295932,25.72296041,24.52296009,21.80156971,19.42295971,19.12296047,21.12296047,23.39999962,25.20000076,26.5,26.121389999999998,34.22296041,33.92296118,33.30156974,32.02979961,29.32822888,27.0,25.30156971,27.30156971,29.60000038,31.39999962,32.70000076,32.29999924,19.10000038,18.79999924,18.20000076,17.0,14.30000019,11.89999962,13.0,15.0,17.20000076,19.09473083,20.32138885,19.92295971,1.7000000480000002,1.399999976,1.399999976,1.0801809470000001,1.028229543,1.0,1.177040042,1.399999976,1.826659031,2.219819097,2.0,1.399999976,5.819279924563027,5.461314829600484,5.113454348028001,4.3517658935531855,3.7400480239162865,3.197555415711223,3.192014890704735,3.8657755261474387,4.813498660793231,5.4650103409461295,5.675678985594424,5.3945599405468725,region_3,01/05,31/07,01/08,30/09,01/10,30/11,01/12,30/12,5,7,91,8,9,60,10,11,60,12,12,29,0.0,0.0,0.0,0.0,0.8,0.8,0.8,0.8066666666666668,0.91,1.0,1.0,0.9724137931034483,0.0,0.0,0.0,0.0,2.9920384191330296,2.558044332568979,2.553611912563788,3.1183922577589342,4.3802837813218405,5.4650103409461295,5.675678985594424,5.245744493911097,663.97560004,0.79,1.3886502535636454,0.8405529436369168,0.0,0.0,0.0,0.0,2.9920384191330296,2.558044332568979,1.6400568393736878,2.3741663588969297,4.3802837813218405,5.4650103409461295,5.675678985594424,5.245744493911097,0.0,0.0,0.0,0.0,0.0,0.0,274.0665219570301,223.26776965860134,0.0,0.0,0.0,0.0,0.0,0.0,0.0,0.0,0.0,0.0,9.135550731901002,7.442258988620044,0.0,0.0,0.0,0.0,0.0,0.0,0.0,0.0,0.0,0.0,0.21925321756562405,0.17861421572688108,0.0,0.0,0.0,0.0,,,,,,,,,,,,,0.0,0.0,0.0,0.0,0.0,0.0,0.0,0.0,0.0,0.182496132,0.13724801469629208,57.1866727901217,0.182496132,0.0,0.0,0.182496132,0.0,0.0,0.182496132,0.0,0.0,0.182496132,0.0,0.0,11.8515453,15121213.521078601,,,,,,,,,,,,,,,,,0.0,0.0,0.0,0.0,0.0,0.0,0.0,0.0,0.0,0.0,0.0,0.0,0.022795652047164522,29084.639448442835,2.63354457901323,3360101.0575842895,0.0,0.0,0.0,0.0,0.0,0.0,0.0,0.0,0.0,0.0,0.0,0.0,0.0,0.0,0.0,0.0,0.022795652047164522,29084.639448442835,0.022795652047164522,57.1866727901217,0.4940928529066515,2.9981655154625053
485,378,-22.15877,34.120909999999995,moz,maize,Mabote,0.01949928,1.5969910319999998,4500,6000,0.14418741599999998,10704,2956.869205,156,156.0336504,89.30882519,1,118.9949179,138.4476,67.00411792,27.55143584,20.0,11.0,4.0,5.0,7.0092,26.0,65.99491792,138.0092,21099.27444,20184.15319,18682.182230000002,16107.472430000002,14165.71559,12446.32948,12851.8952,15180.68013,18534.569880000003,20495.9908,21352.17279,20816.7552,25.84434761,25.04476017,24.89999962,23.89999962,21.39999962,18.79999924,18.95473162,20.70000076,22.60000038,24.40041141,25.64526876,25.74476008,33.1447595,32.3900278,32.24476008,31.20041255,28.74476008,26.14526876,25.89999962,27.70000076,29.54526838,31.34526762,32.6447595,32.74476008,18.44475979,17.74476008,17.60000038,16.554732,14.05524021,11.5,12.0,13.69999981,15.60000038,17.40041141,18.70000076,18.74476008,1.7000000480000002,1.455651781,1.244760005,1.0,1.100000024,1.100000024,1.100000024,1.5,1.7999999519999998,2.299999952,2.0005082080000003,1.399079976,5.689281136435955,5.318658581421482,4.910516066924641,4.191642660174201,3.6621740433172922,3.1458588981817748,3.201690500225974,3.925901192928718,4.834845495586829,5.549882982776138,5.7498159335868,5.4551892078439845,region_3,01/05,31/07,01/08,30/09,01/10,30/11,01/12,30/12,5,7,91,8,9,60,10,11,60,12,12,29,0.0,0.0,0.0,0.0,0.8,0.8,0.8,0.8066666666666668,0.91,1.0,1.0,0.9724137931034483,0.0,0.0,0.0,0.0,2.929739234653834,2.51668711854542,2.5613524001807795,3.1668936289624994,4.3997094009840145,5.549882982776138,5.7498159335868,5.3047012296965645,629.01138958,0.79,1.3888584645520634,0.8405856160435954,0.0,0.0,0.0,0.0,2.929739234653834,2.51668711854542,1.640399813457158,2.376792526842209,3.8447658260248994,5.549882982776138,5.7498159335868,5.3047012296965645,0.0,0.0,0.0,0.0,0.0,0.0,276.2857760170864,237.03033063608714,166.48307248773463,0.0,0.0,0.0,0.0,0.0,0.0,0.0,0.0,0.0,9.209525867236213,7.901011021202905,5.549435749591154,0.0,0.0,0.0,0.0,0.0,0.0,0.0,0.0,0.0,0.2210286208136691,0.1896242645088697,0.13318645799018772,0.0,0.0,0.0,,,,,,,,,,,,,0.0,0.0,0.0,0.0,0.0,0.0,0.0,0.0,0.0,1.5969910319999998,1.2750663152432036,531.2776313513348,1.5969910319999998,0.8955687536596821,373.15364735820094,1.5969910319999998,0.0,0.0,1.5969910319999998,0.0,0.0,1.5969910319999998,0.0,0.0,1.344187416,592.4074914,,,,,,,,,,,,,,,,,0.0,0.0,0.0,0.0,0.0,0.0,0.0,0.0,0.0,0.0,0.0,0.0,0.02401947802429444,10.58581456107732,2.7749312022630344,1222.9619268658814,0.016870568801490543,7.435162108512193,1.949029355252051,858.9721769942734,0.0,0.0,0.0,0.0,0.0,0.0,0.0,0.0,0.0,0.0,0.0,0.0,0.02401947802429444,10.58581456107732,0.02401947802429444,904.4312787095357,4.590238734875533,5.3780048960680995
486,394,-21.806639999999998,33.52525,moz,maize,Mabote,0.01023062,0.8378877779999999,4500,6000,1.260689887,10585,21146.525709999998,133,141.5562998,89.29017154,9999,118.2332,133.902696,67.512192,32.0,16.47,11.0,3.0,4.0,6.0,26.0,70.0,132.2332,21245.4064,20242.56137,18824.585730000003,16132.6133,14384.6969,12536.6432,13021.8996,15312.272490000001,18669.66389,20633.8175,21396.80053,20834.54185,27.23305066,27.08426992,26.11732045,24.98426954,21.78426908,19.39999962,19.10000038,21.20000076,23.89999962,25.70000076,26.89999962,27.13305091,34.68004945,34.51731974,33.54699928,32.44700081,29.20000076,26.84699942,25.60000038,27.70000076,30.39999962,32.20000076,33.40000153,33.64699955,19.78426908,19.63305091,18.67032065,17.53726974,14.30000019,12.0,12.60000038,14.68605029,17.39999962,19.20000076,20.38426916,20.63305091,1.7000000480000002,1.452999989,1.399999976,1.299999952,1.100000024,1.0,1.100000024,1.399999976,1.786050366,2.223319992,2.200000048,1.707589605,5.861759154637628,5.533108604587468,5.125087462956173,4.424814963610731,3.7452473235542576,3.167516937773976,3.200765804365747,3.896474001114398,4.902780289950591,5.595812436841029,5.869647620137206,5.619931545616831,region_3,01/05,31/07,01/08,30/09,01/10,30/11,01/12,30/12,5,7,91,8,9,60,10,11,60,12,12,29,0.0,0.0,0.0,0.0,0.8,0.8,0.8,0.8066666666666668,0.91,1.0,1.0,0.9724137931034483,0.0,0.0,0.0,0.0,2.996197858843406,2.5340135502191807,2.5606126434925978,3.143155694232281,4.4615300638550375,5.595812436841029,5.869647620137206,5.4648989512549875,620.3512880000001,0.79,1.3885683781060467,0.8405400947703832,0.0,0.0,0.0,0.0,2.996197858843406,2.5340135502191807,0.9033280589965634,1.6614340367345366,3.1547159722793268,5.595812436841029,5.869647620137206,5.4648989512549875,0.0,0.0,0.0,0.0,0.0,0.0,497.18537534881034,444.5164972493233,392.04422747271326,0.0,0.0,0.0,0.0,0.0,0.0,0.0,0.0,0.0,16.572845844960344,14.817216574977444,13.068140915757109,0.0,0.0,0.0,0.0,0.0,0.0,0.0,0.0,0.0,0.3977483002790483,0.35561319779945866,0.31363538197817065,0.0,0.0,0.0,,,,,,,,,,,,,0.0,0.0,0.0,0.0,0.0,0.0,0.0,0.0,0.0,0.8378877779999999,1.2545850616070018,522.7437756695841,0.8378877779999999,1.106489487612087,461.0372865050362,0.8378877779999999,0.0,0.0,0.8378877779999999,0.0,0.0,0.8378877779999999,0.0,0.0,2.460689887,42288831.6711578,,,,,,,,,,,,,,,,,0.0,0.0,0.0,0.0,0.0,0.0,0.0,0.0,0.0,0.0,0.0,0.0,0.04326412889687924,743527.0384883734,4.9982343951542445,85898468.59872475,0.038157080998376225,655758.5268781438,4.408225463624844,75758715.30362517,0.0,0.0,0.0,0.0,0.0,0.0,0.0,0.0,0.0,0.0,0.0,0.0,0.04326412889687924,743527.0384883734,0.04326412889687924,983.7810621746203,4.516506221785207,10.708808119641134
488,397,-21.55655,33.87169,moz,maize,Mabote,0.02978164,2.439116316,4500,6000,2.438364921,10537,3878.3371840000004,118,125.3223983,89.30204965,1,126.6112,148.32999840000002,78.74340079999999,33.0,17.0,12.0,5.0,6.0,8.0,27.0,73.0,142.0,21047.5948,20181.85743,18853.08235,16302.375,14397.1196,12500.33237,12897.3908,15209.3342,18621.65503,20586.99337,21242.63477,20813.19477,26.29999924,25.5,25.29999924,24.20000076,21.70000076,19.36405956,19.20000076,21.0,22.88971958,24.70000076,25.79999924,25.89999962,33.48972016,32.70000076,32.49705996,31.38971958,28.96405994,26.56406032,25.51028004,27.39999962,29.29999924,31.10000038,32.20000076,32.21028061,19.10000038,18.29999924,18.10000038,17.0,14.51028004,12.11028032,12.7970601,14.59706029,16.48971996,18.36405956,19.39705953,19.49705991,1.7000000480000002,1.399999976,1.37434005,1.189720045,1.100000024,1.0,1.200000048,1.410279979,1.7999999519999998,2.289719962,2.0,1.299999952,5.691074817408648,5.323449043920148,5.018784575229221,4.3229380057337865,3.712947654868354,3.1451911756897557,3.2086516949683688,3.849682945315676,4.7849131301197465,5.464784308374695,5.644618000928496,5.356363028003077,region_3,01/05,31/07,01/08,30/09,01/10,30/11,01/12,30/12,5,7,91,8,9,60,10,11,60,12,12,29,0.0,0.0,0.0,0.0,0.8,0.8,0.8,0.8066666666666668,0.91,1.0,1.0,0.9724137931034483,0.0,0.0,0.0,0.0,2.9703581238946835,2.516152940551805,2.5669213559746953,3.1054109092213125,4.35427094840897,5.464784308374695,5.644618000928496,5.208601289299544,676.6845992,0.79,1.3887530968455586,0.8405690822277622,0.0,0.0,0.0,0.0,2.9703581238946835,2.516152940551805,2.345590985803891,3.062123448177308,4.35427094840897,5.464784308374695,5.644618000928496,5.208601289299544,0.0,0.0,0.0,0.0,0.0,0.0,66.39911105124128,12.986238313201426,0.0,0.0,0.0,0.0,0.0,0.0,0.0,0.0,0.0,0.0,2.2133037017080426,0.43287461044004755,0.0,0.0,0.0,0.0,0.0,0.0,0.0,0.0,0.0,0.0,0.053119288840993026,0.010388990650561142,0.0,0.0,0.0,0.0,,,,,,,,,,,,,0.0,0.0,0.0,0.0,0.0,0.0,0.0,0.0,0.0,2.439116316,0.10669455411602162,44.45606421500901,2.439116316,0.0,0.0,2.439116316,0.0,0.0,2.439116316,0.0,0.0,2.439116316,0.0,0.0,3.638364921,783.9898351000002,,,,,,,,,,,,,,,,,0.0,0.0,0.0,0.0,0.0,0.0,0.0,0.0,0.0,0.0,0.0,0.0,0.005440257746018248,1.172259205937508,0.6285041228835218,135.42919810355173,0.0,0.0,0.0,0.0,0.0,0.0,0.0,0.0,0.0,0.0,0.0,0.0,0.0,0.0,0.0,0.0,0.005440257746018248,1.172259205937508,0.005440257746018248,44.45606421500901,0.3841003948176778,0.715522115164437
494,448,-22.025370000000002,33.88392,moz,maize,Mabote,0.01494654,1.2241216259999999,4500,6000,6.291696175,10750,17658.568519999997,121,146.2029175,89.30138812,9999,114.4296,133.6894742,64.74012576,27.74012576,16.80427424,10.0,3.0,4.0,7.0,25.0,65.76612576,136.23387419999997,21234.85122,20263.52615,18720.48878,16115.4094,14295.7616,12550.80076,12912.5515,15207.600669999998,18541.42303,20557.160190000002,21390.4076,20883.8212,25.89999962,25.10000038,25.05704022,24.13105308,21.5,18.89999962,19.0,20.79999924,22.63105308,24.56852026,25.96851988,25.5,32.85704054,32.031052100000004,31.98042735,31.05704022,28.39999962,25.89999962,25.51148004,27.31147965,29.16852005,31.056612199999996,32.4255595,31.98809194,19.0,18.15444059,18.10000038,17.20000076,14.5,12.0,12.48851996,14.31190725,16.12338789,18.05704022,19.43105231,18.98851996,1.780427395,1.5,1.297399983,1.0,1.0,1.0,1.100000024,1.399999976,1.7689474059999999,2.299999952,2.116972567,1.4715474169999998,5.672839384902443,5.308545966693083,4.912292601904609,4.17122379699342,3.6202062041195253,3.0962274879202467,3.1746837631267995,3.841942424080088,4.754368605766691,5.483975789360175,5.751263884852316,5.405255239651943,region_3,01/05,31/07,01/08,30/09,01/10,30/11,01/12,30/12,5,7,91,8,9,60,10,11,60,12,12,29,0.0,0.0,0.0,0.0,0.8,0.8,0.8,0.8066666666666668,0.91,1.0,1.0,0.9724137931034483,0.0,0.0,0.0,0.0,2.8961649632956203,2.4769819903361974,2.53974701050144,3.0991668887579378,4.326475431247689,5.483975789360175,5.751263884852316,5.2561447502822345,608.4035999199999,0.79,1.3887428092671688,0.8405674678984906,0.0,0.0,0.0,0.0,2.8961649632956203,2.4769819903361974,0.9029430341138409,1.6598815631682262,3.8322608367305215,5.483975789360175,5.751263884852316,5.2561447502822345,0.0,0.0,0.0,0.0,0.0,0.0,491.04119291627967,431.78559767691354,148.26437835515037,0.0,0.0,0.0,0.0,0.0,0.0,0.0,0.0,0.0,16.368039763875988,14.392853255897117,4.942145945171679,0.0,0.0,0.0,0.0,0.0,0.0,0.0,0.0,0.0,0.39283295433302373,0.3454284781415308,0.1186115026841203,0.0,0.0,0.0,,,,,,,,,,,,,0.0,0.0,0.0,0.0,0.0,0.0,0.0,0.0,0.0,1.2241216259999999,1.7804061908602784,741.8359128584495,1.2241216259999999,0.611346970644163,254.7279044350679,1.2241216259999999,0.0,0.0,1.2241216259999999,0.0,0.0,1.2241216259999999,0.0,0.0,7.491696175,35313631.529213496,,,,,,,,,,,,,,,,,0.0,0.0,0.0,0.0,0.0,0.0,0.0,0.0,0.0,0.0,0.0,0.0,0.1869262181037714,881114.694866277,21.59528173811835,101793746.6036474,0.06418578960146903,302552.7558047161,7.415279804451061,34953427.44600865,0.0,0.0,0.0,0.0,0.0,0.0,0.0,0.0,0.0,0.0,0.0,0.0,0.1869262181037714,881114.694866277,0.1869262181037714,996.5638172935174,6.409462287097003,33.02714747806719
495,469,-21.61562,33.74437,moz,maize,Mabote,0.00470745,0.385540155,4500,6000,1.807048541,10554,9316.233352,122,141.7346117,89.29775881,9999,123.1098554,142.8244,75.93425536,33.3744,17.20708928,11.10985536,4.6256,5.0,7.0,27.1756,72.69134464,140.5157446,21173.61721,20270.00637,18868.090480000003,16245.944309999999,14382.045619999999,12517.297129999999,12840.4036,15322.56608,18685.08666,20567.1063,21275.044280000002,20774.63666,26.21098613,25.5,25.29999924,24.11098596,21.61098596,19.20000076,19.10000038,21.0,22.86913396,24.48669441,25.79999924,25.79999924,33.40000153,32.66913452,32.46913493,31.31098481,28.79999924,26.31098481,25.39999962,27.29999924,29.16913511,30.81098481,32.09999847,32.09999847,19.10000038,18.36913396,18.148426100000002,17.0,14.5,12.0,12.80000019,14.66913445,16.58012031,18.18669484,19.46913435,19.5,1.7000000480000002,1.41755998,1.299999952,1.237440012,1.06913448,1.0,1.200000048,1.399999976,1.7999999519999998,2.171454497,2.0308655069999997,1.5,5.6960302878233815,5.340966126113449,4.987298842486995,4.316399198286827,3.6840875471751873,3.1341998224648506,3.181523338136796,3.860372054958957,4.778930742775124,5.402516375881675,5.647684292783671,5.388931363570344,region_3,01/05,31/07,01/08,30/09,01/10,30/11,01/12,30/12,5,7,91,8,9,60,10,11,60,12,12,29,0.0,0.0,0.0,0.0,0.8,0.8,0.8,0.8066666666666668,0.91,1.0,1.0,0.9724137931034483,0.0,0.0,0.0,0.0,2.94727003774015,2.5073598579718808,2.545218670509437,3.114033457666892,4.348826975925363,5.402516375881675,5.647684292783671,5.240271188023576,660.5681446399999,0.79,1.3886863691796048,0.840558611148788,0.0,0.0,0.0,0.0,2.94727003774015,2.5073598579718808,2.0838083543071337,2.3739547874105376,3.834104704365892,5.402516375881675,5.647684292783671,5.240271188023576,0.0,0.0,0.0,0.0,0.0,0.0,138.42309486069104,222.02360107690637,154.41668146784124,0.0,0.0,0.0,0.0,0.0,0.0,0.0,0.0,0.0,4.614103162023034,7.400786702563546,5.147222715594708,0.0,0.0,0.0,0.0,0.0,0.0,0.0,0.0,0.0,0.11073847588855282,0.1776188808615251,0.123533345174273,0.0,0.0,0.0,,,,,,,,,,,,,0.0,0.0,0.0,0.0,0.0,0.0,0.0,0.0,0.0,0.385540155,0.2883335194032797,120.1389664180332,0.385540155,0.20053501072066407,83.55625446694337,0.385540155,0.0,0.0,0.385540155,0.0,0.0,0.385540155,0.0,0.0,3.007048541,18630624.1919413,,,,,,,,,,,,,,,,,0.0,0.0,0.0,0.0,0.0,0.0,0.0,0.0,0.0,0.0,0.0,0.0,0.012150846627928714,75282.40866493451,1.4037675343172826,8697254.144097086,0.008450873709860852,52358.6666577772,0.9763156851351306,6048911.540483944,0.0,0.0,0.0,0.0,0.0,0.0,0.0,0.0,0.0,0.0,0.0,0.0,0.012150846627928714,75282.40866493451,0.012150846627928714,203.69522088497658,1.038000669851807,2.7096117868515313
